,dataset,horizon,shaping_process,shaping_window,model,metric,value
2,ETTh1,720,ipmutual_info,501,GRU,rmse,0.6405921640832644
2,ETTh1,720,prollcov,1501,GRU,rmse,0.6353409398074121
2,ETTh1,720,prollcov,1251,GRU,rmse,0.6310967808106095
2,ETTh1,720,prollcorr,1501,GRU,rmse,0.5991876038633335
2,ETTh1,720,ipmutual_info,751,GRU,rmse,0.5980284437277701
2,ETTh1,720,iprollcorr,1251,LSTM,rmse,0.5848308268680008
2,ETTh1,720,pfarm,1251,GRU,rmse,0.5841930686938469
2,ETTh1,720,iprollcov,751,GRU,rmse,0.5822784867175972
2,ETTh1,720,iprollcov,1001,GRU,rmse,0.5818337116676146
2,ETTh1,720,pmutual_info,1001,GRU,rmse,0.5791126960276796
2,ETTh1,720,pfarm,751,GRU,rmse,0.5762235404117592
2,ETTh1,720,pfarm,501,GRU,rmse,0.574545712133709
2,ETTh1,720,iprollcov,501,GRU,rmse,0.5722827674958281
2,ETTh1,720,identity,N/A,GRU,rmse,0.5719112115523041
2,ETTh1,720,iprollcorr,1501,GRU,rmse,0.571365420436872
2,ETTh1,720,prollcov,751,GRU,rmse,0.568666781097476
2,ETTh1,720,pmutual_info,1251,LSTM,rmse,0.5652057741515202
2,ETTh1,720,prollcov,1001,GRU,rmse,0.564635310024577
2,ETTh1,720,iprollcov,1501,GRU,rmse,0.5628413941778907
2,ETTh1,720,prollcorr,1251,GRU,rmse,0.5622061184117043
2,ETTh1,720,iprollcorr,1001,GRU,rmse,0.5558437642857069
2,ETTh1,720,ipentropy,1001,GRU,rmse,0.5558060188382157
2,ETTh1,720,iprollcorr,751,LSTM,rmse,0.5520128715780026
2,ETTh1,720,identity,N/A,LSTM,rmse,0.5494930811476336
2,ETTh1,720,pentropy,501,GRU,rmse,0.5456820014510025
2,ETTh1,720,pfarm,1501,LSTM,rmse,0.5430138332008242
1,ETTh1,720,prollcov,1501,GRU,mae,0.5427164411147037
2,ETTh1,720,prollcov,1001,LSTM,rmse,0.5415133057397935
2,ETTh1,720,iprollcov,501,LSTM,rmse,0.5405758442407024
2,ETTh1,720,prollcorr,501,GRU,rmse,0.5404232875957011
2,ETTh1,720,iprollcorr,501,GRU,rmse,0.5404106676819952
2,ETTh1,720,iprollcov,1501,LSTM,rmse,0.5400139735301412
2,ETTh1,720,pentropy,1251,GRU,rmse,0.5399651498869186
1,ETTh1,720,ipmutual_info,501,GRU,mae,0.5388685112064419
2,ETTh1,720,pfarm,1001,GRU,rmse,0.5383185304902407
2,ETTh1,720,iprollcorr,1251,GRU,rmse,0.5382424417830908
2,ETTh1,720,pfarm,1501,GRU,rmse,0.5367691544559363
2,ETTh1,720,ipentropy,1501,GRU,rmse,0.535457750762858
2,ETTh1,720,iprollcov,1001,LSTM,rmse,0.5352908909637789
2,ETTh1,720,pentropy,751,LSTM,rmse,0.5342542395141473
2,ETTh1,720,pentropy,1001,LSTM,rmse,0.533623465602385
2,ETTh1,720,ipentropy,1501,LSTM,rmse,0.5331725428931456
2,ETTh1,720,ipentropy,751,LSTM,rmse,0.5324629636525647
2,ETTh1,720,iprollcov,1251,GRU,rmse,0.5301848369732725
2,ETTh1,720,ipentropy,1251,LSTM,rmse,0.5263852532534253
1,ETTh1,720,prollcov,1251,GRU,mae,0.5263778801418855
2,ETTh1,720,ipentropy,501,LSTM,rmse,0.525767661008763
2,ETTh1,720,iprollcorr,1001,LSTM,rmse,0.5253683158046226
2,ETTh1,720,prollcov,501,GRU,rmse,0.525186852966174
2,ETTh1,720,iprollcorr,1501,LSTM,rmse,0.5248294886234957
2,ETTh1,720,prollcov,1251,LSTM,rmse,0.5223209943657778
2,ETTh1,720,iprollcorr,501,LSTM,rmse,0.5204215701605024
2,ETTh1,720,pmutual_info,501,GRU,rmse,0.5198561957893576
2,ETTh1,720,ipentropy,1001,LSTM,rmse,0.5198483608661393
2,ETTh1,720,ipentropy,1251,GRU,rmse,0.5192098682461307
2,ETTh1,720,iprollcorr,751,GRU,rmse,0.5171712476108139
2,ETTh1,720,pfarm,1251,LSTM,rmse,0.5143401188223037
2,ETTh1,720,prollcorr,1501,LSTM,rmse,0.5139384293789596
2,ETTh1,720,pmutual_info,1501,LSTM,rmse,0.5121548404187802
2,ETTh1,720,ipmutual_info,1501,GRU,rmse,0.5119865851445894
2,ETTh1,720,pmutual_info,1501,GRU,rmse,0.5091705125718219
2,ETTh1,720,pentropy,1501,GRU,rmse,0.5091512629646252
2,ETTh1,720,prollcorr,751,LSTM,rmse,0.5075625075180078
2,ETTh1,720,prollcov,1501,LSTM,rmse,0.5069122395558336
2,ETTh1,720,prollcov,751,LSTM,rmse,0.5038804610274611
2,ETTh1,720,ipmutual_info,501,LSTM,rmse,0.5032465665283294
2,ETTh1,720,pentropy,1251,LSTM,rmse,0.5006640815803556
2,ETTh1,720,iprollcov,1251,LSTM,rmse,0.4996705875961362
2,ETTh1,720,prollcorr,1001,GRU,rmse,0.498425167689323
2,ETTh1,720,prollcorr,1001,LSTM,rmse,0.4971624641625171
1,ETTh1,720,pfarm,1251,GRU,mae,0.4960651649409386
2,ETTh1,720,prollcorr,1251,LSTM,rmse,0.4956105523380938
1,ETTh1,720,ipmutual_info,751,GRU,mae,0.4952272235092675
2,ETTh1,720,iprollcov,751,LSTM,rmse,0.4944725097544419
2,ETTh1,720,pentropy,501,LSTM,rmse,0.4942057786753877
2,ETTh1,720,prollcorr,751,GRU,rmse,0.4938060442321426
1,ETTh1,720,prollcorr,1501,GRU,mae,0.4933397184814777
2,ETTh1,720,ipmutual_info,1251,GRU,rmse,0.4933079360948186
2,ETTh1,720,ipentropy,751,GRU,rmse,0.4932578003444649
2,ETTh1,720,ipmutual_info,1501,LSTM,rmse,0.4927947724488207
2,ETTh1,720,pmutual_info,751,LSTM,rmse,0.4916466819231537
2,ETTh1,720,pmutual_info,751,GRU,rmse,0.4916080043790857
2,ETTh1,720,pmutual_info,1001,LSTM,rmse,0.4915451570799684
2,ETTh1,720,ipmutual_info,1001,GRU,rmse,0.491488301016433
1,ETTh1,720,iprollcov,1001,GRU,mae,0.4899979678983338
1,ETTh1,720,iprollcorr,1251,LSTM,mae,0.4897170714923884
2,ETTh1,720,ipentropy,501,GRU,rmse,0.4885682326545132
2,ETTh1,720,prollcorr,501,LSTM,rmse,0.4872640223823786
1,ETTh1,720,iprollcov,751,GRU,mae,0.4855564338426829
1,ETTh1,720,pfarm,501,GRU,mae,0.4852734506574448
2,ETTh1,720,pfarm,1001,LSTM,rmse,0.4839028605303129
2,ETTh1,720,pmutual_info,1251,GRU,rmse,0.4832470102564205
2,ETTh1,720,pentropy,1501,LSTM,rmse,0.4818838245769044
2,ETTh1,720,pentropy,751,GRU,rmse,0.4818256855116338
1,ETTh1,720,iprollcorr,1501,GRU,mae,0.4809308866029005
2,ETTh1,720,ipmutual_info,1251,LSTM,rmse,0.4801795015024784
2,ETTh1,720,ipmutual_info,751,LSTM,rmse,0.4798116163566098
2,ETTh1,720,pentropy,1001,GRU,rmse,0.4794814232960632
2,ETTh1,720,ipmutual_info,1001,LSTM,rmse,0.4777820946238673
1,ETTh1,720,pfarm,751,GRU,mae,0.4730906614371969
1,ETTh1,720,pmutual_info,1001,GRU,mae,0.4724424215438821
1,ETTh1,720,prollcov,751,GRU,mae,0.4708327516363361
1,ETTh1,720,pmutual_info,1251,LSTM,mae,0.4696858473229955
1,ETTh1,720,identity,N/A,GRU,mae,0.467259120288671
1,ETTh1,720,iprollcorr,1001,GRU,mae,0.4637149909869557
1,ETTh1,720,pfarm,1501,LSTM,mae,0.4634547724128311
1,ETTh1,720,iprollcov,1501,GRU,mae,0.4622603618246078
1,ETTh1,720,prollcov,1001,GRU,mae,0.4618262668246508
1,ETTh1,720,iprollcov,501,LSTM,mae,0.4615689468298665
1,ETTh1,720,iprollcorr,751,LSTM,mae,0.459253315173818
2,ETTh1,720,pfarm,501,LSTM,rmse,0.4588800079265876
1,ETTh1,720,iprollcov,501,GRU,mae,0.4547967286990128
1,ETTh1,720,prollcorr,501,GRU,mae,0.4542107746237324
1,ETTh1,720,identity,N/A,LSTM,mae,0.4536248949595582
1,ETTh1,720,ipentropy,751,LSTM,mae,0.4521404563276642
2,ETTh1,720,prollcov,501,LSTM,rmse,0.4512578370064797
1,ETTh1,720,prollcorr,1251,GRU,mae,0.451041274203995
1,ETTh1,720,iprollcov,1001,LSTM,mae,0.4508817725797439
1,ETTh1,720,iprollcorr,501,GRU,mae,0.4478221775680466
1,ETTh1,720,ipentropy,1501,LSTM,mae,0.447349088055527
2,ETTh1,720,pfarm,751,LSTM,rmse,0.4471965572259798
2,ETTh1,720,pmutual_info,501,LSTM,rmse,0.4466942817225469
1,ETTh1,720,iprollcov,1501,LSTM,mae,0.446541007952921
1,ETTh1,720,ipentropy,1001,GRU,mae,0.4462821752739674
1,ETTh1,720,prollcov,1001,LSTM,mae,0.4448711051429632
1,ETTh1,720,ipentropy,1251,LSTM,mae,0.4444098802161205
1,ETTh1,720,iprollcorr,1001,LSTM,mae,0.442239104960221
2,ETTh1,720,iprollcorr,1001,BiTCN,rmse,0.4420954136606132
1,ETTh1,720,iprollcorr,1251,GRU,mae,0.4418706187439312
1,ETTh1,720,iprollcorr,501,LSTM,mae,0.4405637070288598
1,ETTh1,720,pfarm,1001,GRU,mae,0.4399488135458145
1,ETTh1,720,iprollcorr,1501,LSTM,mae,0.4380895484845612
1,ETTh1,720,pfarm,1501,GRU,mae,0.4369687201112823
1,ETTh1,720,pentropy,501,GRU,mae,0.4364870634148671
2,ETTh1,720,pfarm,1001,BiTCN,rmse,0.4359806919277701
1,ETTh1,720,prollcov,1251,LSTM,mae,0.4358634056470776
1,ETTh1,720,pfarm,1251,LSTM,mae,0.4347436064284475
1,ETTh1,720,pentropy,1001,LSTM,mae,0.4344517583509906
2,ETTh1,720,ipentropy,1501,NBEATSx,rmse,0.4344474808995727
1,ETTh1,720,prollcov,501,GRU,mae,0.4335834534008105
1,ETTh1,720,pentropy,1251,GRU,mae,0.4328584237002903
1,ETTh1,720,iprollcov,1251,GRU,mae,0.4320945932093574
1,ETTh1,720,prollcorr,1501,LSTM,mae,0.4312828879301709
1,ETTh1,720,pentropy,751,LSTM,mae,0.4309264578583268
2,ETTh1,720,ipmutual_info,1501,BiTCN,rmse,0.4286684004732676
1,ETTh1,720,ipentropy,1501,GRU,mae,0.4285694559070931
1,ETTh1,720,pmutual_info,1501,LSTM,mae,0.428429283103546
2,ETTh1,720,pfarm,501,BiTCN,rmse,0.4268429286605154
1,ETTh1,720,ipentropy,1001,LSTM,mae,0.4265862995786048
2,ETTh1,720,pentropy,1501,BiTCN,rmse,0.4263399958058123
1,ETTh1,720,ipentropy,501,LSTM,mae,0.426298895717074
1,ETTh1,720,prollcov,1501,LSTM,mae,0.4255895514821809
1,ETTh1,720,prollcorr,751,LSTM,mae,0.4254115148957338
2,ETTh1,720,prollcov,1501,BiTCN,rmse,0.4240041119887792
1,ETTh1,720,prollcov,751,LSTM,mae,0.4222541983091924
2,ETTh1,720,pmutual_info,501,BiTCN,rmse,0.4217114067175652
1,ETTh1,720,ipmutual_info,1501,GRU,mae,0.4213133981514166
1,ETTh1,720,pmutual_info,501,GRU,mae,0.421167188177908
1,ETTh1,720,ipentropy,1251,GRU,mae,0.4206735036034559
1,ETTh1,720,iprollcov,1251,LSTM,mae,0.4195935056138986
1,ETTh1,720,iprollcorr,751,GRU,mae,0.418684515680452
2,ETTh1,720,iprollcov,1001,BiTCN,rmse,0.4166094148955473
1,ETTh1,720,prollcorr,1001,LSTM,mae,0.41566370975502
1,ETTh1,720,ipmutual_info,501,LSTM,mae,0.4139989732081411
1,ETTh1,720,prollcorr,1251,LSTM,mae,0.411353767441571
1,ETTh1,720,iprollcov,751,LSTM,mae,0.4113282439083197
2,ETTh1,720,pfarm,1251,BiTCN,rmse,0.4112416878056456
0,ETTh1,720,ipmutual_info,501,GRU,mse,0.4103583206848799
1,ETTh1,720,pentropy,1501,GRU,mae,0.4103299752623616
2,ETTh1,720,prollcov,751,BiTCN,rmse,0.4096918680861013
2,ETTh1,720,pentropy,501,NHITS,rmse,0.409176524223887
2,ETTh1,720,ipentropy,1251,BiTCN,rmse,0.4086423024873254
2,ETTh1,720,pmutual_info,751,BiTCN,rmse,0.4082224136685231
1,ETTh1,720,pentropy,1251,LSTM,mae,0.4078452499529914
1,ETTh1,720,prollcorr,501,LSTM,mae,0.4072118576796703
2,ETTh1,720,iprollcorr,1501,NBEATSx,rmse,0.4071293267594124
1,ETTh1,720,prollcorr,751,GRU,mae,0.406852080167664
1,ETTh1,720,ipmutual_info,1501,LSTM,mae,0.4060984319838007
2,ETTh1,720,pfarm,1501,BiTCN,rmse,0.4058355483086088
2,ETTh1,720,pmutual_info,1501,BiTCN,rmse,0.4054201125746411
1,ETTh1,720,prollcorr,1001,GRU,mae,0.4046401896291151
2,ETTh1,720,prollcorr,501,NHITS,rmse,0.4045109665387713
2,ETTh1,720,pentropy,751,NHITS,rmse,0.404360162404529
1,ETTh1,720,pfarm,1001,LSTM,mae,0.403736904474961
0,ETTh1,720,prollcov,1501,GRU,mse,0.4036581097953657
1,ETTh1,720,ipmutual_info,1001,GRU,mae,0.4032998242936889
2,ETTh1,720,iprollcov,1501,NBEATSx,rmse,0.4027725703509848
1,ETTh1,720,pentropy,501,LSTM,mae,0.4025183180676326
1,ETTh1,720,pmutual_info,1501,GRU,mae,0.4024132207461434
2,ETTh1,720,iprollcov,1251,BiTCN,rmse,0.4011773986715843
2,ETTh1,720,iprollcov,751,BiTCN,rmse,0.3989749573193476
2,ETTh1,720,ipmutual_info,1001,BiTCN,rmse,0.3988118457882082
1,ETTh1,720,pmutual_info,1001,LSTM,mae,0.39875163278921
2,ETTh1,720,prollcorr,751,NHITS,rmse,0.398751434540766
0,ETTh1,720,prollcov,1251,GRU,mse,0.3982831467495145
2,ETTh1,720,prollcov,501,NHITS,rmse,0.3981719469678479
1,ETTh1,720,ipmutual_info,1251,GRU,mae,0.3974514871987177
1,ETTh1,720,pentropy,1501,LSTM,mae,0.396131447845604
1,ETTh1,720,ipmutual_info,1001,LSTM,mae,0.3960144232098238
2,ETTh1,720,ipmutual_info,751,NHITS,rmse,0.3956863439537632
2,ETTh1,720,ipmutual_info,1251,NHITS,rmse,0.3951600768485738
2,ETTh1,720,ipmutual_info,501,BiTCN,rmse,0.3946354563949326
2,ETTh1,720,pfarm,751,NHITS,rmse,0.3940665051327134
2,ETTh1,720,ipmutual_info,501,NHITS,rmse,0.3940139416704356
2,ETTh1,720,prollcov,751,NHITS,rmse,0.3938936119192853
1,ETTh1,720,ipmutual_info,751,LSTM,mae,0.3937422401140184
2,ETTh1,720,prollcorr,1001,NHITS,rmse,0.3933450672952296
2,ETTh1,720,ipmutual_info,1001,NHITS,rmse,0.3932466114102791
1,ETTh1,720,pmutual_info,751,GRU,mae,0.3932451499765939
2,ETTh1,720,pfarm,501,NBEATSx,rmse,0.3926818206132799
2,ETTh1,720,ipmutual_info,1501,NHITS,rmse,0.3923280291921697
2,ETTh1,336,pentropy,1251,BiTCN,rmse,0.3919857580111685
2,ETTh1,720,prollcov,1501,NHITS,rmse,0.3919539652951342
2,ETTh1,720,pfarm,1001,NHITS,rmse,0.391615588533404
1,ETTh1,720,ipmutual_info,1251,LSTM,mae,0.3915403343802754
2,ETTh1,720,ipentropy,1251,NHITS,rmse,0.391285505835625
2,ETTh1,720,prollcorr,1501,NHITS,rmse,0.3906065823034179
2,ETTh1,720,pentropy,1001,NHITS,rmse,0.3905028190351826
2,ETTh1,720,iprollcorr,1251,NHITS,rmse,0.3904911610427663
2,ETTh1,720,pfarm,1251,NHITS,rmse,0.3904594940867686
2,ETTh1,720,prollcov,1251,NHITS,rmse,0.3904277153709999
2,ETTh1,720,iprollcov,1251,NHITS,rmse,0.3903459666256223
2,ETTh1,720,prollcov,751,NBEATSx,rmse,0.3902307767613951
1,ETTh1,720,ipentropy,501,GRU,mae,0.3900741011086905
2,ETTh1,720,iprollcorr,501,NHITS,rmse,0.3900735688226243
2,ETTh1,720,prollcov,1001,BiTCN,rmse,0.3897533702579647
1,ETTh1,720,ipentropy,751,GRU,mae,0.3897229800669925
2,ETTh1,720,pfarm,501,NHITS,rmse,0.3897005183481141
2,ETTh1,720,iprollcov,501,NHITS,rmse,0.3896832217525074
2,ETTh1,720,pentropy,1251,NHITS,rmse,0.3895630493051792
2,ETTh1,720,ipentropy,501,BiTCN,rmse,0.389199055818095
2,ETTh1,720,ipentropy,1501,BiTCN,rmse,0.3889913790131961
2,ETTh1,720,ipentropy,501,NHITS,rmse,0.3883269018292882
2,ETTh1,720,prollcorr,1251,NHITS,rmse,0.3882562897663829
2,ETTh1,720,iprollcorr,1501,NHITS,rmse,0.388235053676903
2,ETTh1,720,pfarm,1501,NHITS,rmse,0.3881740560791145
2,ETTh1,720,identity,N/A,NHITS,rmse,0.3881574976887028
2,ETTh1,720,pentropy,1001,BiTCN,rmse,0.3880630671596146
2,ETTh1,720,pmutual_info,751,NBEATSx,rmse,0.3880065141542396
2,ETTh1,720,prollcov,1001,NHITS,rmse,0.38788983199124
2,ETTh1,720,ipentropy,1501,NHITS,rmse,0.3878680873956267
2,ETTh1,720,ipentropy,1001,NHITS,rmse,0.3878327989810242
2,ETTh1,720,prollcov,1251,BiTCN,rmse,0.3873612658126963
2,ETTh1,720,pentropy,1501,NHITS,rmse,0.3869945486012069
1,ETTh1,720,pmutual_info,1251,GRU,mae,0.3867905999553526
2,ETTh1,720,ipentropy,751,NHITS,rmse,0.3861988209069202
2,ETTh1,720,iprollcov,1501,NHITS,rmse,0.3859093070781776
2,ETTh1,720,ipentropy,501,TFT,rmse,0.3853293436200737
2,ETTh1,720,iprollcov,501,BiTCN,rmse,0.3849606723054466
2,ETTh1,720,ipmutual_info,501,NBEATSx,rmse,0.384538717163287
2,ETTh1,720,pmutual_info,1001,NHITS,rmse,0.3834051755620759
2,ETTh1,720,iprollcov,751,NHITS,rmse,0.3827318356616823
2,ETTh1,720,pmutual_info,1501,NHITS,rmse,0.3827198731536033
2,ETTh1,720,ipmutual_info,751,NBEATSx,rmse,0.382266536778979
2,ETTh1,720,ipentropy,751,BiTCN,rmse,0.3819480242390944
2,ETTh1,720,prollcorr,1251,BiTCN,rmse,0.3818338587592232
2,ETTh1,720,iprollcorr,1001,NBEATSx,rmse,0.3818221381519918
2,ETTh1,720,pfarm,1501,NBEATSx,rmse,0.3815149152754671
2,ETTh1,720,iprollcorr,751,NHITS,rmse,0.3812869843722909
2,ETTh1,720,pmutual_info,1251,BiTCN,rmse,0.3811426117260019
1,ETTh1,720,pmutual_info,751,LSTM,mae,0.3808078064448311
2,ETTh1,720,pmutual_info,1251,NHITS,rmse,0.3805560080633349
2,ETTh1,720,iprollcov,1001,NHITS,rmse,0.379770589650159
2,ETTh1,720,iprollcov,1251,NBEATSx,rmse,0.3797551233698005
2,ETTh1,720,iprollcorr,1001,NHITS,rmse,0.3795400671071678
1,ETTh1,720,pentropy,1001,GRU,mae,0.379407101808407
2,ETTh1,720,prollcorr,1001,BiTCN,rmse,0.3793678655238228
2,ETTh1,720,iprollcorr,1501,BiTCN,rmse,0.3791301168460236
1,ETTh1,720,pentropy,751,GRU,mae,0.3778850340087331
2,ETTh1,720,pfarm,1251,NBEATSx,rmse,0.377691193432454
2,ETTh1,720,ipmutual_info,1501,NBEATSx,rmse,0.3773949681464149
2,ETTh1,720,pentropy,1251,BiTCN,rmse,0.3772041615000902
1,ETTh1,720,pfarm,501,LSTM,mae,0.376343134006408
2,ETTh1,720,pmutual_info,1501,NBEATSx,rmse,0.3758725970035768
2,ETTh1,720,pmutual_info,751,NHITS,rmse,0.3754166228873108
2,ETTh1,720,pentropy,501,NBEATSx,rmse,0.3747691859135638
2,ETTh1,720,prollcorr,1251,NBEATSx,rmse,0.373784288074289
2,ETTh1,720,pmutual_info,501,NHITS,rmse,0.3727520939511161
2,ETTh1,720,pmutual_info,501,NBEATSx,rmse,0.3723964596999902
2,ETTh1,720,iprollcorr,501,BiTCN,rmse,0.372151503671649
2,ETTh1,720,iprollcorr,1251,NBEATSx,rmse,0.3718467234654523
2,ETTh1,720,pmutual_info,1001,NBEATSx,rmse,0.3716957118737978
2,ETTh1,720,pfarm,1001,NBEATSx,rmse,0.3716499425177308
2,ETTh1,720,pmutual_info,1251,TFT,rmse,0.3706745963314583
2,ETTh1,720,iprollcov,501,NBEATSx,rmse,0.3706503965290485
2,ETTh1,720,ipmutual_info,751,BiTCN,rmse,0.3704501614673395
2,ETTh1,720,prollcorr,751,BiTCN,rmse,0.3704488276412738
2,ETTh1,720,iprollcorr,751,NBEATSx,rmse,0.369028919721944
2,ETTh1,720,pentropy,501,BiTCN,rmse,0.3690074063390768
2,ETTh1,720,pfarm,751,BiTCN,rmse,0.3689054922094386
2,ETTh1,720,iprollcov,1501,BiTCN,rmse,0.3677508735177976
2,ETTh1,720,identity,N/A,BiTCN,rmse,0.3677048783068208
2,ETTh1,720,pentropy,751,BiTCN,rmse,0.367679517908242
2,ETTh1,720,ipmutual_info,1001,NBEATSx,rmse,0.3664466340764032
2,ETTh1,720,pentropy,1251,NBEATSx,rmse,0.3664207152243303
2,ETTh1,720,prollcorr,1001,NBEATSx,rmse,0.3662872403027811
1,ETTh1,720,prollcov,501,LSTM,mae,0.3662818911908801
2,ETTh1,720,ipentropy,501,NBEATSx,rmse,0.3662583767806211
2,ETTh1,720,prollcorr,1501,NBEATSx,rmse,0.366083320017984
2,ETTh1,720,ipentropy,1001,BiTCN,rmse,0.3654105046105759
2,ETTh1,720,prollcov,1001,NBEATSx,rmse,0.3653508321925639
2,ETTh1,720,iprollcorr,1251,BiTCN,rmse,0.3653487965831219
2,ETTh1,720,ipmutual_info,1251,NBEATSx,rmse,0.3648761775774396
1,ETTh1,720,pfarm,751,LSTM,mae,0.3641246057362163
2,ETTh1,720,ipentropy,1001,NBEATSx,rmse,0.3641009062822863
2,ETTh1,720,pentropy,1501,NBEATSx,rmse,0.3637749681647295
2,ETTh1,720,iprollcorr,501,NBEATSx,rmse,0.362963464849303
3,ETTh1,720,prollcov,1501,GRU,mape,0.3628320249828722
2,ETTh1,720,prollcorr,501,BiTCN,rmse,0.3620799462874641
2,ETTh1,720,pmutual_info,1251,NBEATSx,rmse,0.3609093525733532
2,ETTh1,720,prollcorr,751,NBEATSx,rmse,0.360896112021961
2,ETTh1,720,pentropy,1001,TFT,rmse,0.3608672461685418
2,ETTh1,720,pentropy,751,NBEATSx,rmse,0.3607882842930355
2,ETTh1,720,ipmutual_info,1001,DeepNPTS,rmse,0.3605505664929041
2,ETTh1,720,iprollcorr,751,BiTCN,rmse,0.3605049934128392
2,ETTh1,720,prollcorr,501,NBEATSx,rmse,0.3603085871088177
2,ETTh1,720,ipentropy,751,NBEATSx,rmse,0.3602901034041716
2,ETTh1,720,ipmutual_info,501,DeepNPTS,rmse,0.3600727061801139
2,ETTh1,720,pentropy,1251,DeepNPTS,rmse,0.359943816601682
2,ETTh1,720,pfarm,751,DeepNPTS,rmse,0.3599164416227455
2,ETTh1,720,ipentropy,1251,NBEATSx,rmse,0.3595319804358603
2,ETTh1,720,pfarm,751,NBEATSx,rmse,0.3594471122189179
2,ETTh1,720,iprollcov,751,NBEATSx,rmse,0.3592729562677526
0,ETTh1,720,prollcorr,1501,GRU,mse,0.359025784623483
2,ETTh1,720,iprollcov,1501,TCN,rmse,0.3588876793391051
2,ETTh1,720,ipentropy,501,DeepNPTS,rmse,0.3586991917522234
2,ETTh1,720,prollcov,501,BiTCN,rmse,0.3586165010621587
2,ETTh1,720,prollcorr,1251,DeepNPTS,rmse,0.3585306508712189
3,ETTh1,720,ipmutual_info,501,GRU,mape,0.3584948801249479
2,ETTh1,720,prollcorr,1501,BiTCN,rmse,0.3582448462965129
2,ETTh1,720,pmutual_info,1251,DeepNPTS,rmse,0.358243642718869
2,ETTh1,720,prollcov,501,NBEATSx,rmse,0.3580798060827886
2,ETTh1,192,pmutual_info,1251,TSMixerx,rmse,0.3579950995631841
2,ETTh1,720,pentropy,1001,NBEATSx,rmse,0.3579038722607816
2,ETTh1,720,pentropy,1501,DeepNPTS,rmse,0.3577906991380989
0,ETTh1,720,ipmutual_info,751,GRU,mse,0.3576380195074587
2,ETTh1,720,identity,N/A,NBEATSx,rmse,0.3575759033728838
2,ETTh1,336,prollcorr,1001,MLP,rmse,0.3567749801062115
1,ETTh1,720,pmutual_info,501,LSTM,mae,0.3567045677265595
2,ETTh1,720,prollcov,1251,NBEATSx,rmse,0.3565175710542516
2,ETTh1,720,iprollcorr,1501,DeepNPTS,rmse,0.3562968077972684
2,ETTh1,336,prollcorr,1251,NHITS,rmse,0.3561256952879528
2,ETTh1,720,prollcov,1501,NBEATSx,rmse,0.3559743073937899
2,ETTh1,720,iprollcov,1501,DeepNPTS,rmse,0.3557778430408322
2,ETTh1,720,pfarm,1001,DeepNPTS,rmse,0.3556897152612736
2,ETTh1,336,prollcorr,1251,BiTCN,rmse,0.3556240691775046
2,ETTh1,720,ipentropy,1251,TFT,rmse,0.3556086716759277
2,ETTh1,336,pmutual_info,751,MLP,rmse,0.3553663680972471
2,ETTh1,720,ipmutual_info,1501,DeepNPTS,rmse,0.3553570206234701
2,ETTh1,336,iprollcorr,1251,BiTCN,rmse,0.355043433497782
2,ETTh1,720,prollcorr,1501,DeepNPTS,rmse,0.3546558004615268
2,ETTh1,720,pmutual_info,1501,DeepNPTS,rmse,0.3545728695903557
2,ETTh1,720,iprollcorr,1251,TFT,rmse,0.3545668012064306
2,ETTh1,720,ipentropy,1251,DeepNPTS,rmse,0.3545104775714275
2,ETTh1,720,pfarm,1501,DeepNPTS,rmse,0.3544068705839861
2,ETTh1,720,prollcov,1501,DeepNPTS,rmse,0.354333272589486
2,ETTh1,720,prollcorr,1001,DeepNPTS,rmse,0.3542839303438117
3,ETTh1,720,prollcov,1251,GRU,mape,0.3541641082320237
2,ETTh1,336,prollcorr,1001,NHITS,rmse,0.3541286588520377
2,ETTh1,720,prollcov,751,DeepNPTS,rmse,0.3540138074647718
2,ETTh1,720,iprollcorr,751,DeepNPTS,rmse,0.3540074516330119
2,ETTh1,336,pentropy,501,MLP,rmse,0.3537637741815124
2,ETTh1,336,iprollcorr,1501,NHITS,rmse,0.3535634908065854
2,ETTh1,720,ipmutual_info,1251,DeepNPTS,rmse,0.3532616915938454
2,ETTh1,720,pmutual_info,501,DeepNPTS,rmse,0.3532050747480495
2,ETTh1,720,prollcov,1001,DeepNPTS,rmse,0.3530921955088402
2,ETTh1,720,ipentropy,1501,DeepNPTS,rmse,0.3530813382704052
2,ETTh1,720,pfarm,501,DeepNPTS,rmse,0.3529164869385129
2,ETTh1,720,pmutual_info,751,DeepNPTS,rmse,0.3528211652747963
2,ETTh1,336,prollcov,1001,NHITS,rmse,0.352376369465907
2,ETTh1,720,iprollcov,1001,NBEATSx,rmse,0.3521492213006382
2,ETTh1,720,ipentropy,1001,DeepNPTS,rmse,0.3519038548145666
2,ETTh1,720,iprollcov,1251,DeepNPTS,rmse,0.3518964425429227
2,ETTh1,720,iprollcorr,501,DeepNPTS,rmse,0.3518755451275733
2,ETTh1,720,identity,N/A,DeepNPTS,rmse,0.3518139621827342
2,ETTh1,720,iprollcov,751,DeepNPTS,rmse,0.3517961521160503
2,ETTh1,336,pfarm,1251,BiTCN,rmse,0.3516328411541522
2,ETTh1,720,pfarm,1251,DeepNPTS,rmse,0.3514773239563954
2,ETTh1,720,prollcorr,751,DeepNPTS,rmse,0.3513465520078402
2,ETTh1,720,ipentropy,751,DeepNPTS,rmse,0.3511034776917027
2,ETTh1,336,iprollcov,1501,NHITS,rmse,0.3509381981251112
2,ETTh1,336,pmutual_info,1001,NHITS,rmse,0.3507893590486627
2,ETTh1,336,prollcov,501,NHITS,rmse,0.3507178353330992
2,ETTh1,336,iprollcorr,501,BiTCN,rmse,0.3506877451524653
2,ETTh1,720,prollcorr,501,DeepNPTS,rmse,0.3505925329217222
2,ETTh1,336,prollcov,501,BiTCN,rmse,0.3505464660115185
2,ETTh1,336,ipentropy,751,BiTCN,rmse,0.3502530029383065
2,ETTh1,336,ipentropy,1501,NHITS,rmse,0.3501881342099334
2,ETTh1,336,prollcov,751,NHITS,rmse,0.3501692680743362
2,ETTh1,720,iprollcorr,1001,DeepNPTS,rmse,0.3500981903456522
1,ETTh1,720,iprollcorr,1001,BiTCN,mae,0.3500165406841271
2,ETTh1,336,identity,N/A,BiTCN,rmse,0.3498452407643106
2,ETTh1,720,pmutual_info,1001,DeepNPTS,rmse,0.3497859775131798
2,ETTh1,336,ipmutual_info,751,BiTCN,rmse,0.3497857358157024
2,ETTh1,336,prollcorr,751,NHITS,rmse,0.3495834656471536
2,ETTh1,720,pentropy,751,DeepNPTS,rmse,0.3494843495259939
2,ETTh1,336,iprollcorr,501,NHITS,rmse,0.3494536394177306
2,ETTh1,336,prollcorr,501,NHITS,rmse,0.3494348206304242
2,ETTh1,336,iprollcorr,751,BiTCN,rmse,0.349428842230968
2,ETTh1,720,ipmutual_info,751,DeepNPTS,rmse,0.3493797842931343
2,ETTh1,336,prollcorr,1501,NHITS,rmse,0.3491984353744992
2,ETTh1,336,iprollcov,501,NHITS,rmse,0.3491471389057584
2,ETTh1,336,ipentropy,1251,BiTCN,rmse,0.3491400658727879
2,ETTh1,720,iprollcov,1001,TCN,rmse,0.349129845556068
2,ETTh1,336,ipmutual_info,1501,BiTCN,rmse,0.3488957335458768
2,ETTh1,720,prollcov,501,DeepNPTS,rmse,0.3487439398743345
2,ETTh1,720,prollcov,1251,DeepNPTS,rmse,0.3487393060652078
2,ETTh1,336,prollcorr,501,BiTCN,rmse,0.3486354862603339
2,ETTh1,336,ipentropy,1251,NHITS,rmse,0.3485179564541288
2,ETTh1,720,iprollcorr,1251,DeepNPTS,rmse,0.3485177240759374
2,ETTh1,336,pfarm,1251,NHITS,rmse,0.3483901536777476
2,ETTh1,336,ipentropy,1501,BiTCN,rmse,0.3483230235778837
2,ETTh1,336,ipmutual_info,1501,TFT,rmse,0.348310602293212
2,ETTh1,720,iprollcov,501,DeepNPTS,rmse,0.3481878438721234
2,ETTh1,336,prollcov,1251,NHITS,rmse,0.3481644244871337
2,ETTh1,336,ipentropy,1001,NHITS,rmse,0.3481435488809036
2,ETTh1,336,ipmutual_info,1001,NHITS,rmse,0.3480958860458635
2,ETTh1,336,pmutual_info,1501,BiTCN,rmse,0.348021966144808
2,ETTh1,720,iprollcov,1001,DeepNPTS,rmse,0.3479489356712332
2,ETTh1,720,pmutual_info,1001,BiTCN,rmse,0.3478752031371728
2,ETTh1,336,pmutual_info,1001,BiTCN,rmse,0.3478168662790243
2,ETTh1,336,iprollcov,501,BiTCN,rmse,0.347526018682294
2,ETTh1,336,iprollcorr,751,TFT,rmse,0.3474855149256013
2,ETTh1,336,iprollcov,1251,BiTCN,rmse,0.3474666633362421
2,ETTh1,336,ipentropy,501,NHITS,rmse,0.3473953270324795
2,ETTh1,336,pmutual_info,751,NHITS,rmse,0.3473817274471925
2,ETTh1,336,iprollcov,1001,MLP,rmse,0.3473725612083142
2,ETTh1,336,pfarm,751,NHITS,rmse,0.3473391644874991
2,ETTh1,336,iprollcov,1001,BiTCN,rmse,0.3471377271392715
2,ETTh1,336,iprollcorr,1251,NHITS,rmse,0.3471331219582106
2,ETTh1,720,pentropy,501,DeepNPTS,rmse,0.3470352900792597
2,ETTh1,336,iprollcov,1251,NHITS,rmse,0.3470217143090042
2,ETTh1,336,pmutual_info,1251,NHITS,rmse,0.3470101145904225
2,ETTh1,720,pentropy,1001,DeepNPTS,rmse,0.3468938444397455
2,ETTh1,336,prollcov,1501,NHITS,rmse,0.3468738350123985
2,ETTh1,336,ipentropy,751,NHITS,rmse,0.3467441574791683
2,ETTh1,720,prollcov,1001,TCN,rmse,0.3465780623485063
2,ETTh1,336,iprollcov,1501,BiTCN,rmse,0.3464779692282013
2,ETTh1,336,iprollcov,751,TFT,rmse,0.3464070409190479
2,ETTh1,336,ipmutual_info,1001,BiTCN,rmse,0.346387294822991
2,ETTh1,336,ipmutual_info,501,NHITS,rmse,0.3461333916343896
2,ETTh1,336,pfarm,1501,NHITS,rmse,0.3460924676721387
2,ETTh1,336,pentropy,501,NHITS,rmse,0.3458746266220422
2,ETTh1,336,prollcorr,751,TFT,rmse,0.3458377146590938
2,ETTh1,336,pentropy,1251,NHITS,rmse,0.3458056453172644
1,ETTh1,720,pfarm,1001,BiTCN,mae,0.3455940641205997
2,ETTh1,336,pfarm,1001,NHITS,rmse,0.3455403779736872
2,ETTh1,720,ipmutual_info,1001,TFT,rmse,0.3453669682485954
2,ETTh1,336,identity,N/A,NHITS,rmse,0.3453255638766346
2,ETTh1,336,pmutual_info,501,NHITS,rmse,0.3444185606440671
2,ETTh1,336,pentropy,1001,NHITS,rmse,0.3443821669230936
2,ETTh1,336,ipentropy,1001,BiTCN,rmse,0.3443450172209304
2,ETTh1,336,pentropy,1501,NHITS,rmse,0.344344893805017
2,ETTh1,336,pentropy,501,BiTCN,rmse,0.344070975424183
2,ETTh1,336,pentropy,751,NHITS,rmse,0.3440170795694117
2,ETTh1,336,ipmutual_info,501,TCN,rmse,0.3439379458667372
2,ETTh1,336,ipmutual_info,1251,NHITS,rmse,0.3438909739274325
2,ETTh1,336,pentropy,1001,BiTCN,rmse,0.3437571437728715
2,ETTh1,720,pmutual_info,1501,TFT,rmse,0.3435407445082005
2,ETTh1,720,prollcov,751,TSMixerx,rmse,0.343528781268881
2,ETTh1,336,prollcov,1501,BiTCN,rmse,0.3433059368552988
2,ETTh1,336,iprollcorr,751,NHITS,rmse,0.3432208262685229
2,ETTh1,720,prollcorr,1501,TSMixerx,rmse,0.3431782626042599
2,ETTh1,336,ipmutual_info,751,NHITS,rmse,0.3431150384500197
2,ETTh1,336,iprollcov,751,TCN,rmse,0.3430323127990899
2,ETTh1,336,iprollcov,751,NHITS,rmse,0.3427805319893701
2,ETTh1,336,iprollcov,1001,NHITS,rmse,0.3427490205790794
2,ETTh1,336,prollcorr,1251,TCN,rmse,0.3427249873649366
2,ETTh1,336,iprollcorr,501,TCN,rmse,0.3424547702201679
2,ETTh1,336,pfarm,501,NHITS,rmse,0.3422930104805726
2,ETTh1,336,iprollcorr,1001,NHITS,rmse,0.3421829523493763
0,ETTh1,720,iprollcorr,1251,LSTM,mse,0.3420270960551095
2,ETTh1,720,prollcov,751,TCN,rmse,0.3419902996702008
2,ETTh1,336,pmutual_info,1501,NHITS,rmse,0.3417576820270419
2,ETTh1,336,pmutual_info,501,TCN,rmse,0.3416065871449061
2,ETTh1,336,ipmutual_info,751,TCN,rmse,0.3414731785018854
2,ETTh1,720,ipmutual_info,1251,TCN,rmse,0.3414260152982564
2,ETTh1,336,pmutual_info,751,NBEATSx,rmse,0.3413758217717881
0,ETTh1,720,pfarm,1251,GRU,mse,0.3412815415099337
2,ETTh1,720,pentropy,1251,TCN,rmse,0.3412754713780456
2,ETTh1,336,iprollcov,751,MLP,rmse,0.3412631892648044
2,ETTh1,336,ipentropy,1001,TCN,rmse,0.3412515800109865
2,ETTh1,336,pfarm,501,MLP,rmse,0.3412370526493339
2,ETTh1,720,ipmutual_info,1251,BiTCN,rmse,0.3412285334365729
2,ETTh1,336,iprollcov,501,TCN,rmse,0.3412281072283167
2,ETTh1,720,iprollcov,1251,TSMixerx,rmse,0.3410590289318484
2,ETTh1,336,iprollcorr,1001,TCN,rmse,0.3410348423570288
2,ETTh1,720,pfarm,751,TCN,rmse,0.3410223871094864
2,ETTh1,336,ipentropy,501,TCN,rmse,0.3409223315939745
2,ETTh1,336,iprollcorr,1501,TCN,rmse,0.3408461941019258
2,ETTh1,336,pfarm,1251,TFT,rmse,0.3407972301865121
2,ETTh1,336,prollcov,501,TCN,rmse,0.3407477310095444
2,ETTh1,336,identity,N/A,TCN,rmse,0.3405328899415251
2,ETTh1,336,pentropy,751,TCN,rmse,0.3405082118432911
2,ETTh1,720,iprollcov,1251,TFT,rmse,0.3404702545321096
2,ETTh1,336,ipmutual_info,1501,NHITS,rmse,0.3404521131000646
2,ETTh1,720,iprollcorr,1501,TCN,rmse,0.3404078959301852
2,ETTh1,336,prollcorr,501,TCN,rmse,0.3403633582922802
2,ETTh1,336,iprollcorr,1001,TFT,rmse,0.3403265977060921
2,ETTh1,336,pmutual_info,501,MLP,rmse,0.3402339009247543
2,ETTh1,336,iprollcov,1251,TCN,rmse,0.3402197592075949
2,ETTh1,336,pmutual_info,1251,TCN,rmse,0.3401902749411663
2,ETTh1,336,pentropy,1501,TCN,rmse,0.3400754728419383
2,ETTh1,336,prollcov,751,TCN,rmse,0.3400447711607249
2,ETTh1,336,prollcorr,1251,NBEATSx,rmse,0.3399260107633698
2,ETTh1,336,iprollcorr,751,MLP,rmse,0.3399172279096161
2,ETTh1,336,prollcorr,1251,MLP,rmse,0.3398754332411132
2,ETTh1,336,iprollcov,751,BiTCN,rmse,0.3398717527928723
2,ETTh1,336,ipmutual_info,501,NBEATSx,rmse,0.3398086503997217
2,ETTh1,336,iprollcorr,751,TCN,rmse,0.3397810142884167
2,ETTh1,336,pfarm,1251,TCN,rmse,0.3397605778300678
2,ETTh1,336,pfarm,501,TCN,rmse,0.3397232115831753
2,ETTh1,336,iprollcorr,1251,TCN,rmse,0.3396853663550456
2,ETTh1,336,prollcorr,751,NBEATSx,rmse,0.3396567474463187
2,ETTh1,336,ipmutual_info,1501,TCN,rmse,0.3395673328656252
2,ETTh1,336,ipmutual_info,1251,TFT,rmse,0.3395455739271268
2,ETTh1,336,prollcorr,1501,TCN,rmse,0.3395249482524465
2,ETTh1,336,prollcov,1251,TCN,rmse,0.3394984761707081
2,ETTh1,336,pfarm,1001,TCN,rmse,0.3394217466710588
2,ETTh1,720,ipmutual_info,751,TCN,rmse,0.3394065969020512
2,ETTh1,192,prollcorr,1501,LSTM,rmse,0.3392006013214579
2,ETTh1,336,prollcov,501,NBEATSx,rmse,0.3391963875080938
2,ETTh1,336,prollcov,751,NBEATSx,rmse,0.3391947367243585
2,ETTh1,720,prollcorr,1501,TCN,rmse,0.3391507106128015
1,ETTh1,720,ipmutual_info,1501,BiTCN,mae,0.3391314218739046
2,ETTh1,336,prollcov,1251,TFT,rmse,0.3390977143148729
2,ETTh1,336,pmutual_info,1001,MLP,rmse,0.3390725053215566
0,ETTh1,720,iprollcov,751,GRU,mse,0.339048236094135
2,ETTh1,336,pmutual_info,751,TCN,rmse,0.3390351864843329
2,ETTh1,336,pmutual_info,501,NBEATSx,rmse,0.339031023926424
2,ETTh1,336,pentropy,751,NBEATSx,rmse,0.3390149900828353
2,ETTh1,720,pfarm,1001,TCN,rmse,0.3389511480623392
2,ETTh1,720,prollcorr,501,TCN,rmse,0.3388720713869317
2,ETTh1,336,prollcov,1001,TCN,rmse,0.3388430554835515
2,ETTh1,336,ipmutual_info,1001,NBEATSx,rmse,0.3388377906744491
2,ETTh1,720,pfarm,501,TCN,rmse,0.3387597421164389
2,ETTh1,336,prollcov,751,TSMixerx,rmse,0.3387472878762124
2,ETTh1,336,pentropy,1501,TSMixerx,rmse,0.3387357416007925
2,ETTh1,336,pentropy,1001,TCN,rmse,0.3387350633420428
2,ETTh1,336,pfarm,501,TSMixerx,rmse,0.3387305126831787
2,ETTh1,336,iprollcov,1251,TSMixerx,rmse,0.3387243812772992
2,ETTh1,336,ipmutual_info,501,TSMixerx,rmse,0.3387195652052181
2,ETTh1,336,ipentropy,751,TSMixerx,rmse,0.3387061049500817
2,ETTh1,336,pmutual_info,751,TSMixerx,rmse,0.3387056258001914
2,ETTh1,336,iprollcov,1501,TSMixerx,rmse,0.3387052055366246
2,ETTh1,336,iprollcorr,1501,TSMixerx,rmse,0.3387013253521538
2,ETTh1,336,prollcorr,1001,TSMixerx,rmse,0.3387010749389383
2,ETTh1,336,ipmutual_info,1501,TSMixerx,rmse,0.3386961323390893
2,ETTh1,336,pmutual_info,1001,TSMixerx,rmse,0.3386948383918316
2,ETTh1,720,ipmutual_info,751,TSMixerx,rmse,0.3386896172039378
2,ETTh1,336,pmutual_info,1251,TSMixerx,rmse,0.3386844815010024
2,ETTh1,336,pentropy,751,TSMixerx,rmse,0.3386835646467721
2,ETTh1,336,ipentropy,1501,TCN,rmse,0.3386812933895208
2,ETTh1,336,iprollcorr,1251,TSMixerx,rmse,0.3386671949008573
2,ETTh1,336,ipentropy,1501,TSMixerx,rmse,0.3386615755457899
2,ETTh1,336,pentropy,501,TSMixerx,rmse,0.338639961915787
2,ETTh1,336,iprollcorr,1001,TSMixerx,rmse,0.3386395192114423
2,ETTh1,336,prollcov,1001,TSMixerx,rmse,0.3386371454806757
2,ETTh1,336,ipentropy,1001,TSMixerx,rmse,0.3386020304263632
2,ETTh1,336,pmutual_info,501,TSMixerx,rmse,0.3385978455122269
2,ETTh1,336,pentropy,1251,NBEATSx,rmse,0.3385779935635307
2,ETTh1,336,ipentropy,501,TSMixerx,rmse,0.3385662742177957
0,ETTh1,720,iprollcov,1001,GRU,mse,0.3385304680329128
2,ETTh1,336,iprollcorr,501,TSMixerx,rmse,0.3385252374014755
2,ETTh1,720,pmutual_info,751,TCN,rmse,0.3385143128360238
2,ETTh1,336,prollcov,1501,TSMixerx,rmse,0.3385100647488311
2,ETTh1,336,prollcov,1501,TCN,rmse,0.3385023217940242
2,ETTh1,336,prollcorr,751,TSMixerx,rmse,0.3385007736658721
2,ETTh1,336,pentropy,1501,NBEATSx,rmse,0.3385003079817367
2,ETTh1,336,prollcov,1251,TSMixerx,rmse,0.3384988828106202
2,ETTh1,336,ipentropy,1251,TCN,rmse,0.3384882757282831
2,ETTh1,336,prollcorr,501,TSMixerx,rmse,0.3384764822142945
2,ETTh1,336,pfarm,1501,TSMixerx,rmse,0.3384709974443236
2,ETTh1,336,pfarm,1001,TSMixerx,rmse,0.3384639577448335
2,ETTh1,336,iprollcov,501,TSMixerx,rmse,0.338462536294585
2,ETTh1,336,ipmutual_info,1001,TCN,rmse,0.3384345360143509
2,ETTh1,336,ipmutual_info,751,TSMixerx,rmse,0.3384285342573421
2,ETTh1,336,iprollcov,1501,TCN,rmse,0.3384207628241508
2,ETTh1,336,pfarm,1501,TCN,rmse,0.3384134386480947
2,ETTh1,336,ipmutual_info,1001,TSMixerx,rmse,0.3384107193952714
2,ETTh1,336,pfarm,1251,TSMixerx,rmse,0.338408465241332
2,ETTh1,336,iprollcorr,751,TSMixerx,rmse,0.3384069295387074
2,ETTh1,336,iprollcov,1001,TSMixerx,rmse,0.3384065638343651
2,ETTh1,336,prollcorr,1501,TSMixerx,rmse,0.3383994741511906
2,ETTh1,336,iprollcov,751,TSMixerx,rmse,0.3383948757287831
2,ETTh1,336,ipmutual_info,1251,TCN,rmse,0.3383770041341123
2,ETTh1,720,ipentropy,751,TCN,rmse,0.3383688223793029
2,ETTh1,336,prollcov,501,TSMixerx,rmse,0.3383678690056083
2,ETTh1,336,ipentropy,751,TCN,rmse,0.3383498609064501
2,ETTh1,720,prollcov,1001,TSMixerx,rmse,0.3383472322334666
2,ETTh1,336,pentropy,501,TCN,rmse,0.3383408709305215
2,ETTh1,336,prollcorr,751,TCN,rmse,0.3383370050305808
2,ETTh1,336,pentropy,1251,TCN,rmse,0.3382872487760075
2,ETTh1,336,pfarm,1251,NBEATSx,rmse,0.3382745146038021
2,ETTh1,336,pfarm,751,TCN,rmse,0.3382733052967179
2,ETTh1,336,pentropy,1001,TSMixerx,rmse,0.3382512378507865
2,ETTh1,336,pmutual_info,1501,TSMixerx,rmse,0.3382404198614439
2,ETTh1,336,iprollcov,1001,TCN,rmse,0.3382314528493921
2,ETTh1,720,ipentropy,1251,TCN,rmse,0.3382223600833643
2,ETTh1,336,prollcov,1251,NBEATSx,rmse,0.3382159864899186
2,ETTh1,336,prollcorr,1001,TCN,rmse,0.3382111701280162
2,ETTh1,336,pentropy,501,NBEATSx,rmse,0.3381802345660026
2,ETTh1,336,pentropy,1251,TSMixerx,rmse,0.3381641510318098
2,ETTh1,720,prollcov,1501,TCN,rmse,0.3381366169184333
2,ETTh1,336,ipmutual_info,1251,TSMixerx,rmse,0.3381292356269357
2,ETTh1,336,pmutual_info,1001,TCN,rmse,0.3381281963426356
2,ETTh1,336,iprollcorr,1501,NBEATSx,rmse,0.3380913053852722
2,ETTh1,720,ipentropy,1001,TSMixerx,rmse,0.3380874668425511
2,ETTh1,336,pfarm,751,TSMixerx,rmse,0.3380849173642443
2,ETTh1,336,ipentropy,1251,TSMixerx,rmse,0.3380802999881951
2,ETTh1,336,prollcorr,1251,TSMixerx,rmse,0.338058104202904
2,ETTh1,336,identity,N/A,TSMixerx,rmse,0.338042642751303
2,ETTh1,720,prollcorr,1001,TCN,rmse,0.3377999872196138
2,ETTh1,336,ipmutual_info,751,NBEATSx,rmse,0.3377595910422292
2,ETTh1,336,ipmutual_info,1501,NBEATSx,rmse,0.3376312265658758
2,ETTh1,720,iprollcov,501,TCN,rmse,0.3375256040777918
2,ETTh1,720,prollcov,501,TCN,rmse,0.3374560275380928
2,ETTh1,720,pmutual_info,1251,TSMixerx,rmse,0.3374507457893554
2,ETTh1,336,pfarm,1001,NBEATSx,rmse,0.3374141049898733
2,ETTh1,336,iprollcov,1001,NBEATSx,rmse,0.3373405337587436
2,ETTh1,336,prollcorr,1501,NBEATSx,rmse,0.3372659300619823
2,ETTh1,336,ipentropy,1251,MLP,rmse,0.3372421897150993
2,ETTh1,336,pfarm,751,NBEATSx,rmse,0.3372181613306785
2,ETTh1,720,prollcov,1251,TCN,rmse,0.33711879591603
2,ETTh1,336,pmutual_info,1001,NBEATSx,rmse,0.3370804572454717
2,ETTh1,336,ipentropy,1501,NBEATSx,rmse,0.3370265237580855
2,ETTh1,336,prollcorr,501,TFT,rmse,0.3370093148539924
2,ETTh1,336,prollcov,1251,MLP,rmse,0.3370053219486844
2,ETTh1,720,iprollcorr,751,TCN,rmse,0.3368898930880937
2,ETTh1,336,prollcov,1001,NBEATSx,rmse,0.3368262312701258
2,ETTh1,720,prollcorr,1251,TCN,rmse,0.3368216332395149
2,ETTh1,336,iprollcorr,1001,NBEATSx,rmse,0.3367818892475238
2,ETTh1,336,ipentropy,1251,NBEATSx,rmse,0.3367401251908641
2,ETTh1,336,pentropy,1001,TFT,rmse,0.336677310725137
2,ETTh1,720,pmutual_info,1251,TCN,rmse,0.3366675986981277
2,ETTh1,336,ipmutual_info,501,BiTCN,rmse,0.3366653945885933
2,ETTh1,720,iprollcov,751,TCN,rmse,0.3366617405263615
2,ETTh1,720,iprollcov,501,TSMixerx,rmse,0.3366557890698003
2,ETTh1,720,iprollcorr,501,TCN,rmse,0.3366453347890083
2,ETTh1,720,ipentropy,1501,TCN,rmse,0.3366295736117708
2,ETTh1,336,pmutual_info,1501,TFT,rmse,0.336611648938611
2,ETTh1,336,pfarm,1501,NBEATSx,rmse,0.3366087375829392
2,ETTh1,336,ipmutual_info,751,TFT,rmse,0.3366084424949067
2,ETTh1,336,pentropy,1501,MLP,rmse,0.3365955489701029
2,ETTh1,336,iprollcov,1501,NBEATSx,rmse,0.3365891722512598
2,ETTh1,336,pfarm,751,MLP,rmse,0.336520453791374
2,ETTh1,336,identity,N/A,NBEATSx,rmse,0.3365107326740251
2,ETTh1,336,pmutual_info,1251,NBEATSx,rmse,0.3365054483296069
2,ETTh1,336,pfarm,751,BiTCN,rmse,0.336493396060961
2,ETTh1,336,pmutual_info,1251,BiTCN,rmse,0.3364700292140798
2,ETTh1,720,pentropy,1001,TSMixerx,rmse,0.3363764388485982
2,ETTh1,720,pentropy,1501,TCN,rmse,0.3362987573578212
2,ETTh1,336,iprollcorr,1501,MLP,rmse,0.336210333860618
2,ETTh1,720,ipentropy,1001,TCN,rmse,0.3361915759011368
2,ETTh1,720,ipentropy,501,TCN,rmse,0.3361675271678002
2,ETTh1,336,iprollcorr,1251,MLP,rmse,0.3361561508682196
2,ETTh1,336,iprollcorr,1251,NBEATSx,rmse,0.3361271986554139
2,ETTh1,336,prollcov,1001,MLP,rmse,0.3361229276315211
2,ETTh1,336,iprollcov,1251,NBEATSx,rmse,0.3361074897790029
2,ETTh1,720,ipentropy,751,TSMixerx,rmse,0.3360443975152808
2,ETTh1,336,iprollcorr,501,NBEATSx,rmse,0.3360405454841237
2,ETTh1,336,iprollcov,1501,MLP,rmse,0.3360164280638992
1,ETTh1,720,ipentropy,1501,NBEATSx,mae,0.3360155901481981
2,ETTh1,336,pentropy,751,MLP,rmse,0.3358876235293948
2,ETTh1,336,pentropy,1251,MLP,rmse,0.3358782243629268
2,ETTh1,336,pfarm,501,TFT,rmse,0.3358758231190633
2,ETTh1,336,iprollcov,501,NBEATSx,rmse,0.3358700942760002
2,ETTh1,720,prollcorr,751,TCN,rmse,0.3358570423628682
2,ETTh1,720,iprollcov,1251,TCN,rmse,0.3358488617234366
2,ETTh1,336,ipmutual_info,751,MLP,rmse,0.3357702531146183
2,ETTh1,720,prollcov,501,TFT,rmse,0.3357530716155962
2,ETTh1,336,prollcov,1501,MLP,rmse,0.3357068118990597
2,ETTh1,720,ipentropy,1501,TSMixerx,rmse,0.3357066607067106
2,ETTh1,336,iprollcov,1251,MLP,rmse,0.3357032472730722
2,ETTh1,336,iprollcorr,1001,BiTCN,rmse,0.335692094855173
2,ETTh1,336,prollcorr,501,NBEATSx,rmse,0.3356664078995494
2,ETTh1,336,prollcov,751,MLP,rmse,0.3356634853633027
2,ETTh1,720,iprollcorr,1001,TSMixerx,rmse,0.3355597952747758
2,ETTh1,336,ipentropy,751,MLP,rmse,0.3354895986676845
2,ETTh1,720,ipmutual_info,501,TCN,rmse,0.3354575809425857
2,ETTh1,720,ipentropy,1501,TFT,rmse,0.3354353838657365
2,ETTh1,720,iprollcorr,1251,TSMixerx,rmse,0.3354309642365092
2,ETTh1,336,ipmutual_info,1251,MLP,rmse,0.335380743982304
0,ETTh1,720,pmutual_info,1001,GRU,mse,0.3353715147004476
1,ETTh1,720,pentropy,1501,BiTCN,mae,0.3353205792779873
2,ETTh1,720,iprollcorr,751,TSMixerx,rmse,0.3353184018112801
2,ETTh1,336,pentropy,1001,NBEATSx,rmse,0.3353005351762221
2,ETTh1,720,iprollcov,1001,TFT,rmse,0.335292502158226
2,ETTh1,720,prollcorr,1001,TSMixerx,rmse,0.335264842915205
2,ETTh1,336,prollcorr,1001,NBEATSx,rmse,0.3352257021771639
2,ETTh1,336,ipmutual_info,1251,BiTCN,rmse,0.3351693785646307
2,ETTh1,336,pfarm,501,NBEATSx,rmse,0.3351378550867122
2,ETTh1,192,pentropy,1251,LSTM,rmse,0.3351273599058722
2,ETTh1,336,ipentropy,751,NBEATSx,rmse,0.335098835825846
2,ETTh1,720,pmutual_info,1501,TCN,rmse,0.3350732146939404
2,ETTh1,720,ipmutual_info,1251,TSMixerx,rmse,0.3350717929031001
2,ETTh1,336,ipentropy,501,NBEATSx,rmse,0.3350402025944277
2,ETTh1,336,prollcov,1251,BiTCN,rmse,0.3350389362990805
2,ETTh1,336,iprollcorr,1501,TFT,rmse,0.3348748452745589
2,ETTh1,336,pmutual_info,1501,TCN,rmse,0.3348038397976774
2,ETTh1,336,ipentropy,1001,NBEATSx,rmse,0.3347871874113324
2,ETTh1,336,pfarm,1251,MLP,rmse,0.3347815038204098
2,ETTh1,336,pmutual_info,1501,NBEATSx,rmse,0.3347186412240524
2,ETTh1,336,prollcorr,1001,TFT,rmse,0.3346003078859437
2,ETTh1,720,iprollcov,1001,TSMixerx,rmse,0.3345600241606669
2,ETTh1,336,iprollcov,751,NBEATSx,rmse,0.3344715281576682
2,ETTh1,720,pfarm,1251,TSMixerx,rmse,0.3344471513041656
2,ETTh1,720,prollcorr,1251,TSMixerx,rmse,0.3344289099178931
2,ETTh1,720,pfarm,1501,TFT,rmse,0.3343836356743807
2,ETTh1,336,prollcov,501,MLP,rmse,0.3343492176516685
2,ETTh1,336,pentropy,751,BiTCN,rmse,0.3343155142083285
2,ETTh1,336,pfarm,1001,MLP,rmse,0.3342885281348766
2,ETTh1,336,iprollcorr,751,NBEATSx,rmse,0.3341338039109074
2,ETTh1,336,iprollcorr,1501,BiTCN,rmse,0.3340403834194586
2,ETTh1,336,prollcorr,1501,MLP,rmse,0.3339957551507952
2,ETTh1,720,ipentropy,751,TFT,rmse,0.3339927967566481
2,ETTh1,720,pentropy,1251,TFT,rmse,0.3339823776757176
2,ETTh1,720,ipmutual_info,501,TSMixerx,rmse,0.3339680440881393
2,ETTh1,336,iprollcov,1251,TFT,rmse,0.3339206148900721
2,ETTh1,336,prollcov,751,TFT,rmse,0.3339097179007838
2,ETTh1,720,pentropy,1251,TSMixerx,rmse,0.3338747606146642
2,ETTh1,336,ipentropy,1001,TFT,rmse,0.3338443005290446
2,ETTh1,336,ipmutual_info,1001,MLP,rmse,0.3337837586356926
2,ETTh1,336,iprollcov,501,MLP,rmse,0.3337832556477667
2,ETTh1,336,ipentropy,1501,MLP,rmse,0.3337174876374187
2,ETTh1,336,prollcov,1501,NBEATSx,rmse,0.333717344644676
2,ETTh1,336,pfarm,1501,TFT,rmse,0.3337052459362786
2,ETTh1,336,ipmutual_info,501,TFT,rmse,0.3337021364947635
2,ETTh1,720,iprollcorr,1251,TCN,rmse,0.3336900120719421
2,ETTh1,336,ipentropy,1001,MLP,rmse,0.333624993266074
2,ETTh1,720,pmutual_info,501,TFT,rmse,0.3336191786700672
2,ETTh1,720,iprollcorr,1001,TCN,rmse,0.3336189377205686
2,ETTh1,720,pfarm,1251,TFT,rmse,0.3335855682064949
2,ETTh1,336,pentropy,501,TFT,rmse,0.3335690458250064
2,ETTh1,336,identity,N/A,MLP,rmse,0.3334891354286931
2,ETTh1,336,pmutual_info,1251,MLP,rmse,0.3334625295100629
2,ETTh1,336,iprollcorr,1001,MLP,rmse,0.3334395816566921
2,ETTh1,720,pmutual_info,1001,TCN,rmse,0.3333840483504126
2,ETTh1,336,ipmutual_info,1501,MLP,rmse,0.3333751204421138
2,ETTh1,336,pfarm,1001,BiTCN,rmse,0.3333644705353598
2,ETTh1,192,pmutual_info,1501,TSMixerx,rmse,0.3333398499058391
2,ETTh1,720,pentropy,751,TFT,rmse,0.3333137044839748
2,ETTh1,720,iprollcov,501,TFT,rmse,0.3332986268444723
2,ETTh1,720,ipmutual_info,1501,TCN,rmse,0.3332842027150015
2,ETTh1,336,prollcorr,1501,TFT,rmse,0.3332808946548173
2,ETTh1,720,ipmutual_info,1001,TCN,rmse,0.3332563774758809
2,ETTh1,720,pentropy,751,TCN,rmse,0.3332209720774002
2,ETTh1,720,pentropy,1501,TFT,rmse,0.3332176227056815
2,ETTh1,720,pfarm,1251,TCN,rmse,0.3331613496767369
2,ETTh1,720,pentropy,1001,TCN,rmse,0.3330818769211008
2,ETTh1,720,identity,N/A,TCN,rmse,0.3330401281939851
2,ETTh1,336,pmutual_info,501,TFT,rmse,0.3330141288080578
2,ETTh1,720,pfarm,1501,TCN,rmse,0.3329959258864137
2,ETTh1,720,iprollcov,1501,TFT,rmse,0.3329831744072028
2,ETTh1,720,pmutual_info,501,TCN,rmse,0.3329623506162374
2,ETTh1,720,pentropy,501,TCN,rmse,0.3328411043133357
2,ETTh1,336,pmutual_info,751,TFT,rmse,0.3327487542094097
2,ETTh1,336,pfarm,751,TFT,rmse,0.3327466653189558
2,ETTh1,336,iprollcorr,501,TFT,rmse,0.3327147455727283
1,ETTh1,720,pfarm,501,BiTCN,mae,0.3326509394073626
1,ETTh1,720,pmutual_info,501,BiTCN,mae,0.3326319715312408
2,ETTh1,336,ipentropy,501,MLP,rmse,0.3325955442157327
2,ETTh1,336,pfarm,1001,TFT,rmse,0.3325482474638702
2,ETTh1,336,pfarm,1501,MLP,rmse,0.3325460489903875
2,ETTh1,720,pentropy,501,TFT,rmse,0.3325339434368553
2,ETTh1,336,pmutual_info,1251,TFT,rmse,0.332510118098061
2,ETTh1,720,pfarm,501,MLP,rmse,0.3324952428156423
2,ETTh1,336,ipentropy,501,TFT,rmse,0.3324931995099489
2,ETTh1,336,iprollcov,1001,TFT,rmse,0.3324130633625285
2,ETTh1,336,prollcorr,1251,TFT,rmse,0.3324017764720407
2,ETTh1,336,ipmutual_info,1251,NBEATSx,rmse,0.3323799388005155
2,ETTh1,336,pfarm,751,GRU,rmse,0.3323473353745648
2,ETTh1,336,pentropy,1001,MLP,rmse,0.3323321722399543
2,ETTh1,336,ipentropy,751,TFT,rmse,0.3322169165641135
2,ETTh1,336,prollcorr,751,BiTCN,rmse,0.3321860737278861
2,ETTh1,720,prollcorr,501,TFT,rmse,0.3321159399810762
2,ETTh1,336,ipentropy,501,BiTCN,rmse,0.3320768429882976
2,ETTh1,336,pentropy,1251,TFT,rmse,0.3320433773398712
0,ETTh1,720,pfarm,751,GRU,mse,0.3320335685246622
2,ETTh1,336,pmutual_info,1001,TFT,rmse,0.3318916405357626
2,ETTh1,336,prollcorr,501,MLP,rmse,0.3318515475373134
2,ETTh1,336,prollcov,501,TFT,rmse,0.3317778630353933
2,ETTh1,336,pentropy,751,TFT,rmse,0.3317734407972001
2,ETTh1,720,pentropy,501,MLP,rmse,0.3317575114020005
2,ETTh1,720,pfarm,751,MLP,rmse,0.3317523313771303
2,ETTh1,720,prollcorr,501,MLP,rmse,0.3317333376519225
2,ETTh1,720,pentropy,1001,MLP,rmse,0.3316923584573624
2,ETTh1,720,pfarm,1001,MLP,rmse,0.3316644914797068
2,ETTh1,336,iprollcov,501,TFT,rmse,0.3316021347946877
2,ETTh1,720,pentropy,751,MLP,rmse,0.3315660052536043
2,ETTh1,720,ipmutual_info,501,MLP,rmse,0.3315457320810973
2,ETTh1,336,pmutual_info,1501,MLP,rmse,0.3315216500239935
1,ETTh1,720,prollcov,1501,BiTCN,mae,0.3314453922174613
2,ETTh1,336,identity,N/A,TFT,rmse,0.331434501344948
2,ETTh1,192,pmutual_info,751,TSMixerx,rmse,0.3313264185174373
2,ETTh1,336,pentropy,1501,TFT,rmse,0.3312106630456499
2,ETTh1,336,ipentropy,1501,TFT,rmse,0.3311555606893506
2,ETTh1,720,prollcorr,751,TFT,rmse,0.3309741862714447
2,ETTh1,336,ipmutual_info,1001,TFT,rmse,0.3309558224229258
2,ETTh1,336,prollcorr,1501,BiTCN,rmse,0.3309468841769252
2,ETTh1,336,prollcov,1501,TFT,rmse,0.3309455729472396
2,ETTh1,336,ipmutual_info,501,MLP,rmse,0.3309019271652709
2,ETTh1,720,prollcov,501,MLP,rmse,0.3308475565413751
2,ETTh1,336,prollcov,1001,TFT,rmse,0.3306991610638881
2,ETTh1,720,pfarm,1251,MLP,rmse,0.3306734593925525
2,ETTh1,720,iprollcov,1001,MLP,rmse,0.3306525940441409
2,ETTh1,720,ipmutual_info,501,TFT,rmse,0.3306258655109932
2,ETTh1,336,iprollcov,1501,TFT,rmse,0.3305989123286964
2,ETTh1,720,pentropy,1251,MLP,rmse,0.330580252388975
2,ETTh1,720,prollcorr,1251,MLP,rmse,0.3305729945478476
2,ETTh1,720,ipmutual_info,1001,MLP,rmse,0.3305609195149107
2,ETTh1,720,prollcorr,1001,TFT,rmse,0.3305592986597787
2,ETTh1,720,pmutual_info,1001,TFT,rmse,0.3305026484913372
2,ETTh1,336,iprollcorr,1251,DeepNPTS,rmse,0.3304987995622468
2,ETTh1,336,prollcov,1001,BiTCN,rmse,0.3304891387795456
2,ETTh1,720,iprollcorr,1501,MLP,rmse,0.3304831235520736
2,ETTh1,720,iprollcorr,1001,MLP,rmse,0.3304636137635374
2,ETTh1,720,ipentropy,1251,MLP,rmse,0.3304293179004753
2,ETTh1,336,pmutual_info,751,BiTCN,rmse,0.3303768301826281
2,ETTh1,720,ipmutual_info,751,MLP,rmse,0.3302015032313763
2,ETTh1,720,prollcorr,1501,MLP,rmse,0.3301212254621278
2,ETTh1,96,ipmutual_info,501,NBEATSx,rmse,0.3301122779422916
0,ETTh1,720,pfarm,501,GRU,mse,0.3301027753312308
2,ETTh1,336,pfarm,1501,BiTCN,rmse,0.3301019288111691
2,ETTh1,336,prollcov,501,DeepNPTS,rmse,0.3300711204856215
2,ETTh1,720,ipentropy,1501,MLP,rmse,0.3300518290986446
2,ETTh1,336,pentropy,1501,BiTCN,rmse,0.330015513596883
2,ETTh1,336,iprollcorr,501,MLP,rmse,0.330005061503082
2,ETTh1,720,pfarm,1501,MLP,rmse,0.3299948300025789
2,ETTh1,720,prollcorr,1001,MLP,rmse,0.3299848872666449
1,ETTh1,720,iprollcov,1001,BiTCN,mae,0.3299399210586518
2,ETTh1,720,prollcorr,751,MLP,rmse,0.3299333187772104
2,ETTh1,720,pentropy,1501,MLP,rmse,0.3299227797330263
2,ETTh1,720,iprollcov,501,MLP,rmse,0.3298582640451094
2,ETTh1,720,prollcov,751,MLP,rmse,0.3297409663445768
2,ETTh1,192,prollcov,1501,NHITS,rmse,0.3297196071595293
2,ETTh1,720,ipentropy,1001,TFT,rmse,0.3296445386880828
2,ETTh1,720,pmutual_info,751,MLP,rmse,0.3296390090903857
2,ETTh1,720,prollcov,1001,MLP,rmse,0.329614375177891
2,ETTh1,720,prollcov,1501,MLP,rmse,0.3295887456577077
2,ETTh1,720,pfarm,751,TFT,rmse,0.3295574415749365
2,ETTh1,192,prollcov,501,TSMixerx,rmse,0.3295252551747368
2,ETTh1,720,iprollcorr,501,MLP,rmse,0.3295013488383227
2,ETTh1,720,iprollcov,1501,MLP,rmse,0.3294944417530618
2,ETTh1,720,identity,N/A,MLP,rmse,0.3294692367291709
2,ETTh1,720,prollcov,1251,MLP,rmse,0.3294623056178108
2,ETTh1,720,ipmutual_info,1501,MLP,rmse,0.3294590083379227
2,ETTh1,720,ipentropy,501,MLP,rmse,0.3294558281291095
2,ETTh1,336,ipentropy,1251,TFT,rmse,0.3294488268341929
2,ETTh1,720,ipentropy,1001,MLP,rmse,0.3294165854486512
2,ETTh1,720,pfarm,1001,TSMixerx,rmse,0.3293770171579782
2,ETTh1,720,ipmutual_info,1251,MLP,rmse,0.3293695455693092
2,ETTh1,720,ipmutual_info,1001,TSMixerx,rmse,0.3292681162100897
2,ETTh1,720,iprollcov,1251,MLP,rmse,0.3292677884709448
2,ETTh1,720,ipentropy,751,MLP,rmse,0.3292446024449786
2,ETTh1,720,iprollcorr,751,MLP,rmse,0.3292177911568923
2,ETTh1,720,pfarm,1001,TFT,rmse,0.3292026709658172
2,ETTh1,720,pfarm,501,TSMixerx,rmse,0.3291841965503453
2,ETTh1,336,ipentropy,1251,DeepNPTS,rmse,0.3291560314985688
2,ETTh1,720,prollcorr,1501,TFT,rmse,0.3290549355132969
2,ETTh1,720,iprollcorr,1251,MLP,rmse,0.3290302203076026
2,ETTh1,720,iprollcov,751,MLP,rmse,0.32898852389305
2,ETTh1,720,identity,N/A,TSMixerx,rmse,0.3289840910725195
2,ETTh1,720,ipentropy,1251,TSMixerx,rmse,0.3289839583812801
2,ETTh1,720,pfarm,1501,TSMixerx,rmse,0.328797788926046
2,ETTh1,336,pmutual_info,751,DeepNPTS,rmse,0.3287932609225144
2,ETTh1,720,prollcov,501,TSMixerx,rmse,0.3287319236466646
2,ETTh1,720,pmutual_info,501,TSMixerx,rmse,0.3286992849580949
2,ETTh1,720,iprollcov,1501,TSMixerx,rmse,0.3286749827227067
2,ETTh1,720,prollcov,1001,TiDE,rmse,0.3285738142745056
2,ETTh1,720,prollcov,501,TiDE,rmse,0.3285738142745056
2,ETTh1,720,iprollcov,1001,TiDE,rmse,0.3285738142745056
2,ETTh1,720,pfarm,501,TiDE,rmse,0.3285738142745056
2,ETTh1,720,pfarm,1501,TiDE,rmse,0.3285738142745056
2,ETTh1,720,iprollcov,1501,TiDE,rmse,0.3285738142745056
2,ETTh1,720,ipmutual_info,501,TiDE,rmse,0.3285738142745056
2,ETTh1,720,ipentropy,1001,TiDE,rmse,0.3285738142745056
2,ETTh1,720,pmutual_info,1501,TiDE,rmse,0.3285738142745056
2,ETTh1,720,pfarm,1251,TiDE,rmse,0.3285738142745056
2,ETTh1,720,prollcorr,1251,TiDE,rmse,0.3285738142745056
2,ETTh1,720,prollcorr,501,TiDE,rmse,0.3285738142745056
2,ETTh1,720,iprollcorr,1001,TiDE,rmse,0.3285738142745056
2,ETTh1,720,iprollcorr,501,TiDE,rmse,0.3285738142745056
2,ETTh1,720,pentropy,1251,TiDE,rmse,0.3285738142745056
2,ETTh1,720,pmutual_info,1251,TiDE,rmse,0.3285738142745056
2,ETTh1,720,iprollcorr,1251,TiDE,rmse,0.3285738142745056
2,ETTh1,720,ipmutual_info,1251,TiDE,rmse,0.3285738142745056
2,ETTh1,720,iprollcov,751,TiDE,rmse,0.3285738142745056
2,ETTh1,720,iprollcorr,751,TiDE,rmse,0.3285738142745056
2,ETTh1,720,pfarm,1001,TiDE,rmse,0.3285738142745056
2,ETTh1,720,identity,N/A,TiDE,rmse,0.3285738142745056
2,ETTh1,720,prollcov,751,TiDE,rmse,0.3285738142745056
2,ETTh1,720,pmutual_info,751,TiDE,rmse,0.3285738142745056
2,ETTh1,720,iprollcov,1251,TiDE,rmse,0.3285738142745056
2,ETTh1,720,pentropy,1501,TiDE,rmse,0.3285738142745056
2,ETTh1,720,pentropy,1001,TiDE,rmse,0.3285738142745056
2,ETTh1,720,pmutual_info,501,TiDE,rmse,0.3285738142745056
2,ETTh1,720,pmutual_info,1001,TiDE,rmse,0.3285738142745056
2,ETTh1,720,ipmutual_info,1501,TiDE,rmse,0.3285738142745056
2,ETTh1,720,ipmutual_info,1001,TiDE,rmse,0.3285738142745056
2,ETTh1,720,ipentropy,501,TiDE,rmse,0.3285738142745056
2,ETTh1,720,ipentropy,751,TiDE,rmse,0.3285738142745056
2,ETTh1,720,prollcorr,1001,TiDE,rmse,0.3285738142745056
2,ETTh1,720,pentropy,501,TiDE,rmse,0.3285738142745056
2,ETTh1,720,pentropy,751,TiDE,rmse,0.3285738142745056
2,ETTh1,720,iprollcorr,1501,TiDE,rmse,0.3285738142745056
2,ETTh1,720,iprollcov,501,TiDE,rmse,0.3285738142745056
2,ETTh1,720,ipmutual_info,751,TiDE,rmse,0.3285738142745056
2,ETTh1,720,ipentropy,1501,TiDE,rmse,0.3285738142745056
2,ETTh1,720,pfarm,751,TiDE,rmse,0.3285738142745056
2,ETTh1,720,prollcorr,751,TiDE,rmse,0.3285738142745056
2,ETTh1,720,prollcorr,1501,TiDE,rmse,0.3285738142745056
2,ETTh1,720,prollcov,1501,TiDE,rmse,0.3285738142745056
2,ETTh1,720,prollcov,1251,TiDE,rmse,0.3285738142745056
2,ETTh1,720,ipentropy,1251,TiDE,rmse,0.3285738142745056
2,ETTh1,720,prollcov,1001,TFT,rmse,0.3285428648220683
2,ETTh1,720,ipentropy,501,TSMixerx,rmse,0.3285336325849677
2,ETTh1,720,iprollcorr,1501,TSMixerx,rmse,0.3284790931335789
2,ETTh1,192,prollcorr,1501,NHITS,rmse,0.328471708415516
2,ETTh1,336,pmutual_info,1001,DeepNPTS,rmse,0.3284661409841324
2,ETTh1,336,prollcov,751,BiTCN,rmse,0.3283541970849574
2,ETTh1,720,pfarm,501,TFT,rmse,0.3283016685703717
2,ETTh1,720,ipmutual_info,751,TFT,rmse,0.3282746499941924
2,ETTh1,336,ipmutual_info,751,DeepNPTS,rmse,0.3282105022879532
2,ETTh1,720,iprollcorr,501,TSMixerx,rmse,0.3280759632275072
2,ETTh1,336,pmutual_info,501,DeepNPTS,rmse,0.3280322382116978
2,ETTh1,720,pmutual_info,1501,MLP,rmse,0.3279434995269351
2,ETTh1,720,prollcorr,501,TSMixerx,rmse,0.3279129633464647
2,ETTh1,720,pfarm,751,TSMixerx,rmse,0.3278725617899812
2,ETTh1,720,pmutual_info,751,TFT,rmse,0.3278682741984701
2,ETTh1,720,iprollcorr,1001,TFT,rmse,0.3278142791750395
2,ETTh1,720,pmutual_info,1501,TSMixerx,rmse,0.3277601838443189
2,ETTh1,720,prollcov,1501,TSMixerx,rmse,0.3277081902846875
2,ETTh1,720,prollcorr,1251,TFT,rmse,0.3276673226695238
2,ETTh1,192,ipentropy,1251,NHITS,rmse,0.3276021320885646
2,ETTh1,720,pmutual_info,1251,MLP,rmse,0.3275940533003229
3,ETTh1,720,iprollcov,1001,GRU,mape,0.3275807453086524
2,ETTh1,720,pmutual_info,1001,MLP,rmse,0.3275643032119985
0,ETTh1,720,iprollcov,501,GRU,mse,0.327507565972684
2,ETTh1,336,pentropy,1251,DeepNPTS,rmse,0.3274740765549306
2,ETTh1,336,prollcov,1251,DeepNPTS,rmse,0.3273938808389964
2,ETTh1,336,iprollcov,751,DeepNPTS,rmse,0.3273841114103242
2,ETTh1,336,pmutual_info,1501,DeepNPTS,rmse,0.3273090918799376
2,ETTh1,336,prollcorr,1251,DeepNPTS,rmse,0.3271369033939499
2,ETTh1,720,pentropy,1501,TSMixerx,rmse,0.3271084716412133
2,ETTh1,336,pfarm,1001,DeepNPTS,rmse,0.3270907387394742
0,ETTh1,720,identity,N/A,GRU,mse,0.3270824338992242
2,ETTh1,336,ipmutual_info,501,DeepNPTS,rmse,0.3270629795042156
2,ETTh1,720,ipmutual_info,1501,TFT,rmse,0.3269788517390142
2,ETTh1,720,iprollcov,751,TFT,rmse,0.3268789850526272
2,ETTh1,336,ipentropy,1001,DeepNPTS,rmse,0.326842792499903
2,ETTh1,720,iprollcov,751,TSMixerx,rmse,0.3268286933898187
2,ETTh1,720,pentropy,751,TSMixerx,rmse,0.3267999426117255
3,ETTh1,720,pfarm,1251,GRU,mape,0.326795869082296
2,ETTh1,720,prollcov,1251,TFT,rmse,0.3266365866294516
2,ETTh1,336,iprollcov,1501,DeepNPTS,rmse,0.3265953199303689
2,ETTh1,336,ipmutual_info,1001,DeepNPTS,rmse,0.3265058389199317
2,ETTh1,720,identity,N/A,TFT,rmse,0.3264971094765079
2,ETTh1,720,iprollcorr,751,TFT,rmse,0.3264764033389759
2,ETTh1,336,ipmutual_info,1501,DeepNPTS,rmse,0.3264661601990683
0,ETTh1,720,iprollcorr,1501,GRU,mse,0.3264584436710034
2,ETTh1,336,prollcorr,751,MLP,rmse,0.3264255750238229
2,ETTh1,720,iprollcorr,501,TFT,rmse,0.3264003757441606
2,ETTh1,336,prollcov,1501,DeepNPTS,rmse,0.3263888335903216
2,ETTh1,720,prollcov,751,TFT,rmse,0.3262968811823103
2,ETTh1,336,ipmutual_info,1251,DeepNPTS,rmse,0.3262543837947958
2,ETTh1,720,pmutual_info,501,MLP,rmse,0.3262465701777968
2,ETTh1,336,pentropy,1501,DeepNPTS,rmse,0.3261548575584888
2,ETTh1,336,iprollcorr,501,DeepNPTS,rmse,0.326149636965134
2,ETTh1,336,prollcorr,1001,DeepNPTS,rmse,0.3260806213353969
2,ETTh1,720,ipmutual_info,1251,TFT,rmse,0.3260327616670452
2,ETTh1,336,pfarm,501,DeepNPTS,rmse,0.326001489844701
2,ETTh1,192,ipmutual_info,501,NHITS,rmse,0.3259908445596191
2,ETTh1,192,ipmutual_info,751,NHITS,rmse,0.3259840568315425
2,ETTh1,336,ipentropy,501,DeepNPTS,rmse,0.3259801667578929
2,ETTh1,720,prollcov,1251,TSMixerx,rmse,0.3259625190868821
2,ETTh1,336,prollcov,1251,TiDE,rmse,0.3259144955830452
2,ETTh1,336,ipmutual_info,1501,TiDE,rmse,0.3259144955830452
2,ETTh1,336,pentropy,1251,TiDE,rmse,0.3259144955830452
2,ETTh1,336,pmutual_info,751,TiDE,rmse,0.3259144955830452
2,ETTh1,336,ipmutual_info,501,TiDE,rmse,0.3259144955830452
2,ETTh1,336,pmutual_info,501,TiDE,rmse,0.3259144955830452
2,ETTh1,336,pmutual_info,1251,TiDE,rmse,0.3259144955830452
2,ETTh1,336,iprollcorr,1501,TiDE,rmse,0.3259144955830452
2,ETTh1,336,ipmutual_info,751,TiDE,rmse,0.3259144955830452
2,ETTh1,336,ipentropy,1501,TiDE,rmse,0.3259144955830452
2,ETTh1,336,iprollcov,751,TiDE,rmse,0.3259144955830452
2,ETTh1,336,iprollcov,1001,TiDE,rmse,0.3259144955830452
2,ETTh1,336,iprollcov,1251,TiDE,rmse,0.3259144955830452
2,ETTh1,336,ipentropy,501,TiDE,rmse,0.3259144955830452
2,ETTh1,336,ipentropy,751,TiDE,rmse,0.3259144955830452
2,ETTh1,336,ipentropy,1001,TiDE,rmse,0.3259144955830452
2,ETTh1,336,ipentropy,1251,TiDE,rmse,0.3259144955830452
2,ETTh1,336,prollcov,1001,TiDE,rmse,0.3259144955830452
2,ETTh1,336,prollcorr,501,TiDE,rmse,0.3259144955830452
2,ETTh1,336,iprollcov,1501,TiDE,rmse,0.3259144955830452
2,ETTh1,336,pmutual_info,1001,TiDE,rmse,0.3259144955830452
2,ETTh1,336,prollcov,1501,TiDE,rmse,0.3259144955830452
2,ETTh1,336,pentropy,1501,TiDE,rmse,0.3259144955830452
2,ETTh1,336,iprollcorr,1251,TiDE,rmse,0.3259144955830452
2,ETTh1,336,iprollcorr,751,TiDE,rmse,0.3259144955830452
2,ETTh1,336,pmutual_info,1501,TiDE,rmse,0.3259144955830452
2,ETTh1,336,iprollcorr,501,TiDE,rmse,0.3259144955830452
2,ETTh1,336,iprollcov,501,TiDE,rmse,0.3259144955830452
2,ETTh1,336,ipmutual_info,1001,TiDE,rmse,0.3259144955830452
2,ETTh1,336,pfarm,1001,TiDE,rmse,0.3259144955830452
2,ETTh1,336,prollcov,751,TiDE,rmse,0.3259144955830452
2,ETTh1,336,pentropy,751,TiDE,rmse,0.3259144955830452
2,ETTh1,336,ipmutual_info,1251,TiDE,rmse,0.3259144955830452
2,ETTh1,336,iprollcorr,1001,TiDE,rmse,0.3259144955830452
2,ETTh1,336,pfarm,751,TiDE,rmse,0.3259144955830452
2,ETTh1,336,identity,N/A,TiDE,rmse,0.3259144955830452
2,ETTh1,336,prollcov,501,TiDE,rmse,0.3259144955830452
2,ETTh1,336,prollcorr,751,TiDE,rmse,0.3259144955830452
2,ETTh1,336,prollcorr,1251,TiDE,rmse,0.3259144955830452
2,ETTh1,336,pfarm,1251,TiDE,rmse,0.3259144955830452
2,ETTh1,336,pfarm,1501,TiDE,rmse,0.3259144955830452
2,ETTh1,336,prollcorr,1501,TiDE,rmse,0.3259144955830452
2,ETTh1,336,pentropy,1001,TiDE,rmse,0.3259144955830452
2,ETTh1,336,pentropy,501,TiDE,rmse,0.3259144955830452
2,ETTh1,336,prollcorr,1001,TiDE,rmse,0.3259144955830452
2,ETTh1,336,pfarm,501,TiDE,rmse,0.3259144955830452
2,ETTh1,720,ipmutual_info,1501,TSMixerx,rmse,0.325860613773399
2,ETTh1,336,prollcorr,751,DeepNPTS,rmse,0.3258481650510443
2,ETTh1,336,pentropy,751,DeepNPTS,rmse,0.3256179778073356
2,ETTh1,720,prollcov,1501,TFT,rmse,0.325587491015448
2,ETTh1,720,pmutual_info,751,TSMixerx,rmse,0.3255798284996021
2,ETTh1,192,iprollcorr,501,NHITS,rmse,0.3255198860439248
2,ETTh1,336,prollcov,1001,DeepNPTS,rmse,0.3254947389576355
2,ETTh1,336,prollcorr,1001,BiTCN,rmse,0.32549345756572
1,ETTh1,720,pfarm,1251,BiTCN,mae,0.3254235460020669
2,ETTh1,336,iprollcov,501,DeepNPTS,rmse,0.3253945194012952
2,ETTh1,720,pentropy,501,TSMixerx,rmse,0.325354514912873
2,ETTh1,336,iprollcov,1001,DeepNPTS,rmse,0.3253404177900498
2,ETTh1,720,iprollcorr,1501,TFT,rmse,0.3251278716602331
2,ETTh1,336,prollcorr,1501,DeepNPTS,rmse,0.3250570114398231
2,ETTh1,720,prollcorr,751,TSMixerx,rmse,0.3250452428602286
2,ETTh1,336,pfarm,1251,DeepNPTS,rmse,0.3250283615852842
3,ETTh1,720,ipmutual_info,751,GRU,mape,0.3248521997524725
2,ETTh1,336,iprollcorr,751,DeepNPTS,rmse,0.324820075993273
2,ETTh1,336,pfarm,751,DeepNPTS,rmse,0.3247879465690871
2,ETTh1,720,pmutual_info,1001,TSMixerx,rmse,0.3247031228053841
2,ETTh1,336,pentropy,501,DeepNPTS,rmse,0.3246846760205683
2,ETTh1,336,prollcorr,501,DeepNPTS,rmse,0.3246689743325631
2,ETTh1,192,iprollcov,501,NHITS,rmse,0.3245537426197554
2,ETTh1,192,ipmutual_info,1251,NHITS,rmse,0.3245220519893717
2,ETTh1,336,iprollcorr,1001,DeepNPTS,rmse,0.3245028065959973
2,ETTh1,336,pfarm,501,BiTCN,rmse,0.3242105290470538
2,ETTh1,336,ipentropy,751,DeepNPTS,rmse,0.3241651535486323
2,ETTh1,192,iprollcorr,751,NHITS,rmse,0.3240601314874016
2,ETTh1,192,pfarm,1001,NHITS,rmse,0.3240513131822345
2,ETTh1,192,pfarm,1501,NHITS,rmse,0.3238294247447995
2,ETTh1,336,iprollcov,1251,DeepNPTS,rmse,0.323825077738555
2,ETTh1,336,pmutual_info,1251,DeepNPTS,rmse,0.3238126367473039
2,ETTh1,336,pfarm,1501,DeepNPTS,rmse,0.3237933299414545
3,ETTh1,720,prollcorr,1501,GRU,mape,0.323764654070548
2,ETTh1,336,identity,N/A,DeepNPTS,rmse,0.3236913814842558
3,ETTh1,720,iprollcorr,1251,LSTM,mape,0.3236641962539708
2,ETTh1,192,pentropy,1501,NHITS,rmse,0.3236526883396168
3,ETTh1,720,iprollcov,751,GRU,mape,0.3235965542528445
2,ETTh1,192,iprollcorr,1001,NHITS,rmse,0.3235356126097483
2,ETTh1,336,prollcov,751,DeepNPTS,rmse,0.3235174868290786
2,ETTh1,192,identity,N/A,NHITS,rmse,0.3235122247960917
2,ETTh1,192,ipentropy,1501,NHITS,rmse,0.3235099447887644
2,ETTh1,336,pentropy,1001,DeepNPTS,rmse,0.3234876803885154
2,ETTh1,192,prollcorr,1251,NHITS,rmse,0.3234635988416919
2,ETTh1,192,ipmutual_info,1001,TFT,rmse,0.323405970427235
0,ETTh1,720,prollcov,751,GRU,mse,0.3233819079237647
2,ETTh1,336,ipentropy,1501,DeepNPTS,rmse,0.3233692277089661
2,ETTh1,336,pmutual_info,501,BiTCN,rmse,0.3230915275248004
2,ETTh1,192,pfarm,751,NHITS,rmse,0.3230137106604671
1,ETTh1,720,pentropy,501,NHITS,mae,0.3224660276371133
2,ETTh1,336,ipmutual_info,1251,LSTM,rmse,0.3224081576636933
1,ETTh1,720,ipentropy,1251,BiTCN,mae,0.322220870887116
2,ETTh1,192,pmutual_info,501,LSTM,rmse,0.3220395721319876
2,ETTh1,192,ipentropy,751,NHITS,rmse,0.3218947330858367
2,ETTh1,192,iprollcorr,1251,NHITS,rmse,0.3218424134041804
2,ETTh1,336,iprollcorr,1501,DeepNPTS,rmse,0.3216796187189777
2,ETTh1,192,prollcorr,751,NHITS,rmse,0.3216659313585892
2,ETTh1,192,prollcov,1001,NHITS,rmse,0.3216401141306445
2,ETTh1,192,pentropy,501,LSTM,rmse,0.3215902372626777
2,ETTh1,192,ipentropy,501,NHITS,rmse,0.3215745930187296
1,ETTh1,720,pmutual_info,751,BiTCN,mae,0.3211784739115105
2,ETTh1,192,ipmutual_info,1501,NHITS,rmse,0.3210592065499024
2,ETTh1,192,ipentropy,751,LSTM,rmse,0.3210273362276527
2,ETTh1,336,iprollcorr,1251,TFT,rmse,0.3209188163237889
1,ETTh1,720,iprollcorr,1501,NBEATSx,mae,0.3207182957676971
2,ETTh1,192,prollcov,1251,NHITS,rmse,0.3206725608972394
1,ETTh1,720,prollcov,751,BiTCN,mae,0.320611743167122
2,ETTh1,192,iprollcov,751,NHITS,rmse,0.3205709541498385
2,ETTh1,192,ipentropy,1001,NHITS,rmse,0.3203024493514361
2,ETTh1,192,ipmutual_info,1501,LSTM,rmse,0.320281836135934
2,ETTh1,192,prollcorr,1001,TFT,rmse,0.3202128423707115
2,ETTh1,336,prollcorr,1501,GRU,rmse,0.3201947417596415
2,ETTh1,192,ipentropy,1501,TFT,rmse,0.3200864514505828
2,ETTh1,192,prollcov,751,NHITS,rmse,0.3198764541579916
3,ETTh1,720,iprollcorr,1501,GRU,mape,0.3197193341261837
2,ETTh1,192,prollcov,751,TFT,rmse,0.3197170173911513
2,ETTh1,192,ipmutual_info,1001,NHITS,rmse,0.3197074268039755
1,ETTh1,720,pmutual_info,1501,BiTCN,mae,0.3195246398772426
2,ETTh1,192,pentropy,1251,TFT,rmse,0.3194979788216257
2,ETTh1,192,iprollcov,1251,NHITS,rmse,0.3194972038715568
2,ETTh1,192,pfarm,1001,TFT,rmse,0.3194692469526347
0,ETTh1,720,pmutual_info,1251,LSTM,mse,0.3194575671342192
2,ETTh1,192,pfarm,1001,LSTM,rmse,0.3193471069776732
2,ETTh1,192,iprollcorr,1001,TFT,rmse,0.3193180022843802
2,ETTh1,336,iprollcov,751,GRU,rmse,0.3192711032291102
2,ETTh1,192,pfarm,1501,TFT,rmse,0.3192347649098239
2,ETTh1,192,pentropy,751,TFT,rmse,0.3192193407810976
2,ETTh1,192,ipentropy,1251,LSTM,rmse,0.319208643136331
2,ETTh1,192,iprollcov,1251,LSTM,rmse,0.3190346299711844
2,ETTh1,192,iprollcov,1001,NHITS,rmse,0.3188831930889498
2,ETTh1,192,iprollcorr,1501,NHITS,rmse,0.3188661025881402
0,ETTh1,720,prollcov,1001,GRU,mse,0.3188130333265502
2,ETTh1,192,pmutual_info,1251,NHITS,rmse,0.3187962307008214
2,ETTh1,192,pfarm,501,TFT,rmse,0.3187387674774594
2,ETTh1,192,pmutual_info,1251,LSTM,rmse,0.3186475662141098
2,ETTh1,192,iprollcov,1501,NHITS,rmse,0.3185836690056058
1,ETTh1,720,pentropy,751,NHITS,mae,0.3185461192928257
2,ETTh1,336,pentropy,751,LSTM,rmse,0.3185253144815597
2,ETTh1,192,prollcov,1251,LSTM,rmse,0.3184764496394459
2,ETTh1,336,iprollcov,1251,LSTM,rmse,0.3183409161003657
2,ETTh1,192,prollcorr,1251,NBEATSx,rmse,0.3183177103137076
2,ETTh1,192,pfarm,501,LSTM,rmse,0.3182674864600091
1,ETTh1,720,pfarm,1501,BiTCN,mae,0.3181212985406288
1,ETTh1,720,prollcorr,501,NHITS,mae,0.3178579641324179
2,ETTh1,192,pfarm,501,NHITS,rmse,0.3178481820813129
3,ETTh1,720,pfarm,501,GRU,mape,0.3177803480101762
2,ETTh1,192,iprollcorr,1501,LSTM,rmse,0.3177272217853318
2,ETTh1,192,pentropy,751,LSTM,rmse,0.3176544873775009
1,ETTh1,720,iprollcov,1501,NBEATSx,mae,0.3174695842512168
2,ETTh1,192,prollcov,1001,TFT,rmse,0.3172388979396948
2,ETTh1,336,pmutual_info,1251,GRU,rmse,0.3171688252216321
2,ETTh1,192,ipmutual_info,751,LSTM,rmse,0.3170545593029942
2,ETTh1,192,prollcorr,751,LSTM,rmse,0.3170140169270073
2,ETTh1,336,ipentropy,751,GRU,rmse,0.3169572697139247
2,ETTh1,192,prollcorr,501,LSTM,rmse,0.3168561586264958
2,ETTh1,336,iprollcorr,1001,LSTM,rmse,0.3168108294615842
0,ETTh1,720,iprollcov,1501,GRU,mse,0.3167904350001116
2,ETTh1,336,ipmutual_info,1501,LSTM,rmse,0.3167626992016744
2,ETTh1,192,iprollcov,1001,LSTM,rmse,0.3167531587480405
2,ETTh1,192,ipmutual_info,751,TCN,rmse,0.316752676922094
2,ETTh1,192,pmutual_info,1501,NHITS,rmse,0.316729714475895
2,ETTh1,192,pmutual_info,1001,NHITS,rmse,0.316709454338731
2,ETTh1,192,prollcorr,1001,NHITS,rmse,0.3166826052634633
2,ETTh1,336,iprollcov,1501,GRU,rmse,0.3164486611739392
2,ETTh1,192,identity,N/A,TCN,rmse,0.316092400651962
0,ETTh1,720,prollcorr,1251,GRU,mse,0.3160757195795552
2,ETTh1,336,pfarm,501,LSTM,rmse,0.31602278422041
2,ETTh1,192,pentropy,1001,TFT,rmse,0.3159250708230581
2,ETTh1,192,pentropy,1001,NHITS,rmse,0.3159150289969087
2,ETTh1,192,ipentropy,1501,TCN,rmse,0.3155753633066967
2,ETTh1,192,prollcov,501,LSTM,rmse,0.3155737209387634
2,ETTh1,192,iprollcov,1001,TCN,rmse,0.3155363527448876
2,ETTh1,192,pfarm,1251,TCN,rmse,0.315487330728647
2,ETTh1,336,pentropy,751,GRU,rmse,0.3154752743555616
2,ETTh1,192,iprollcov,1251,TCN,rmse,0.3154639588464207
2,ETTh1,192,pentropy,501,TCN,rmse,0.3154407930534951
2,ETTh1,192,ipentropy,501,TCN,rmse,0.3154376358011511
2,ETTh1,192,pfarm,1501,TCN,rmse,0.3154024750901176
2,ETTh1,192,pentropy,1251,TCN,rmse,0.3153855653544033
2,ETTh1,192,iprollcorr,1501,TCN,rmse,0.3153708584431746
2,ETTh1,192,iprollcorr,1251,TCN,rmse,0.3153558447959651
2,ETTh1,336,iprollcov,501,GRU,rmse,0.3153539027591568
2,ETTh1,192,prollcorr,1251,TCN,rmse,0.3153479138123061
2,ETTh1,192,pmutual_info,501,TCN,rmse,0.3153409680878357
2,ETTh1,336,pentropy,1251,GRU,rmse,0.3153387476167107
2,ETTh1,192,pfarm,1001,TCN,rmse,0.3153293639368697
1,ETTh1,720,ipmutual_info,1001,BiTCN,mae,0.3153121885843027
2,ETTh1,192,prollcov,1001,TCN,rmse,0.3153028199807678
2,ETTh1,192,ipmutual_info,1001,TCN,rmse,0.3152945844677851
2,ETTh1,192,pmutual_info,1251,TCN,rmse,0.3152894224622153
2,ETTh1,192,pentropy,1001,TCN,rmse,0.3152859771648584
2,ETTh1,192,ipmutual_info,1251,TCN,rmse,0.3152838614161783
2,ETTh1,192,pfarm,501,TCN,rmse,0.315277930447827
2,ETTh1,192,iprollcorr,501,TCN,rmse,0.3152709572435938
2,ETTh1,192,prollcov,751,TCN,rmse,0.3152633461723629
2,ETTh1,192,iprollcov,1501,TCN,rmse,0.3152520695800988
2,ETTh1,192,prollcov,501,TCN,rmse,0.315245954737594
2,ETTh1,192,ipentropy,1251,TCN,rmse,0.3152452654481391
2,ETTh1,192,iprollcov,751,TCN,rmse,0.3152439507973508
2,ETTh1,192,prollcov,1251,TCN,rmse,0.3152437230013357
2,ETTh1,192,prollcorr,501,TCN,rmse,0.3152436065178375
2,ETTh1,192,ipmutual_info,501,TCN,rmse,0.3152423402281621
2,ETTh1,192,iprollcorr,751,TCN,rmse,0.315240628612574
2,ETTh1,192,prollcorr,1501,TCN,rmse,0.3152356210936496
2,ETTh1,192,pmutual_info,751,TCN,rmse,0.3152352086764989
2,ETTh1,192,prollcorr,751,TCN,rmse,0.3152333390311735
2,ETTh1,192,pmutual_info,1001,TCN,rmse,0.3152280819312225
2,ETTh1,192,prollcov,1501,TCN,rmse,0.3152269267638071
2,ETTh1,192,pfarm,751,TCN,rmse,0.3152140358612433
2,ETTh1,192,ipmutual_info,1501,TCN,rmse,0.3152137086079338
2,ETTh1,192,ipentropy,1001,TCN,rmse,0.3152105793505153
2,ETTh1,336,pfarm,1001,GRU,rmse,0.3151946074846218
2,ETTh1,192,ipentropy,751,TCN,rmse,0.3151858362260285
2,ETTh1,192,pentropy,751,TCN,rmse,0.3151766101169346
2,ETTh1,192,prollcorr,1001,TCN,rmse,0.3151757745976667
2,ETTh1,192,iprollcorr,1001,TCN,rmse,0.3151682474099193
2,ETTh1,192,pmutual_info,1501,TCN,rmse,0.3151673775191609
2,ETTh1,192,iprollcov,501,TCN,rmse,0.3151663031938647
2,ETTh1,192,pentropy,1501,TCN,rmse,0.3151651104931883
1,ETTh1,720,iprollcov,1251,BiTCN,mae,0.315087496413777
3,ETTh1,720,pmutual_info,1001,GRU,mape,0.3148885244243852
1,ETTh1,720,iprollcov,751,BiTCN,mae,0.3148682026511886
2,ETTh1,192,ipentropy,501,LSTM,rmse,0.3148163590870566
2,ETTh1,192,iprollcorr,1001,LSTM,rmse,0.3147635900488099
2,ETTh1,336,ipmutual_info,1251,GRU,rmse,0.314585980139307
2,ETTh1,336,pentropy,1501,LSTM,rmse,0.3143608494157829
2,ETTh1,192,pfarm,1501,LSTM,rmse,0.3143253687850088
2,ETTh1,192,prollcorr,501,NHITS,rmse,0.3143045252747752
2,ETTh1,192,iprollcorr,1251,LSTM,rmse,0.31409294114198
2,ETTh1,336,pmutual_info,501,LSTM,rmse,0.3140886591663638
2,ETTh1,192,prollcov,501,NHITS,rmse,0.3139444212945283
2,ETTh1,336,ipmutual_info,1001,LSTM,rmse,0.3138913053002984
1,ETTh1,720,prollcorr,751,NHITS,mae,0.3137941580864409
2,ETTh1,192,pmutual_info,1501,LSTM,rmse,0.313742215425716
2,ETTh1,336,pentropy,1001,LSTM,rmse,0.3136845540344655
2,ETTh1,336,ipentropy,1001,GRU,rmse,0.3134708500208785
2,ETTh1,336,pmutual_info,1501,GRU,rmse,0.313421679550811
2,ETTh1,336,prollcorr,1001,GRU,rmse,0.3133964935605562
2,ETTh1,192,pmutual_info,1501,GRU,rmse,0.3133885960143602
2,ETTh1,192,pfarm,1251,NHITS,rmse,0.3132730128271273
2,ETTh1,192,pentropy,1501,GRU,rmse,0.3132601578391447
2,ETTh1,192,ipmutual_info,1251,LSTM,rmse,0.3132549254489488
2,ETTh1,192,ipmutual_info,751,NBEATSx,rmse,0.3131533415565597
1,ETTh1,720,prollcov,501,NHITS,mae,0.3131384946670993
2,ETTh1,192,pfarm,501,GRU,rmse,0.313014223044623
2,ETTh1,192,pentropy,501,GRU,rmse,0.3129151952785834
2,ETTh1,192,ipentropy,1251,GRU,rmse,0.3128418429403284
3,ETTh1,720,pfarm,751,GRU,mape,0.3128359360613569
2,ETTh1,192,pentropy,1251,NHITS,rmse,0.3128080173247398
2,ETTh1,192,prollcov,1501,LSTM,rmse,0.3127962145653355
2,ETTh1,192,iprollcov,1501,GRU,rmse,0.3127482715564813
2,ETTh1,192,prollcorr,1001,GRU,rmse,0.3127460096938084
2,ETTh1,336,ipmutual_info,501,GRU,rmse,0.3127431440444527
2,ETTh1,192,iprollcov,1251,GRU,rmse,0.3127408277711287
2,ETTh1,192,iprollcorr,1501,GRU,rmse,0.3127318954238824
2,ETTh1,192,ipmutual_info,1501,GRU,rmse,0.3127216364611162
2,ETTh1,192,pmutual_info,751,GRU,rmse,0.3127167366487107
2,ETTh1,192,prollcorr,501,GRU,rmse,0.3127153364857387
2,ETTh1,192,iprollcorr,1251,GRU,rmse,0.3127077163161055
2,ETTh1,192,ipmutual_info,501,NBEATSx,rmse,0.3126867207193178
2,ETTh1,336,ipmutual_info,1001,GRU,rmse,0.3126630229178258
2,ETTh1,192,pentropy,751,GRU,rmse,0.3126381941936271
2,ETTh1,192,prollcov,1001,GRU,rmse,0.3126330214947749
2,ETTh1,192,pentropy,1001,GRU,rmse,0.3126327580254766
2,ETTh1,192,ipmutual_info,1001,GRU,rmse,0.3126056584653189
2,ETTh1,192,iprollcov,751,GRU,rmse,0.3125808511507671
2,ETTh1,192,ipmutual_info,751,GRU,rmse,0.312579913049074
2,ETTh1,192,pfarm,1251,GRU,rmse,0.3125732455231833
2,ETTh1,192,ipentropy,751,GRU,rmse,0.3125678024008422
2,ETTh1,192,ipentropy,501,GRU,rmse,0.3125567850857064
2,ETTh1,192,prollcov,501,GRU,rmse,0.3125343514500828
2,ETTh1,192,ipmutual_info,1251,NBEATSx,rmse,0.3124884924043808
2,ETTh1,192,prollcorr,1501,GRU,rmse,0.3124745783411158
2,ETTh1,192,identity,N/A,GRU,rmse,0.3124635506069376
2,ETTh1,192,ipmutual_info,501,GRU,rmse,0.3124516109816935
2,ETTh1,192,pentropy,1251,GRU,rmse,0.3124403967453968
2,ETTh1,336,pfarm,1251,GRU,rmse,0.3124294515840343
2,ETTh1,192,prollcorr,751,GRU,rmse,0.3124227208142908
2,ETTh1,192,pfarm,1001,GRU,rmse,0.3124181091653136
2,ETTh1,192,iprollcorr,501,GRU,rmse,0.3124097651993646
2,ETTh1,336,pmutual_info,751,LSTM,rmse,0.3123800255731492
2,ETTh1,192,iprollcorr,751,GRU,rmse,0.3123593311188227
2,ETTh1,192,ipmutual_info,1251,GRU,rmse,0.3123274943571702
2,ETTh1,192,pmutual_info,501,GRU,rmse,0.312321141992583
2,ETTh1,336,iprollcorr,501,GRU,rmse,0.3122766171316583
2,ETTh1,192,pentropy,751,NBEATSx,rmse,0.3122369357706357
2,ETTh1,192,ipentropy,1501,GRU,rmse,0.3122213543844607
2,ETTh1,336,iprollcov,1001,GRU,rmse,0.3122121939980276
2,ETTh1,192,pfarm,1501,GRU,rmse,0.3122063018417184
2,ETTh1,336,iprollcorr,1001,GRU,rmse,0.3121907567227944
2,ETTh1,192,prollcorr,1251,GRU,rmse,0.3121677310935618
2,ETTh1,192,prollcov,1251,NBEATSx,rmse,0.3121543315418325
2,ETTh1,192,prollcov,1501,GRU,rmse,0.312108879436743
2,ETTh1,192,pmutual_info,1251,GRU,rmse,0.31207649824368
2,ETTh1,192,prollcov,751,GRU,rmse,0.3120614569186712
2,ETTh1,336,pfarm,751,LSTM,rmse,0.3120566737708236
2,ETTh1,192,pmutual_info,1001,GRU,rmse,0.3120558320081936
2,ETTh1,192,ipentropy,1501,LSTM,rmse,0.3120516387017262
2,ETTh1,192,ipmutual_info,1501,NBEATSx,rmse,0.3120287257033891
2,ETTh1,192,iprollcorr,1001,GRU,rmse,0.312000583731439
2,ETTh1,192,ipentropy,1001,GRU,rmse,0.3119730380153914
2,ETTh1,192,prollcorr,1001,LSTM,rmse,0.3119404590486747
2,ETTh1,192,ipmutual_info,501,MLP,rmse,0.3118870767142526
2,ETTh1,336,prollcov,1001,LSTM,rmse,0.3118739541432269
1,ETTh1,720,ipmutual_info,501,BiTCN,mae,0.3118440770351264
2,ETTh1,192,prollcov,1251,GRU,rmse,0.3118435849278939
2,ETTh1,192,pmutual_info,751,LSTM,rmse,0.3118267788767627
2,ETTh1,192,prollcov,1501,NBEATSx,rmse,0.3117976166880456
2,ETTh1,192,identity,N/A,LSTM,rmse,0.3117806329334109
2,ETTh1,192,iprollcov,1001,GRU,rmse,0.3117675452448639
2,ETTh1,192,ipentropy,1251,NBEATSx,rmse,0.3117226801830814
2,ETTh1,192,iprollcov,751,LSTM,rmse,0.3117165731892179
2,ETTh1,192,iprollcov,501,GRU,rmse,0.3117005524000144
2,ETTh1,192,pfarm,751,GRU,rmse,0.3116964728562781
2,ETTh1,192,ipmutual_info,1001,NBEATSx,rmse,0.3116755873931751
2,ETTh1,192,iprollcorr,1501,NBEATSx,rmse,0.3114970984573263
2,ETTh1,192,prollcorr,1501,NBEATSx,rmse,0.3114580315828003
2,ETTh1,192,pfarm,1251,NBEATSx,rmse,0.3114022144364968
2,ETTh1,192,prollcorr,751,NBEATSx,rmse,0.3113616496976258
1,ETTh1,720,ipmutual_info,751,NHITS,mae,0.311329119858105
2,ETTh1,192,iprollcov,501,TFT,rmse,0.3113262670862547
2,ETTh1,336,prollcov,501,GRU,rmse,0.3113133242910721
2,ETTh1,192,pfarm,1001,NBEATSx,rmse,0.3112228829407263
2,ETTh1,336,prollcorr,501,LSTM,rmse,0.311175502923976
2,ETTh1,192,ipentropy,1501,NBEATSx,rmse,0.3111748430227856
2,ETTh1,192,pentropy,1501,NBEATSx,rmse,0.3111531433771155
2,ETTh1,192,pmutual_info,501,NBEATSx,rmse,0.3110426115781005
2,ETTh1,192,identity,N/A,NBEATSx,rmse,0.3109993397543487
2,ETTh1,192,pfarm,751,LSTM,rmse,0.3109875094927672
2,ETTh1,192,pfarm,1501,NBEATSx,rmse,0.3109340401397855
2,ETTh1,192,ipmutual_info,1001,LSTM,rmse,0.3108911144599314
1,ETTh1,720,ipmutual_info,1251,NHITS,mae,0.3108850363269341
2,ETTh1,336,identity,N/A,GRU,rmse,0.3108514864627058
2,ETTh1,336,pmutual_info,501,GRU,rmse,0.3108477684482155
2,ETTh1,336,prollcorr,501,GRU,rmse,0.3107767538070535
2,ETTh1,192,iprollcorr,1001,NBEATSx,rmse,0.3107219521606877
2,ETTh1,336,prollcorr,1251,GRU,rmse,0.3105787872735007
2,ETTh1,192,pmutual_info,501,TSMixerx,rmse,0.3105167227450263
2,ETTh1,192,iprollcorr,1251,NBEATSx,rmse,0.3104130863514434
2,ETTh1,192,iprollcov,1001,NBEATSx,rmse,0.3104010492045557
2,ETTh1,192,iprollcov,501,NBEATSx,rmse,0.3103581877003992
2,ETTh1,192,prollcorr,1001,NBEATSx,rmse,0.3103414074060924
2,ETTh1,192,prollcorr,1251,LSTM,rmse,0.3103259863329714
2,ETTh1,336,prollcov,751,GRU,rmse,0.3103247385283904
2,ETTh1,336,ipentropy,501,GRU,rmse,0.3102856217802536
2,ETTh1,192,iprollcov,1251,NBEATSx,rmse,0.3102799007609758
2,ETTh1,192,prollcorr,501,NBEATSx,rmse,0.3102422165406494
2,ETTh1,192,pfarm,501,NBEATSx,rmse,0.3101978235849093
2,ETTh1,192,ipentropy,751,NBEATSx,rmse,0.3101499635742841
2,ETTh1,336,prollcov,1501,GRU,rmse,0.3101485594430058
1,ETTh1,720,prollcov,751,NHITS,mae,0.3100177787196976
2,ETTh1,192,ipentropy,1001,NBEATSx,rmse,0.3099789265085803
2,ETTh1,192,prollcov,1001,NBEATSx,rmse,0.3099605476395159
1,ETTh1,720,ipmutual_info,501,NHITS,mae,0.3099048264332329
2,ETTh1,192,prollcov,751,NBEATSx,rmse,0.3098679199423266
2,ETTh1,336,ipentropy,1501,GRU,rmse,0.3098666707091578
2,ETTh1,192,pmutual_info,501,NHITS,rmse,0.3098365600558411
2,ETTh1,192,iprollcorr,751,NBEATSx,rmse,0.3097854205472127
2,ETTh1,192,pentropy,1251,NBEATSx,rmse,0.3097775738176115
2,ETTh1,192,iprollcov,751,NBEATSx,rmse,0.3097474098660314
2,ETTh1,192,iprollcorr,501,NBEATSx,rmse,0.3096717026912414
2,ETTh1,336,pmutual_info,751,GRU,rmse,0.3096674743724426
3,ETTh1,720,pmutual_info,1251,LSTM,mape,0.3096584275566285
2,ETTh1,336,ipmutual_info,1501,GRU,rmse,0.3096508517747774
2,ETTh1,192,iprollcov,1251,TFT,rmse,0.3096402735602708
2,ETTh1,336,pentropy,1001,GRU,rmse,0.3096383354099764
2,ETTh1,192,iprollcorr,501,LSTM,rmse,0.3096084611628172
2,ETTh1,336,pfarm,1501,GRU,rmse,0.3095992987369243
1,ETTh1,720,pfarm,751,NHITS,mae,0.3095666916418078
2,ETTh1,192,pentropy,1251,MLP,rmse,0.3095144678133919
2,ETTh1,192,pentropy,501,MLP,rmse,0.3094885658661079
2,ETTh1,192,prollcov,751,MLP,rmse,0.3094347238958507
2,ETTh1,336,pentropy,501,LSTM,rmse,0.309428095183957
2,ETTh1,336,pentropy,1501,GRU,rmse,0.3094084209554024
2,ETTh1,192,prollcov,501,NBEATSx,rmse,0.3093789724818241
2,ETTh1,336,prollcorr,751,GRU,rmse,0.309339290521347
2,ETTh1,336,ipmutual_info,751,GRU,rmse,0.3093316072672942
1,ETTh1,720,ipmutual_info,1001,NHITS,mae,0.3093085407112241
1,ETTh1,720,prollcorr,1001,NHITS,mae,0.3093078318090759
2,ETTh1,192,ipentropy,501,MLP,rmse,0.3093069412972515
2,ETTh1,192,pentropy,1001,NBEATSx,rmse,0.3092670878344625
2,ETTh1,336,iprollcorr,1501,LSTM,rmse,0.3092395519862289
2,ETTh1,192,pentropy,501,NBEATSx,rmse,0.3092088101361473
2,ETTh1,192,iprollcov,1501,NBEATSx,rmse,0.3091392511583828
2,ETTh1,192,prollcov,751,LSTM,rmse,0.3090695540810295
2,ETTh1,192,ipentropy,501,NBEATSx,rmse,0.3090531308630269
2,ETTh1,336,pfarm,1001,LSTM,rmse,0.30903053167429
2,ETTh1,192,pfarm,751,NBEATSx,rmse,0.3090166281843728
2,ETTh1,192,iprollcov,1251,MLP,rmse,0.3089714771730628
0,ETTh1,720,iprollcorr,1001,GRU,mse,0.3089622902953045
2,ETTh1,336,pmutual_info,1001,GRU,rmse,0.3089483770745356
0,ETTh1,720,ipentropy,1001,GRU,mse,0.308920330576787
2,ETTh1,192,pfarm,1001,MLP,rmse,0.3089176301394989
2,ETTh1,336,iprollcov,501,LSTM,rmse,0.3089093049213986
2,ETTh1,192,pmutual_info,1501,MLP,rmse,0.3088960978360997
2,ETTh1,336,ipmutual_info,501,LSTM,rmse,0.3088913702350532
2,ETTh1,336,pentropy,1251,LSTM,rmse,0.3088908080646805
2,ETTh1,96,pfarm,1501,NBEATSx,rmse,0.308877625522712
2,ETTh1,192,ipmutual_info,1251,MLP,rmse,0.3088650940955584
2,ETTh1,336,iprollcorr,1251,LSTM,rmse,0.3088261747505987
2,ETTh1,96,ipmutual_info,501,NHITS,rmse,0.3088123985004575
2,ETTh1,336,pmutual_info,1501,LSTM,rmse,0.3087713058041458
2,ETTh1,336,iprollcorr,1501,GRU,rmse,0.3087496644423971
1,ETTh1,720,pfarm,501,NBEATSx,mae,0.3087436189548875
2,ETTh1,336,ipentropy,1251,GRU,rmse,0.3087420679414832
2,ETTh1,336,iprollcorr,751,GRU,rmse,0.3087382164340024
1,ETTh1,720,ipmutual_info,1501,NHITS,mae,0.3085064238299494
2,ETTh1,192,iprollcorr,501,TFT,rmse,0.308465977956319
2,ETTh1,192,iprollcov,501,MLP,rmse,0.3084250563216777
2,ETTh1,192,pmutual_info,1501,NBEATSx,rmse,0.3083683749022399
1,ETTh1,336,pentropy,1251,BiTCN,mae,0.308359088351595
2,ETTh1,336,pfarm,1501,LSTM,rmse,0.3083534662333936
2,ETTh1,192,ipmutual_info,751,MLP,rmse,0.3083395855402346
2,ETTh1,336,iprollcov,1251,GRU,rmse,0.3082359559207733
2,ETTh1,192,ipmutual_info,501,LSTM,rmse,0.3082320831686796
2,ETTh1,192,pmutual_info,1001,TSMixerx,rmse,0.3082238409495101
3,ETTh1,720,prollcov,1001,GRU,mape,0.3081987920749348
2,ETTh1,192,pentropy,501,NHITS,rmse,0.3081643537521664
2,ETTh1,336,prollcov,1001,GRU,rmse,0.3081598898313635
2,ETTh1,192,prollcov,1501,MLP,rmse,0.3081589050618582
2,ETTh1,192,ipentropy,501,TFT,rmse,0.3081470436429294
2,ETTh1,192,pentropy,751,MLP,rmse,0.3081151194490844
2,ETTh1,192,pentropy,1001,MLP,rmse,0.3081007310829347
2,ETTh1,192,iprollcov,1501,MLP,rmse,0.3080964385468464
1,ETTh1,720,prollcov,1501,NHITS,mae,0.3080599291510869
3,ETTh1,720,iprollcorr,1001,GRU,mape,0.3080408168714371
2,ETTh1,192,iprollcorr,751,TFT,rmse,0.3079809618639794
2,ETTh1,192,pmutual_info,1501,TFT,rmse,0.3078617833132782
2,ETTh1,192,pfarm,751,TFT,rmse,0.3078467527735179
2,ETTh1,192,pmutual_info,751,MLP,rmse,0.3078137035135802
2,ETTh1,192,pmutual_info,1001,NBEATSx,rmse,0.3077947298263055
2,ETTh1,336,pfarm,501,GRU,rmse,0.3077937894567427
3,ETTh1,720,prollcov,751,GRU,mape,0.3077014924359738
2,ETTh1,192,iprollcorr,1251,MLP,rmse,0.307672569563089
2,ETTh1,192,ipentropy,1001,MLP,rmse,0.3076307247574593
2,ETTh1,192,pfarm,1501,MLP,rmse,0.3075860921300171
2,ETTh1,192,iprollcov,1501,LSTM,rmse,0.3075657486728865
1,ETTh1,720,pfarm,1001,NHITS,mae,0.3075614342012861
1,ETTh1,720,pentropy,1001,NHITS,mae,0.3075418353807138
2,ETTh1,192,pmutual_info,1001,TFT,rmse,0.3075356280586225
2,ETTh1,192,identity,N/A,MLP,rmse,0.3074879683133136
1,ETTh1,720,ipentropy,1251,NHITS,mae,0.3074493492345267
2,ETTh1,192,pentropy,751,NHITS,rmse,0.3074116697544862
2,ETTh1,192,prollcorr,1251,MLP,rmse,0.3073906237939388
2,ETTh1,192,pmutual_info,751,NHITS,rmse,0.3073786561366516
2,ETTh1,192,ipentropy,1501,MLP,rmse,0.3073708744022808
2,ETTh1,192,prollcorr,501,MLP,rmse,0.3073701315244087
1,ETTh1,720,prollcov,751,NBEATSx,mae,0.3073542411211771
1,ETTh1,720,iprollcorr,501,NHITS,mae,0.3073022377478286
2,ETTh1,192,ipmutual_info,1501,MLP,rmse,0.30721368038253
1,ETTh1,720,prollcov,1251,NHITS,mae,0.3072075570839826
1,ETTh1,720,iprollcorr,1251,NHITS,mae,0.3071995444862503
2,ETTh1,336,pentropy,501,GRU,rmse,0.307181514994082
2,ETTh1,192,iprollcorr,501,MLP,rmse,0.3071446758083884
2,ETTh1,192,pfarm,501,MLP,rmse,0.3071284858900653
2,ETTh1,192,iprollcorr,1501,TFT,rmse,0.3070060718766728
2,ETTh1,192,iprollcov,501,LSTM,rmse,0.3069825134288895
1,ETTh1,720,iprollcov,1251,NHITS,mae,0.3069284718274058
2,ETTh1,192,prollcorr,751,TFT,rmse,0.3069270259454099
2,ETTh1,192,prollcorr,1501,TFT,rmse,0.3068833769266217
2,ETTh1,192,pfarm,1251,MLP,rmse,0.3068832284659336
2,ETTh1,192,ipentropy,1251,MLP,rmse,0.3068829063057033
2,ETTh1,192,pmutual_info,751,NBEATSx,rmse,0.3068670763675415
1,ETTh1,720,pfarm,1251,NHITS,mae,0.3068559003762683
2,ETTh1,192,ipmutual_info,1251,TFT,rmse,0.3068238283864324
2,ETTh1,192,ipentropy,751,MLP,rmse,0.3067794419750262
2,ETTh1,192,pmutual_info,751,TFT,rmse,0.3067683891505269
2,ETTh1,192,prollcorr,1501,MLP,rmse,0.3067595855362958
1,ETTh1,720,iprollcov,501,NHITS,mae,0.3066535056786806
2,ETTh1,192,ipmutual_info,751,TFT,rmse,0.3066478350984513
2,ETTh1,192,iprollcorr,751,LSTM,rmse,0.3066352071299531
2,ETTh1,192,pmutual_info,1251,NBEATSx,rmse,0.3065758740633558
2,ETTh1,192,iprollcorr,751,MLP,rmse,0.3065478187175381
2,ETTh1,192,iprollcorr,1501,MLP,rmse,0.3065016413813184
2,ETTh1,192,ipmutual_info,501,TFT,rmse,0.3065000050258469
3,ETTh1,720,pfarm,1501,LSTM,mape,0.3064860460183581
2,ETTh1,192,ipentropy,1001,LSTM,rmse,0.3064129553942185
2,ETTh1,192,pfarm,1251,LSTM,rmse,0.3063891747000821
2,ETTh1,192,iprollcov,1501,DeepNPTS,rmse,0.306378777920919
1,ETTh1,720,prollcov,1001,BiTCN,mae,0.3063736057610612
2,ETTh1,192,pmutual_info,1251,MLP,rmse,0.3063062418032162
2,ETTh1,192,iprollcov,1001,TFT,rmse,0.3062851343194832
2,ETTh1,192,prollcorr,501,TFT,rmse,0.3062009389567386
1,ETTh1,720,pentropy,1251,NHITS,mae,0.3061542562625577
2,ETTh1,192,pmutual_info,501,MLP,rmse,0.3061194023351662
2,ETTh1,192,ipentropy,1251,TFT,rmse,0.3060575013988122
1,ETTh1,720,pfarm,501,NHITS,mae,0.3060236900685205
1,ETTh1,720,prollcorr,1501,NHITS,mae,0.3059863273297396
2,ETTh1,192,pmutual_info,1001,LSTM,rmse,0.3059409781474907
3,ETTh1,720,iprollcov,501,LSTM,mape,0.3059392190098055
2,ETTh1,192,ipentropy,1001,TFT,rmse,0.3058735009819008
2,ETTh1,192,prollcorr,1251,TFT,rmse,0.3058646077520945
2,ETTh1,192,ipmutual_info,1001,MLP,rmse,0.3057659461595412
1,ETTh1,720,pmutual_info,751,NBEATSx,mae,0.3057316510867138
2,ETTh1,192,iprollcov,1501,TFT,rmse,0.3057178205121674
2,ETTh1,192,iprollcov,751,TFT,rmse,0.3057022378769976
1,ETTh1,720,ipentropy,501,BiTCN,mae,0.3056885878962995
2,ETTh1,192,pentropy,1501,TFT,rmse,0.3056589116735286
1,ETTh1,720,ipentropy,501,NHITS,mae,0.3056422373923741
1,ETTh1,720,ipentropy,501,TFT,mae,0.305636707617258
2,ETTh1,192,prollcov,1251,TFT,rmse,0.305450438918652
2,ETTh1,192,iprollcorr,1251,TFT,rmse,0.3054405352318601
1,ETTh1,720,iprollcorr,1501,NHITS,mae,0.305439983563375
1,ETTh1,720,ipentropy,1501,BiTCN,mae,0.3054396539802862
2,ETTh1,192,pmutual_info,501,TFT,rmse,0.3053737210756311
3,ETTh1,720,iprollcov,1501,GRU,mape,0.3053716666167628
3,ETTh1,720,identity,N/A,GRU,mape,0.3052614428266842
2,ETTh1,192,prollcorr,751,MLP,rmse,0.3052606362611255
2,ETTh1,192,iprollcov,1001,MLP,rmse,0.3051731858170552
3,ETTh1,720,iprollcorr,751,LSTM,mape,0.3051728796212411
1,ETTh1,720,identity,N/A,NHITS,mae,0.3051366960156169
2,ETTh1,192,prollcov,1251,MLP,rmse,0.3051215896546099
2,ETTh1,192,ipmutual_info,1501,TFT,rmse,0.3051097237578367
1,ETTh1,720,pfarm,1501,NHITS,mae,0.3050987153209616
2,ETTh1,192,prollcov,501,MLP,rmse,0.3050879908568457
2,ETTh1,192,prollcov,1501,TFT,rmse,0.3050428460990749
1,ETTh1,720,prollcov,1001,NHITS,mae,0.3049845301494782
1,ETTh1,720,ipentropy,1001,NHITS,mae,0.3049396093258407
1,ETTh1,720,prollcorr,1251,NHITS,mae,0.3049328457757989
2,ETTh1,192,iprollcorr,1001,MLP,rmse,0.3049175217350247
1,ETTh1,720,pentropy,1001,BiTCN,mae,0.3048706094509023
2,ETTh1,192,pentropy,1501,MLP,rmse,0.3047857339374977
0,ETTh1,720,iprollcorr,751,LSTM,mse,0.3047182103877924
2,ETTh1,192,pentropy,501,TFT,rmse,0.3047160268353255
2,ETTh1,192,iprollcov,751,MLP,rmse,0.3046911500061888
2,ETTh1,192,pfarm,1251,TFT,rmse,0.3046727262849161
2,ETTh1,192,identity,N/A,TFT,rmse,0.3046391434245834
1,ETTh1,720,ipentropy,1501,NHITS,mae,0.3045948834123094
2,ETTh1,192,pentropy,1001,LSTM,rmse,0.3044179182788403
2,ETTh1,192,pfarm,1001,DeepNPTS,rmse,0.304415176373986
2,ETTh1,192,prollcorr,1001,DeepNPTS,rmse,0.304410833930929
1,ETTh1,720,prollcov,1251,BiTCN,mae,0.3043517502821624
2,ETTh1,192,prollcov,1001,MLP,rmse,0.3043454737155141
2,ETTh1,192,pfarm,1501,DeepNPTS,rmse,0.3043387605192105
2,ETTh1,192,ipentropy,751,TFT,rmse,0.3043203229921239
2,ETTh1,192,pmutual_info,501,DeepNPTS,rmse,0.3043160963331019
1,ETTh1,720,pentropy,1501,NHITS,mae,0.3043081335459225
2,ETTh1,192,prollcov,501,TFT,rmse,0.3042179021453159
2,ETTh1,192,prollcorr,1001,MLP,rmse,0.3041099522393068
1,ETTh1,720,ipentropy,751,NHITS,mae,0.3040214883198395
2,ETTh1,192,prollcorr,501,DeepNPTS,rmse,0.3039742374760466
2,ETTh1,192,pmutual_info,1251,TFT,rmse,0.3037069683704228
2,ETTh1,192,iprollcorr,1251,DeepNPTS,rmse,0.303610759580138
2,ETTh1,192,iprollcov,1001,TSMixerx,rmse,0.3034487186681909
2,ETTh1,192,pentropy,1251,DeepNPTS,rmse,0.30341464576734
2,ETTh1,192,iprollcorr,501,DeepNPTS,rmse,0.3034033828162717
1,ETTh1,720,iprollcov,1501,NHITS,mae,0.3033507379928441
2,ETTh1,192,ipmutual_info,501,TSMixerx,rmse,0.3033191573865045
2,ETTh1,192,iprollcorr,1001,TSMixerx,rmse,0.3032668862068218
2,ETTh1,192,ipentropy,1501,TSMixerx,rmse,0.3032668565870136
2,ETTh1,192,ipmutual_info,751,TSMixerx,rmse,0.3031861381920644
2,ETTh1,192,ipentropy,501,TSMixerx,rmse,0.3031692338665919
2,ETTh1,192,iprollcov,751,TSMixerx,rmse,0.3031596735629995
2,ETTh1,192,iprollcorr,1501,DeepNPTS,rmse,0.3030045712482851
2,ETTh1,192,iprollcorr,751,TSMixerx,rmse,0.3029631009732895
2,ETTh1,192,prollcov,1251,TSMixerx,rmse,0.3029464528057466
2,ETTh1,192,ipentropy,1001,TSMixerx,rmse,0.3029372394427123
2,ETTh1,192,pmutual_info,1001,DeepNPTS,rmse,0.3029083435490537
2,ETTh1,192,prollcov,751,DeepNPTS,rmse,0.3028947770758416
2,ETTh1,192,iprollcov,501,TSMixerx,rmse,0.3028686735659217
2,ETTh1,192,prollcorr,751,TSMixerx,rmse,0.3028044711116375
2,ETTh1,192,pentropy,751,TSMixerx,rmse,0.3027672131357196
2,ETTh1,192,pfarm,1251,TSMixerx,rmse,0.3027466327897793
2,ETTh1,192,ipmutual_info,1251,DeepNPTS,rmse,0.3026883167069866
2,ETTh1,192,ipentropy,1251,TSMixerx,rmse,0.3026640413114008
2,ETTh1,192,prollcorr,1001,TSMixerx,rmse,0.3026606189687632
2,ETTh1,192,ipentropy,1251,DeepNPTS,rmse,0.3026299438325938
2,ETTh1,192,prollcorr,1251,TSMixerx,rmse,0.3026234231511823
2,ETTh1,192,prollcov,751,TSMixerx,rmse,0.3025528801343356
2,ETTh1,192,ipmutual_info,1501,TSMixerx,rmse,0.3025439680290603
2,ETTh1,192,pentropy,1251,TSMixerx,rmse,0.3025368372015892
2,ETTh1,192,prollcorr,501,TSMixerx,rmse,0.3025302871063338
2,ETTh1,96,pentropy,751,NHITS,rmse,0.3025168985090959
2,ETTh1,192,pentropy,501,TSMixerx,rmse,0.3025157189587239
2,ETTh1,192,ipentropy,751,TSMixerx,rmse,0.3025134856314806
2,ETTh1,192,iprollcov,1251,TSMixerx,rmse,0.3025132955357428
2,ETTh1,192,iprollcorr,1501,BiTCN,rmse,0.3024654002473935
2,ETTh1,192,pentropy,751,BiTCN,rmse,0.3024550365506115
2,ETTh1,192,pentropy,1001,TSMixerx,rmse,0.3024164598352105
2,ETTh1,192,prollcov,1501,DeepNPTS,rmse,0.3023838461376513
2,ETTh1,192,pentropy,501,DeepNPTS,rmse,0.3023526979787393
2,ETTh1,192,ipmutual_info,1001,DeepNPTS,rmse,0.3023502563586839
2,ETTh1,192,pentropy,1001,DeepNPTS,rmse,0.3023271617191632
2,ETTh1,192,pentropy,1501,LSTM,rmse,0.3023179237888902
2,ETTh1,192,iprollcorr,1501,TSMixerx,rmse,0.3022608381387171
2,ETTh1,192,prollcov,1501,TSMixerx,rmse,0.3022505986730332
2,ETTh1,192,iprollcorr,501,TSMixerx,rmse,0.3022281209906924
2,ETTh1,192,pfarm,1001,TSMixerx,rmse,0.3021276500584249
2,ETTh1,192,pfarm,751,MLP,rmse,0.3020802833782926
2,ETTh1,192,prollcov,1001,TSMixerx,rmse,0.3020589257234478
2,ETTh1,192,iprollcorr,1251,TSMixerx,rmse,0.3020521885838227
2,ETTh1,192,prollcorr,1501,TSMixerx,rmse,0.3020134723803976
2,ETTh1,192,identity,N/A,TSMixerx,rmse,0.3020038833552224
2,ETTh1,192,iprollcov,1501,TSMixerx,rmse,0.3019848565654678
2,ETTh1,192,prollcov,1251,DeepNPTS,rmse,0.3019745350199539
2,ETTh1,192,iprollcov,751,DeepNPTS,rmse,0.3019444791097943
0,ETTh1,720,identity,N/A,LSTM,mse,0.3019426462291198
2,ETTh1,192,ipmutual_info,1001,TSMixerx,rmse,0.301906386386316
2,ETTh1,192,pentropy,1501,TSMixerx,rmse,0.301868858807393
2,ETTh1,192,pfarm,1501,TSMixerx,rmse,0.3018503478619521
2,ETTh1,192,pfarm,501,TSMixerx,rmse,0.3018274704761765
1,ETTh1,720,iprollcov,501,BiTCN,mae,0.3017644930334502
2,ETTh1,192,pentropy,1001,BiTCN,rmse,0.3017357043242159
2,ETTh1,192,pfarm,751,DeepNPTS,rmse,0.3016684354083233
2,ETTh1,192,pmutual_info,501,BiTCN,rmse,0.3016676374704453
2,ETTh1,192,ipmutual_info,1251,TSMixerx,rmse,0.3016369087626012
2,ETTh1,192,prollcov,1001,LSTM,rmse,0.3016317289799646
2,ETTh1,192,ipmutual_info,1501,BiTCN,rmse,0.3016214726813159
2,ETTh1,192,ipmutual_info,501,BiTCN,rmse,0.3016164764438731
2,ETTh1,192,pentropy,501,BiTCN,rmse,0.3015798084656376
2,ETTh1,192,iprollcov,1501,BiTCN,rmse,0.3015779402884183
2,ETTh1,192,iprollcorr,1251,BiTCN,rmse,0.3015571690508609
2,ETTh1,192,iprollcorr,751,BiTCN,rmse,0.3015433951911753
2,ETTh1,192,ipmutual_info,1251,BiTCN,rmse,0.3015327872657268
2,ETTh1,192,pfarm,751,TSMixerx,rmse,0.3015179978710653
2,ETTh1,192,iprollcov,1251,BiTCN,rmse,0.3014824270037997
2,ETTh1,192,ipmutual_info,1001,BiTCN,rmse,0.3014681196290207
2,ETTh1,192,prollcorr,1251,BiTCN,rmse,0.3014387647122964
2,ETTh1,192,pentropy,1501,BiTCN,rmse,0.3014383420907592
2,ETTh1,192,iprollcov,1001,BiTCN,rmse,0.301428083086776
2,ETTh1,192,iprollcorr,501,BiTCN,rmse,0.3014267007733243
2,ETTh1,192,iprollcov,501,BiTCN,rmse,0.3014084308517021
2,ETTh1,192,prollcov,1501,BiTCN,rmse,0.3013976296744103
2,ETTh1,192,ipentropy,1501,BiTCN,rmse,0.3013867381638416
2,ETTh1,192,ipmutual_info,751,BiTCN,rmse,0.3013835277239993
2,ETTh1,192,prollcorr,1501,BiTCN,rmse,0.3013695499111372
2,ETTh1,192,ipentropy,1251,BiTCN,rmse,0.3013655375092042
2,ETTh1,192,pfarm,751,BiTCN,rmse,0.3013628676893592
2,ETTh1,192,iprollcov,751,BiTCN,rmse,0.3013410322105724
2,ETTh1,192,pentropy,1251,BiTCN,rmse,0.3013197549566465
2,ETTh1,192,pfarm,1251,BiTCN,rmse,0.3012911004628517
2,ETTh1,192,ipentropy,751,BiTCN,rmse,0.3012708447055126
2,ETTh1,192,prollcov,1251,BiTCN,rmse,0.3012576321592374
2,ETTh1,192,ipentropy,1001,BiTCN,rmse,0.301250724573342
2,ETTh1,192,pfarm,501,BiTCN,rmse,0.3011989736969269
2,ETTh1,192,identity,N/A,BiTCN,rmse,0.301191996791723
2,ETTh1,192,pfarm,1001,BiTCN,rmse,0.3011871073142029
2,ETTh1,192,iprollcorr,1001,BiTCN,rmse,0.3011382695825782
2,ETTh1,192,ipentropy,501,BiTCN,rmse,0.301131310098881
2,ETTh1,192,pfarm,1501,BiTCN,rmse,0.3011220328268132
2,ETTh1,192,prollcov,1001,BiTCN,rmse,0.3010766694797371
1,ETTh1,720,pmutual_info,1501,NHITS,mae,0.3010673869293278
2,ETTh1,192,pmutual_info,1001,MLP,rmse,0.3010470651682881
1,ETTh1,720,pmutual_info,1001,NHITS,mae,0.3010224183187373
2,ETTh1,192,prollcov,501,BiTCN,rmse,0.3009332026514693
1,ETTh1,720,iprollcov,751,NHITS,mae,0.3009172660388917
3,ETTh1,720,prollcorr,501,GRU,mape,0.3009148355432821
2,ETTh1,192,prollcorr,1001,BiTCN,rmse,0.3008953961187393
2,ETTh1,192,prollcov,751,BiTCN,rmse,0.3008921883741449
2,ETTh1,192,iprollcorr,751,DeepNPTS,rmse,0.300833881456948
2,ETTh1,192,prollcov,501,DeepNPTS,rmse,0.3008224406606087
2,ETTh1,192,prollcorr,751,BiTCN,rmse,0.3008032475738433
2,ETTh1,192,pmutual_info,751,BiTCN,rmse,0.300784363379957
2,ETTh1,192,ipmutual_info,751,DeepNPTS,rmse,0.3007597607500735
2,ETTh1,192,prollcorr,751,DeepNPTS,rmse,0.300744202197828
2,ETTh1,192,prollcorr,501,BiTCN,rmse,0.3005954834511916
1,ETTh1,720,iprollcorr,1001,NBEATSx,mae,0.3005121953749137
2,ETTh1,192,pmutual_info,1251,BiTCN,rmse,0.3005097213599105
2,ETTh1,192,prollcorr,1501,DeepNPTS,rmse,0.3004949270087277
2,ETTh1,192,pmutual_info,1001,BiTCN,rmse,0.3004872125183213
2,ETTh1,192,ipentropy,1501,DeepNPTS,rmse,0.3004566098146896
2,ETTh1,192,pmutual_info,1501,BiTCN,rmse,0.3004324016308173
1,ETTh1,720,ipmutual_info,501,NBEATSx,mae,0.3003542268741201
2,ETTh1,192,pentropy,1501,DeepNPTS,rmse,0.3003140483556618
2,ETTh1,192,prollcorr,1501,TiDE,rmse,0.3001997557866734
2,ETTh1,192,prollcorr,1001,TiDE,rmse,0.3001997557866734
2,ETTh1,192,ipmutual_info,501,TiDE,rmse,0.3001997557866734
2,ETTh1,192,iprollcorr,1001,TiDE,rmse,0.3001997557866734
2,ETTh1,192,iprollcorr,1251,TiDE,rmse,0.3001997557866734
2,ETTh1,192,iprollcorr,501,TiDE,rmse,0.3001997557866734
2,ETTh1,192,iprollcorr,751,TiDE,rmse,0.3001997557866734
2,ETTh1,192,iprollcov,501,TiDE,rmse,0.3001997557866734
2,ETTh1,192,iprollcov,751,TiDE,rmse,0.3001997557866734
2,ETTh1,192,iprollcorr,1501,TiDE,rmse,0.3001997557866734
2,ETTh1,192,ipentropy,1251,TiDE,rmse,0.3001997557866734
2,ETTh1,192,ipmutual_info,1501,TiDE,rmse,0.3001997557866734
2,ETTh1,192,ipmutual_info,751,TiDE,rmse,0.3001997557866734
2,ETTh1,192,ipmutual_info,1001,TiDE,rmse,0.3001997557866734
2,ETTh1,192,ipmutual_info,1251,TiDE,rmse,0.3001997557866734
2,ETTh1,192,iprollcov,1001,TiDE,rmse,0.3001997557866734
2,ETTh1,192,pentropy,1251,TiDE,rmse,0.3001997557866734
2,ETTh1,192,identity,N/A,TiDE,rmse,0.3001997557866734
2,ETTh1,192,pfarm,751,TiDE,rmse,0.3001997557866734
2,ETTh1,192,pfarm,1501,TiDE,rmse,0.3001997557866734
2,ETTh1,192,ipentropy,1501,TiDE,rmse,0.3001997557866734
2,ETTh1,192,pfarm,1001,TiDE,rmse,0.3001997557866734
2,ETTh1,192,pfarm,501,TiDE,rmse,0.3001997557866734
2,ETTh1,192,prollcorr,501,TiDE,rmse,0.3001997557866734
2,ETTh1,192,pmutual_info,1501,TiDE,rmse,0.3001997557866734
2,ETTh1,192,pmutual_info,501,TiDE,rmse,0.3001997557866734
2,ETTh1,192,pmutual_info,1001,TiDE,rmse,0.3001997557866734
2,ETTh1,192,ipentropy,1001,TiDE,rmse,0.3001997557866734
2,ETTh1,192,pmutual_info,751,TiDE,rmse,0.3001997557866734
2,ETTh1,192,pentropy,1501,TiDE,rmse,0.3001997557866734
2,ETTh1,192,ipentropy,501,TiDE,rmse,0.3001997557866734
2,ETTh1,192,pfarm,1251,TiDE,rmse,0.3001997557866734
2,ETTh1,192,prollcov,1001,TiDE,rmse,0.3001997557866734
2,ETTh1,192,pmutual_info,1251,TiDE,rmse,0.3001997557866734
2,ETTh1,192,prollcov,1251,TiDE,rmse,0.3001997557866734
2,ETTh1,192,prollcov,501,TiDE,rmse,0.3001997557866734
2,ETTh1,192,iprollcov,1251,TiDE,rmse,0.3001997557866734
2,ETTh1,192,pentropy,751,TiDE,rmse,0.3001997557866734
2,ETTh1,192,prollcov,1501,TiDE,rmse,0.3001997557866734
2,ETTh1,192,pentropy,501,TiDE,rmse,0.3001997557866734
2,ETTh1,192,pentropy,1001,TiDE,rmse,0.3001997557866734
2,ETTh1,192,ipentropy,751,TiDE,rmse,0.3001997557866734
2,ETTh1,192,prollcorr,1251,TiDE,rmse,0.3001997557866734
2,ETTh1,192,prollcorr,751,TiDE,rmse,0.3001997557866734
2,ETTh1,192,prollcov,751,TiDE,rmse,0.3001997557866734
2,ETTh1,192,iprollcov,1501,TiDE,rmse,0.3001997557866734
2,ETTh1,192,pfarm,1251,DeepNPTS,rmse,0.300165102862775
2,ETTh1,192,pmutual_info,751,DeepNPTS,rmse,0.300150158701556
2,ETTh1,192,ipentropy,1001,DeepNPTS,rmse,0.3001500834466332
1,ETTh1,720,prollcorr,1251,BiTCN,mae,0.3001100049400702
1,ETTh1,720,pfarm,1501,NBEATSx,mae,0.3000796835742053
1,ETTh1,720,iprollcorr,751,NHITS,mae,0.3000243037459816
3,ETTh1,720,ipentropy,751,LSTM,mape,0.3000190434154121
1,ETTh1,720,pmutual_info,1251,BiTCN,mae,0.3000027159771985
2,ETTh1,192,identity,N/A,DeepNPTS,rmse,0.3000021730991125
2,ETTh1,192,iprollcov,1001,DeepNPTS,rmse,0.2999875581421712
3,ETTh1,720,prollcorr,1251,GRU,mape,0.2998129984668837
2,ETTh1,192,prollcorr,1251,DeepNPTS,rmse,0.2997967796082079
2,ETTh1,192,iprollcorr,1001,DeepNPTS,rmse,0.2997576410333775
1,ETTh1,720,ipentropy,751,BiTCN,mae,0.2995293896475841
2,ETTh1,192,iprollcov,1251,DeepNPTS,rmse,0.2994871782188646
1,ETTh1,720,iprollcov,1251,NBEATSx,mae,0.2994709694207218
2,ETTh1,192,prollcov,1001,DeepNPTS,rmse,0.299236095545174
1,ETTh1,720,ipmutual_info,751,NBEATSx,mae,0.2992053664988664
2,ETTh1,192,ipmutual_info,501,DeepNPTS,rmse,0.2991886078803035
1,ETTh1,720,iprollcorr,1501,BiTCN,mae,0.2991015072791382
2,ETTh1,192,pentropy,751,DeepNPTS,rmse,0.2990461207257073
1,ETTh1,720,pmutual_info,1251,NHITS,mae,0.2989678269216983
2,ETTh1,192,pmutual_info,1251,DeepNPTS,rmse,0.2987426788055615
2,ETTh1,96,prollcorr,1251,NBEATSx,rmse,0.2986929213663565
2,ETTh1,192,ipentropy,501,DeepNPTS,rmse,0.2986699387364279
2,ETTh1,96,pentropy,501,NBEATSx,rmse,0.2986618638067334
2,ETTh1,192,pmutual_info,1501,DeepNPTS,rmse,0.2986141236416419
1,ETTh1,720,iprollcov,1001,NHITS,mae,0.2984812539209396
1,ETTh1,720,iprollcorr,1001,NHITS,mae,0.2984639961903266
2,ETTh1,96,prollcov,751,NBEATSx,rmse,0.2984459939777362
3,ETTh1,720,iprollcov,1001,LSTM,mape,0.2983611698882193
1,ETTh1,720,prollcorr,1001,BiTCN,mae,0.298253843632862
3,ETTh1,720,iprollcorr,501,GRU,mape,0.2982128592643709
1,ETTh1,720,ipmutual_info,1501,NBEATSx,mae,0.2979715278430533
2,ETTh1,192,ipmutual_info,1501,DeepNPTS,rmse,0.2979561570850245
2,ETTh1,192,pfarm,501,DeepNPTS,rmse,0.297785808007692
3,ETTh1,720,identity,N/A,LSTM,mape,0.2977852051841193
0,ETTh1,720,pentropy,501,GRU,mse,0.297768846707572
2,ETTh1,192,iprollcov,501,DeepNPTS,rmse,0.2976793781739882
1,ETTh1,720,pfarm,1251,NBEATSx,mae,0.2975396428527578
2,ETTh1,96,iprollcov,501,NBEATSx,rmse,0.2974496299691603
3,ETTh1,720,iprollcorr,1001,LSTM,mape,0.297367340447106
2,ETTh1,192,ipentropy,751,DeepNPTS,rmse,0.2972510022052657
2,ETTh1,96,prollcov,1501,NHITS,rmse,0.2967167631902414
1,ETTh1,720,pentropy,1251,BiTCN,mae,0.2967048858588926
1,ETTh1,720,pentropy,501,NBEATSx,mae,0.2964369425853817
2,ETTh1,96,pentropy,1501,NHITS,rmse,0.2956788300617539
3,ETTh1,720,iprollcov,501,GRU,mape,0.295637576888023
1,ETTh1,720,pmutual_info,751,NHITS,mae,0.2953408870813102
2,ETTh1,96,pfarm,751,LSTM,rmse,0.2951808664224089
1,ETTh1,720,prollcorr,1251,NBEATSx,mae,0.2950838073035336
0,ETTh1,720,pfarm,1501,LSTM,mse,0.2948640230474525
2,ETTh1,96,pfarm,501,NBEATSx,rmse,0.2945554853908241
1,ETTh1,720,pmutual_info,501,NHITS,mae,0.294469464279071
2,ETTh1,96,pfarm,751,NBEATSx,rmse,0.2944221238803088
3,ETTh1,720,ipentropy,1501,LSTM,mape,0.2943182047145272
3,ETTh1,720,iprollcov,1501,LSTM,mape,0.2939142788793435
2,ETTh1,96,prollcorr,1501,NHITS,rmse,0.2938083706585613
1,ETTh1,720,pmutual_info,1501,NBEATSx,mae,0.2936578600971097
3,ETTh1,720,ipentropy,1001,GRU,mape,0.2935925322388343
3,ETTh1,720,ipentropy,1251,LSTM,mape,0.2934734132079232
1,ETTh1,720,iprollcov,501,NBEATSx,mae,0.2933478233922574
0,ETTh1,720,prollcov,1001,LSTM,mse,0.293236660293239
1,ETTh1,720,pfarm,1001,NBEATSx,mae,0.2927403787913679
2,ETTh1,96,pfarm,501,NHITS,rmse,0.2925777553440479
1,ETTh1,720,pmutual_info,501,NBEATSx,mae,0.2925567804103048
1,ETTh1,720,iprollcorr,1251,NBEATSx,mae,0.2923066766517636
0,ETTh1,720,iprollcov,501,LSTM,mse,0.2922222433765481
1,ETTh1,720,pmutual_info,1001,NBEATSx,mae,0.2921853873698503
0,ETTh1,720,prollcorr,501,GRU,mse,0.2920573297757459
0,ETTh1,720,iprollcorr,501,GRU,mse,0.2920436897444998
1,ETTh1,720,pmutual_info,1251,TFT,mae,0.2919368301969634
1,ETTh1,720,iprollcorr,501,BiTCN,mae,0.2918070491078793
2,ETTh1,96,ipmutual_info,751,NHITS,rmse,0.2917700655899465
3,ETTh1,720,pentropy,1251,GRU,mape,0.29175399148218
0,ETTh1,720,iprollcov,1501,LSTM,mse,0.291615091607812
0,ETTh1,720,pentropy,1251,GRU,mse,0.2915623630924024
2,ETTh1,96,iprollcorr,501,NBEATSx,rmse,0.2915371921136265
1,ETTh1,720,ipmutual_info,751,BiTCN,mae,0.2914361087153918
3,ETTh1,720,iprollcorr,501,LSTM,mape,0.2911333483191569
1,ETTh1,720,prollcorr,751,BiTCN,mae,0.2910180217316916
3,ETTh1,720,prollcov,1001,LSTM,mape,0.2908745705422687
2,ETTh1,96,ipmutual_info,1501,NBEATSx,rmse,0.2908078720096475
1,ETTh1,720,pfarm,751,BiTCN,mae,0.2906614987829905
2,ETTh1,96,prollcov,1001,NHITS,rmse,0.2906198822132355
1,ETTh1,720,pentropy,501,BiTCN,mae,0.2905595229585517
2,ETTh1,96,prollcov,1501,NBEATSx,rmse,0.290317975745344
2,ETTh1,96,pfarm,1501,NHITS,rmse,0.2902186304130583
1,ETTh1,720,iprollcov,1501,BiTCN,mae,0.2901237437562273
1,ETTh1,720,iprollcorr,751,NBEATSx,mae,0.2900174629477871
2,ETTh1,96,prollcorr,751,NBEATSx,rmse,0.2899525862283012
2,ETTh1,96,prollcorr,501,NBEATSx,rmse,0.2898271988944975
0,ETTh1,720,pfarm,1001,GRU,mse,0.2897868402691722
3,ETTh1,720,iprollcorr,1251,GRU,mape,0.2897673995794766
0,ETTh1,720,iprollcorr,1251,GRU,mse,0.2897049261366239
2,ETTh1,96,ipmutual_info,751,LSTM,rmse,0.2896007819836299
2,ETTh1,96,prollcov,751,NHITS,rmse,0.2895272662675275
1,ETTh1,720,identity,N/A,BiTCN,mae,0.2893131841964911
1,ETTh1,720,pentropy,751,BiTCN,mae,0.2889199557757036
1,ETTh1,720,ipentropy,501,NBEATSx,mae,0.2889103896513966
2,ETTh1,96,iprollcorr,1501,LSTM,rmse,0.2888044516947778
2,ETTh1,96,pentropy,1501,NBEATSx,rmse,0.2887736762837582
3,ETTh1,720,pfarm,1251,LSTM,mape,0.2885932194277116
1,ETTh1,720,prollcorr,1501,NBEATSx,mae,0.288533143377608
1,ETTh1,720,iprollcorr,1251,BiTCN,mae,0.2883332051771361
2,ETTh1,96,pentropy,1001,NHITS,rmse,0.2883177218004734
1,ETTh1,720,ipmutual_info,1001,NBEATSx,mae,0.2882604039383546
2,ETTh1,96,pmutual_info,1001,NBEATSx,rmse,0.2882241111153275
3,ETTh1,720,pentropy,751,LSTM,mape,0.2882223038923703
1,ETTh1,720,ipmutual_info,1251,NBEATSx,mae,0.2882199358788245
1,ETTh1,720,pentropy,1251,NBEATSx,mae,0.2881669563922471
2,ETTh1,96,prollcov,1251,NHITS,rmse,0.2881250574438841
0,ETTh1,720,pfarm,1501,GRU,mse,0.2881211251753408
2,ETTh1,96,iprollcov,1501,NHITS,rmse,0.2880091062424218
3,ETTh1,720,pentropy,501,GRU,mape,0.287796857395222
3,ETTh1,720,pentropy,1001,LSTM,mape,0.2877822347602245
2,ETTh1,96,iprollcov,501,NHITS,rmse,0.2876471674203362
3,ETTh1,720,prollcov,1251,LSTM,mape,0.2874440472697716
1,ETTh1,720,prollcov,1001,NBEATSx,mae,0.2874277961871571
2,ETTh1,96,pentropy,1501,LSTM,rmse,0.2873568116205391
2,ETTh1,96,ipentropy,1001,LSTM,rmse,0.2873349632314594
2,ETTh1,96,pentropy,751,NBEATSx,rmse,0.2871591249061745
1,ETTh1,720,ipentropy,1001,BiTCN,mae,0.2871138215446166
1,ETTh1,720,prollcorr,1001,NBEATSx,mae,0.2869867598715709
3,ETTh1,720,iprollcorr,1501,LSTM,mape,0.2868744321481906
0,ETTh1,720,ipentropy,1501,GRU,mse,0.2867150028520189
3,ETTh1,720,pfarm,1501,GRU,mape,0.2867010479310732
3,ETTh1,720,pfarm,1001,GRU,mape,0.2866921509298207
0,ETTh1,720,iprollcov,1001,LSTM,mse,0.2865363379487963
2,ETTh1,96,prollcorr,1501,LSTM,rmse,0.2863133695533415
1,ETTh1,720,ipentropy,1001,NBEATSx,mae,0.2859632295426928
3,ETTh1,720,prollcorr,1501,LSTM,mape,0.2858827811035958
2,ETTh1,96,ipmutual_info,1251,NBEATSx,rmse,0.2856077148561777
1,ETTh1,720,pentropy,751,NBEATSx,mae,0.285491624859653
0,ETTh1,720,pentropy,751,LSTM,mse,0.2854275924388399
2,ETTh1,96,iprollcorr,501,LSTM,rmse,0.285331892678772
1,ETTh1,720,iprollcorr,501,NBEATSx,mae,0.2851980928074809
2,ETTh1,96,pfarm,1251,NHITS,rmse,0.2851851144230042
1,ETTh1,720,pentropy,1501,NBEATSx,mae,0.2851412545028536
2,ETTh1,96,iprollcov,1001,LSTM,rmse,0.285079785058076
2,ETTh1,96,pentropy,501,LSTM,rmse,0.2850259763693407
1,ETTh1,720,iprollcorr,751,BiTCN,mae,0.28486208400711
2,ETTh1,96,pentropy,1001,NBEATSx,rmse,0.2848429551311059
0,ETTh1,720,pentropy,1001,LSTM,mse,0.2847540030414998
2,ETTh1,96,ipmutual_info,751,NBEATSx,rmse,0.2847347318457119
2,ETTh1,96,prollcorr,1251,NHITS,rmse,0.2847226373733141
1,ETTh1,720,prollcorr,501,BiTCN,mae,0.2846443888535159
2,ETTh1,96,ipentropy,1501,LSTM,rmse,0.2845144398812758
2,ETTh1,96,iprollcov,1001,NHITS,rmse,0.2844799100532014
2,ETTh1,96,iprollcorr,751,LSTM,rmse,0.2844284604400233
3,ETTh1,720,pmutual_info,1501,LSTM,mape,0.2843460812673531
0,ETTh1,720,ipentropy,1501,LSTM,mse,0.2842729604951432
2,ETTh1,96,prollcorr,1251,LSTM,rmse,0.2841974951212508
1,ETTh1,720,pentropy,1001,TFT,mae,0.2841600929898131
1,ETTh1,720,pmutual_info,1251,NBEATSx,mae,0.2840832163933052
1,ETTh1,720,prollcorr,751,NBEATSx,mae,0.2839139381986463
2,ETTh1,96,prollcorr,501,LSTM,rmse,0.2838588228241241
2,ETTh1,96,iprollcov,751,LSTM,rmse,0.2838015317680151
1,ETTh1,720,ipentropy,751,NBEATSx,mae,0.2837982969624929
1,ETTh1,720,iprollcov,751,NBEATSx,mae,0.2835625898671606
2,ETTh1,96,ipentropy,751,LSTM,rmse,0.2835514816656269
0,ETTh1,720,ipentropy,751,LSTM,mse,0.2835168076616724
1,ETTh1,720,iprollcov,1501,TCN,mae,0.283492522462334
3,ETTh1,720,ipentropy,1001,LSTM,mape,0.2834652867537809
2,ETTh1,96,ipmutual_info,1001,NBEATSx,rmse,0.2834427927372731
3,ETTh1,720,pmutual_info,501,GRU,mape,0.2832485155362172
2,ETTh1,96,iprollcorr,1501,NBEATSx,rmse,0.2832357295560456
2,ETTh1,96,ipmutual_info,1501,LSTM,rmse,0.283218815318528
1,ETTh1,720,prollcorr,501,NBEATSx,mae,0.2831696961348673
2,ETTh1,96,ipmutual_info,501,TCN,rmse,0.2830867283993624
2,ETTh1,96,pentropy,1001,TCN,rmse,0.2830818629571661
2,ETTh1,96,iprollcov,1251,TCN,rmse,0.283073046829894
2,ETTh1,96,prollcov,1001,NBEATSx,rmse,0.2830720574108925
2,ETTh1,96,ipmutual_info,751,TCN,rmse,0.283068434102679
2,ETTh1,96,iprollcorr,1001,TCN,rmse,0.2830675891927203
2,ETTh1,96,pentropy,1501,TCN,rmse,0.2830673853851215
2,ETTh1,96,pfarm,1251,TCN,rmse,0.2830667184995201
2,ETTh1,96,iprollcorr,1251,TCN,rmse,0.2830642905316203
2,ETTh1,96,pfarm,501,TCN,rmse,0.2830640123038488
2,ETTh1,96,iprollcorr,501,TCN,rmse,0.2830615599677713
2,ETTh1,96,iprollcov,1501,TCN,rmse,0.2830593847817909
2,ETTh1,96,prollcov,1001,LSTM,rmse,0.2830590650766196
2,ETTh1,96,iprollcov,1001,TCN,rmse,0.2830568991101598
2,ETTh1,96,iprollcorr,1501,TCN,rmse,0.2830538038797426
2,ETTh1,96,ipentropy,1001,TCN,rmse,0.283052869203747
2,ETTh1,96,iprollcov,501,TCN,rmse,0.2830484548639198
2,ETTh1,96,pfarm,751,TCN,rmse,0.2830367209791479
2,ETTh1,96,pmutual_info,1501,TCN,rmse,0.2830327313569897
2,ETTh1,96,iprollcorr,751,TCN,rmse,0.2830291019583981
2,ETTh1,96,pmutual_info,1001,TCN,rmse,0.2830287887849916
2,ETTh1,96,prollcorr,501,TCN,rmse,0.2830287512068752
2,ETTh1,96,iprollcov,751,TCN,rmse,0.2830263726460039
2,ETTh1,96,pfarm,1501,TCN,rmse,0.2830234176403764
2,ETTh1,96,pmutual_info,751,NBEATSx,rmse,0.2830208014977456
3,ETTh1,720,prollcov,501,GRU,mape,0.2830163966519881
2,ETTh1,96,prollcov,1001,TCN,rmse,0.2830103576963413
2,ETTh1,96,prollcorr,1001,TCN,rmse,0.2829982673197069
2,ETTh1,96,pentropy,1251,TCN,rmse,0.2829899426128892
2,ETTh1,96,ipmutual_info,1001,TCN,rmse,0.282972472403578
2,ETTh1,96,prollcov,501,TCN,rmse,0.2829554087060329
2,ETTh1,96,ipmutual_info,1251,LSTM,rmse,0.2829113754947249
2,ETTh1,96,prollcov,501,LSTM,rmse,0.2828537565885862
3,ETTh1,720,ipentropy,501,LSTM,mape,0.2827993709786766
3,ETTh1,720,prollcorr,751,LSTM,mape,0.2827789694339772
1,ETTh1,720,prollcov,501,BiTCN,mae,0.282738427926238
1,ETTh1,720,ipentropy,1251,NBEATSx,mae,0.2826531845478742
1,ETTh1,720,pentropy,1001,NBEATSx,mae,0.282600067310071
1,ETTh1,720,ipmutual_info,501,DeepNPTS,mae,0.282567719185112
1,ETTh1,720,pfarm,751,DeepNPTS,mae,0.2824585854930897
3,ETTh1,720,ipentropy,1501,GRU,mape,0.2821850805855849
1,ETTh1,720,prollcov,501,NBEATSx,mae,0.2821398137885678
1,ETTh1,720,pfarm,751,NBEATSx,mae,0.2820727905772242
1,ETTh1,720,ipmutual_info,1001,DeepNPTS,mae,0.2820622426693759
1,ETTh1,720,pentropy,1251,DeepNPTS,mae,0.2819345621124414
1,ETTh1,720,prollcorr,1501,BiTCN,mae,0.2819113211615109
2,ETTh1,96,iprollcorr,501,GRU,rmse,0.2818108807027427
3,ETTh1,720,iprollcov,1251,GRU,mape,0.2817525033733604
2,ETTh1,96,prollcorr,1251,TCN,rmse,0.2816703044406863
2,ETTh1,96,pentropy,1251,GRU,rmse,0.2814999712890562
2,ETTh1,96,pentropy,1001,GRU,rmse,0.2814856720487507
2,ETTh1,96,prollcov,1251,NBEATSx,rmse,0.2814782532667208
2,ETTh1,96,pentropy,751,GRU,rmse,0.2814202050712379
1,ETTh1,720,ipentropy,501,DeepNPTS,mae,0.2813973674481481
2,ETTh1,96,pmutual_info,501,GRU,rmse,0.2813591849865809
2,ETTh1,96,pmutual_info,1501,LSTM,rmse,0.2813488734967166
2,ETTh1,96,iprollcorr,751,NBEATSx,rmse,0.2813133764611846
1,ETTh1,720,identity,N/A,NBEATSx,mae,0.2812936108061247
1,ETTh1,720,prollcorr,1251,DeepNPTS,mae,0.2812617835557406
2,ETTh1,96,pentropy,501,GRU,rmse,0.2811824549534025
2,ETTh1,96,pfarm,1251,LSTM,rmse,0.2811677171967182
2,ETTh1,96,prollcorr,1001,LSTM,rmse,0.2811110475540612
0,ETTh1,720,iprollcov,1251,GRU,mse,0.2810959613563755
2,ETTh1,96,ipentropy,1251,LSTM,rmse,0.280975353402543
2,ETTh1,96,pmutual_info,1001,GRU,rmse,0.2809650871313305
1,ETTh1,720,prollcov,1501,NBEATSx,mae,0.2809466669851896
2,ETTh1,96,prollcov,501,GRU,rmse,0.2809200634860292
2,ETTh1,96,pmutual_info,1501,GRU,rmse,0.2808996378298273
2,ETTh1,96,prollcorr,501,GRU,rmse,0.2808993115861823
2,ETTh1,96,iprollcov,1001,GRU,rmse,0.280784979130559
2,ETTh1,96,ipmutual_info,1501,GRU,rmse,0.2807555920793325
2,ETTh1,96,pentropy,1501,GRU,rmse,0.2807388507227493
2,ETTh1,96,prollcorr,1501,GRU,rmse,0.2807371077765473
2,ETTh1,96,ipmutual_info,1251,GRU,rmse,0.2806383937451956
2,ETTh1,96,iprollcov,501,GRU,rmse,0.2806279473581043
1,ETTh1,720,ipentropy,1251,TFT,mae,0.2806243136291086
2,ETTh1,96,iprollcorr,1001,GRU,rmse,0.2806206311811385
2,ETTh1,96,iprollcorr,1251,GRU,rmse,0.280613409439008
2,ETTh1,96,prollcov,1501,GRU,rmse,0.2806009948378535
1,ETTh1,720,pmutual_info,1251,DeepNPTS,mae,0.2805975291977572
2,ETTh1,96,iprollcov,1251,GRU,rmse,0.2805731835791752
2,ETTh1,96,pmutual_info,1251,NBEATSx,rmse,0.2805695577401585
1,ETTh1,720,prollcov,1251,NBEATSx,mae,0.2805147770560591
2,ETTh1,96,ipmutual_info,1001,LSTM,rmse,0.2805041369567228
2,ETTh1,96,ipmutual_info,1001,GRU,rmse,0.2804999971088222
2,ETTh1,96,iprollcorr,751,GRU,rmse,0.2804752661680763
2,ETTh1,96,ipentropy,1501,NBEATSx,rmse,0.2804636727565639
2,ETTh1,96,ipentropy,751,GRU,rmse,0.2804599556972537
2,ETTh1,96,iprollcov,751,GRU,rmse,0.2804576116452756
2,ETTh1,96,prollcov,1251,GRU,rmse,0.2804456195638934
2,ETTh1,96,prollcorr,751,GRU,rmse,0.2804148147734993
2,ETTh1,96,ipentropy,501,GRU,rmse,0.2803802251428897
2,ETTh1,96,ipentropy,1501,GRU,rmse,0.2803590311573399
3,ETTh1,720,prollcov,1501,LSTM,mape,0.2803330974114839
2,ETTh1,96,ipmutual_info,501,GRU,rmse,0.2803200038324044
2,ETTh1,96,identity,N/A,GRU,rmse,0.2803195427488477
2,ETTh1,96,ipentropy,1251,GRU,rmse,0.2803142161506131
2,ETTh1,96,ipentropy,501,LSTM,rmse,0.2803061598057956
2,ETTh1,96,pmutual_info,751,GRU,rmse,0.2802696502210057
2,ETTh1,96,prollcorr,1001,GRU,rmse,0.2802625567127145
2,ETTh1,96,prollcov,1001,GRU,rmse,0.2802370358246986
2,ETTh1,96,iprollcov,1251,NBEATSx,rmse,0.2802246383685964
1,ETTh1,720,pentropy,1501,DeepNPTS,mae,0.2802186129503649
2,ETTh1,96,iprollcorr,1501,GRU,rmse,0.2802171862476177
2,ETTh1,96,pfarm,1501,GRU,rmse,0.2801921862769287
2,ETTh1,96,pfarm,751,GRU,rmse,0.2801804478302689
2,ETTh1,96,pfarm,1001,GRU,rmse,0.2801603139626933
2,ETTh1,96,ipentropy,1001,GRU,rmse,0.2801001548210446
2,ETTh1,96,ipmutual_info,751,GRU,rmse,0.2800910593850303
2,ETTh1,96,pfarm,1001,LSTM,rmse,0.2800868549666379
2,ETTh1,96,iprollcorr,1001,LSTM,rmse,0.2800754271247027
2,ETTh1,96,pfarm,1251,GRU,rmse,0.2800616416756889
2,ETTh1,96,prollcorr,1251,GRU,rmse,0.2800192065025899
1,ETTh1,336,prollcorr,1001,MLP,mae,0.2799580444018588
2,ETTh1,96,pfarm,501,GRU,rmse,0.2799402008604827
1,ETTh1,336,prollcorr,1251,NHITS,mae,0.2799354160930208
2,ETTh1,96,ipentropy,751,NBEATSx,rmse,0.2799335825653948
2,ETTh1,96,prollcov,1501,LSTM,rmse,0.2799201785608388
2,ETTh1,96,iprollcorr,1251,NHITS,rmse,0.2799065835063858
2,ETTh1,96,pmutual_info,1251,GRU,rmse,0.2799036913047964
2,ETTh1,96,pmutual_info,751,NHITS,rmse,0.2798507113317484
2,ETTh1,96,pentropy,1251,NBEATSx,rmse,0.2797685579283776
2,ETTh1,96,pentropy,1001,LSTM,rmse,0.2797504719699062
2,ETTh1,96,pfarm,1501,LSTM,rmse,0.2797190959259855
2,ETTh1,96,pfarm,501,LSTM,rmse,0.2795829857642953
2,ETTh1,96,pmutual_info,1001,LSTM,rmse,0.2795688068263425
2,ETTh1,96,iprollcov,1501,GRU,rmse,0.2795492704489882
1,ETTh1,720,iprollcorr,1251,TFT,mae,0.2795154073984722
2,ETTh1,96,prollcov,751,GRU,rmse,0.2794937055556765
2,ETTh1,96,pfarm,751,NHITS,rmse,0.2794835241100399
1,ETTh1,336,prollcorr,1251,BiTCN,mae,0.2794404504683544
2,ETTh1,96,prollcov,751,LSTM,rmse,0.2794117871690033
2,ETTh1,96,pmutual_info,501,NHITS,rmse,0.2793898787271852
2,ETTh1,96,prollcorr,751,LSTM,rmse,0.2792410683739545
1,ETTh1,720,iprollcorr,1501,DeepNPTS,mae,0.2790901023694767
2,ETTh1,96,iprollcov,1251,LSTM,rmse,0.2790819746263259
2,ETTh1,96,pentropy,751,TCN,rmse,0.2789883762802272
1,ETTh1,720,iprollcov,1501,DeepNPTS,mae,0.2789141402009089
1,ETTh1,720,ipmutual_info,1501,DeepNPTS,mae,0.2788501495339397
2,ETTh1,96,identity,N/A,LSTM,rmse,0.2787444817521569
2,ETTh1,96,iprollcorr,1251,LSTM,rmse,0.2787238363087959
1,ETTh1,336,iprollcorr,1251,BiTCN,mae,0.2786582301440041
2,ETTh1,96,pentropy,751,LSTM,rmse,0.2786199611674887
2,ETTh1,96,ipentropy,751,NHITS,rmse,0.2785748422002775
2,ETTh1,96,pfarm,1251,NBEATSx,rmse,0.2785618485573476
1,ETTh1,720,pfarm,1001,DeepNPTS,mae,0.2785135250886371
2,ETTh1,96,ipmutual_info,1001,NHITS,rmse,0.2783980118656516
2,ETTh1,96,iprollcov,501,LSTM,rmse,0.2783865956994497
1,ETTh1,720,prollcorr,1001,DeepNPTS,mae,0.2783161737724429
1,ETTh1,720,pmutual_info,1501,DeepNPTS,mae,0.2781465125375688
1,ETTh1,336,prollcorr,1001,NHITS,mae,0.2780884445242973
2,ETTh1,96,pmutual_info,751,LSTM,rmse,0.2780199668771673
1,ETTh1,720,ipentropy,1251,DeepNPTS,mae,0.2779506426815148
2,ETTh1,96,prollcov,501,NBEATSx,rmse,0.2779449784124181
2,ETTh1,96,pmutual_info,1001,NHITS,rmse,0.2779350934445393
1,ETTh1,720,pfarm,1501,DeepNPTS,mae,0.2778767888265652
1,ETTh1,720,prollcov,1501,DeepNPTS,mae,0.2778447029818104
2,ETTh1,96,prollcov,1251,LSTM,rmse,0.2778297377638519
2,ETTh1,96,prollcorr,1501,NBEATSx,rmse,0.2777835864456709
3,ETTh1,720,iprollcov,1251,LSTM,mape,0.2777125449854776
3,ETTh1,720,ipmutual_info,1501,GRU,mape,0.2776259353689244
1,ETTh1,336,prollcov,501,BiTCN,mae,0.2776116773590901
2,ETTh1,96,pmutual_info,1251,LSTM,rmse,0.2775246484396969
2,ETTh1,96,iprollcov,1501,NBEATSx,rmse,0.2774113859039891
2,ETTh1,96,iprollcov,751,NBEATSx,rmse,0.2773515921342519
2,ETTh1,96,pmutual_info,1501,NHITS,rmse,0.2773485095352176
1,ETTh1,720,iprollcorr,751,DeepNPTS,mae,0.2772829685777386
1,ETTh1,720,prollcov,751,DeepNPTS,mae,0.2772683154882714
1,ETTh1,720,iprollcov,1001,NBEATSx,mae,0.2772621771207507
2,ETTh1,96,iprollcov,1001,NBEATSx,rmse,0.2772398614935868
2,ETTh1,96,iprollcorr,501,NHITS,rmse,0.2772279353753266
3,ETTh1,720,prollcov,751,LSTM,mape,0.2772212842390124
1,ETTh1,720,prollcov,1001,DeepNPTS,mae,0.2772055318317113
2,ETTh1,96,ipmutual_info,501,LSTM,rmse,0.2772040442846771
2,ETTh1,96,pentropy,1251,LSTM,rmse,0.2772028682066697
1,ETTh1,720,prollcorr,1501,DeepNPTS,mae,0.2770852267516356
0,ETTh1,720,ipentropy,1251,LSTM,mse,0.2770814348426728
2,ETTh1,96,ipmutual_info,1251,TCN,rmse,0.2769956228684187
1,ETTh1,720,pfarm,501,DeepNPTS,mae,0.2769882638156636
3,ETTh1,720,pentropy,1251,LSTM,mape,0.27697848134221
2,ETTh1,96,pmutual_info,501,LSTM,rmse,0.2769101552057717
1,ETTh1,720,ipentropy,1501,DeepNPTS,mae,0.2768853753575142
1,ETTh1,720,pmutual_info,501,DeepNPTS,mae,0.2768693763657373
1,ETTh1,720,ipmutual_info,1251,DeepNPTS,mae,0.2768177906249987
2,ETTh1,96,prollcorr,1001,NHITS,rmse,0.2767370377685483
1,ETTh1,336,prollcov,1001,NHITS,mae,0.2766788046119525
2,ETTh1,96,iprollcov,1501,LSTM,rmse,0.2766303036541003
1,ETTh1,336,iprollcorr,1501,NHITS,mae,0.2764997933513217
0,ETTh1,720,ipentropy,501,LSTM,mse,0.2764316333626256
2,ETTh1,96,pfarm,1001,NBEATSx,rmse,0.2764274663448738
1,ETTh1,720,pmutual_info,751,DeepNPTS,mae,0.2762927157858074
3,ETTh1,720,prollcorr,1001,LSTM,mape,0.2762560048095799
1,ETTh1,720,iprollcorr,501,DeepNPTS,mae,0.276213764191057
2,ETTh1,96,ipentropy,501,NBEATSx,rmse,0.2762122958260775
2,ETTh1,96,prollcov,1251,TCN,rmse,0.2762079909709426
1,ETTh1,720,ipentropy,1001,DeepNPTS,mae,0.276130733652436
2,ETTh1,96,iprollcorr,1001,NHITS,rmse,0.2760810830181291
1,ETTh1,720,pfarm,1251,DeepNPTS,mae,0.2760363562103625
0,ETTh1,720,iprollcorr,1001,LSTM,mse,0.2760118672513856
1,ETTh1,336,prollcov,501,NHITS,mae,0.2759324785917485
1,ETTh1,720,identity,N/A,DeepNPTS,mae,0.2759210305698203
1,ETTh1,336,pmutual_info,751,MLP,mae,0.2759109221941601
1,ETTh1,720,iprollcov,1001,TCN,mae,0.2758237858043083
0,ETTh1,720,prollcov,501,GRU,mse,0.2758212305285136
1,ETTh1,720,iprollcov,1251,DeepNPTS,mae,0.2757868240343884
1,ETTh1,336,pfarm,1251,BiTCN,mae,0.2757234001872487
1,ETTh1,720,ipentropy,751,DeepNPTS,mae,0.2756460211181378
1,ETTh1,336,iprollcorr,751,BiTCN,mae,0.2756430471848676
2,ETTh1,96,ipmutual_info,501,DeepNPTS,rmse,0.2756424517171376
1,ETTh1,720,iprollcov,751,DeepNPTS,mae,0.2756266273497629
1,ETTh1,336,pentropy,501,MLP,mae,0.2756243558398135
1,ETTh1,336,ipentropy,1501,NHITS,mae,0.2754901376130382
1,ETTh1,720,prollcorr,751,DeepNPTS,mae,0.2754855106004195
0,ETTh1,720,iprollcorr,1501,LSTM,mse,0.2754459921287999
1,ETTh1,720,pmutual_info,1001,BiTCN,mae,0.2754427695173097
2,ETTh1,96,pmutual_info,1251,DeepNPTS,rmse,0.2752970803679219
1,ETTh1,336,ipentropy,751,BiTCN,mae,0.2752490972316491
1,ETTh1,720,prollcorr,501,DeepNPTS,mae,0.2752470812074239
1,ETTh1,336,ipentropy,1501,BiTCN,mae,0.2751597451274949
1,ETTh1,336,pmutual_info,1001,NHITS,mae,0.2751137006089394
2,ETTh1,96,prollcov,751,DeepNPTS,rmse,0.275079524926531
1,ETTh1,720,iprollcorr,1001,DeepNPTS,mae,0.2749713725872057
2,ETTh1,96,prollcov,501,NHITS,rmse,0.2749505602559758
1,ETTh1,336,iprollcorr,501,BiTCN,mae,0.2748618819057979
1,ETTh1,336,pmutual_info,1501,BiTCN,mae,0.274691525333385
1,ETTh1,336,prollcov,751,NHITS,mae,0.2746378545071995
2,ETTh1,96,ipentropy,1251,NBEATSx,rmse,0.2746089729293097
1,ETTh1,336,prollcorr,501,BiTCN,mae,0.2745630920580434
2,ETTh1,96,iprollcorr,1251,NBEATSx,rmse,0.274513052335247
1,ETTh1,336,iprollcov,1501,NHITS,mae,0.2743918776245893
2,ETTh1,96,ipmutual_info,1251,NHITS,rmse,0.2743614971337828
1,ETTh1,720,prollcov,1251,DeepNPTS,mae,0.2743583259527593
3,ETTh1,720,ipentropy,1251,GRU,mape,0.2743473111276257
1,ETTh1,336,ipmutual_info,751,BiTCN,mae,0.2743039394842823
2,ETTh1,96,iprollcov,1501,DeepNPTS,rmse,0.2742062803126278
2,ETTh1,96,pmutual_info,751,TCN,rmse,0.2741961580276318
1,ETTh1,720,pentropy,751,DeepNPTS,mae,0.2741533554827662
1,ETTh1,336,identity,N/A,BiTCN,mae,0.2741455918493533
1,ETTh1,336,ipentropy,1251,BiTCN,mae,0.274116109570106
1,ETTh1,336,ipentropy,1251,NHITS,mae,0.2741152691894412
1,ETTh1,720,prollcov,501,DeepNPTS,mae,0.2741077415029621
1,ETTh1,720,ipmutual_info,751,DeepNPTS,mae,0.2741024109911059
2,ETTh1,96,iprollcov,501,DeepNPTS,rmse,0.2739854873712684
1,ETTh1,720,pmutual_info,1001,DeepNPTS,mae,0.2739560270260905
1,ETTh1,336,prollcorr,1501,NHITS,mae,0.2738591432489312
1,ETTh1,336,prollcorr,501,NHITS,mae,0.2738014284307472
1,ETTh1,720,prollcov,1001,TCN,mae,0.2737865690037292
1,ETTh1,336,iprollcorr,501,NHITS,mae,0.2737751455730454
2,ETTh1,96,prollcorr,751,NHITS,rmse,0.2737655153178256
1,ETTh1,720,iprollcorr,1251,DeepNPTS,mae,0.2736603750089064
3,ETTh1,720,iprollcorr,751,GRU,mape,0.2735985131382344
1,ETTh1,336,pfarm,1251,NHITS,mae,0.2734974239532123
1,ETTh1,336,prollcorr,751,NHITS,mae,0.2734853809198664
1,ETTh1,336,iprollcov,501,NHITS,mae,0.2734841619027784
1,ETTh1,336,iprollcov,501,BiTCN,mae,0.2734352487893683
2,ETTh1,96,iprollcov,1251,NHITS,rmse,0.2734079773574524
1,ETTh1,336,ipmutual_info,1001,NHITS,mae,0.2733896953935185
1,ETTh1,336,ipentropy,1001,NHITS,mae,0.2733724772409838
2,ETTh1,96,prollcorr,501,NHITS,rmse,0.273303968562041
2,ETTh1,96,identity,N/A,NBEATSx,rmse,0.2732487701889212
1,ETTh1,336,ipmutual_info,1001,BiTCN,mae,0.2732264022663198
1,ETTh1,336,prollcov,1251,NHITS,mae,0.2732164779284144
2,ETTh1,96,iprollcov,751,DeepNPTS,rmse,0.2732113556484609
2,ETTh1,96,prollcov,1501,TCN,rmse,0.2731729604654173
1,ETTh1,720,iprollcov,501,DeepNPTS,mae,0.2731541428501783
1,ETTh1,336,ipmutual_info,1501,BiTCN,mae,0.2730885673768485
3,ETTh1,720,prollcorr,1251,LSTM,mape,0.2730153278925304
1,ETTh1,720,iprollcov,1001,DeepNPTS,mae,0.2730080036964752
3,ETTh1,720,pentropy,1501,GRU,mape,0.273004599993235
1,ETTh1,336,pmutual_info,1251,NHITS,mae,0.2729767043654554
1,ETTh1,336,iprollcov,1501,BiTCN,mae,0.2729683162653731
0,ETTh1,720,prollcov,1251,LSTM,mse,0.2728192211552548
2,ETTh1,96,iprollcov,1251,DeepNPTS,rmse,0.272763267370038
1,ETTh1,336,pmutual_info,1001,BiTCN,mae,0.2727063030124334
1,ETTh1,336,prollcov,1501,NHITS,mae,0.2726736348098582
1,ETTh1,336,iprollcov,1001,BiTCN,mae,0.2726155013367167
1,ETTh1,336,prollcov,1251,TCN,mae,0.2725341694661711
1,ETTh1,336,ipmutual_info,1501,TFT,mae,0.2724885811071093
1,ETTh1,336,iprollcorr,1251,NHITS,mae,0.2724033315057787
1,ETTh1,720,pentropy,501,DeepNPTS,mae,0.2723807771916979
1,ETTh1,336,ipmutual_info,501,TCN,mae,0.2723456621251014
1,ETTh1,336,pfarm,751,NHITS,mae,0.2723194772537524
1,ETTh1,336,ipmutual_info,501,NHITS,mae,0.2722659155961521
1,ETTh1,336,ipentropy,751,NHITS,mae,0.2722647197128169
1,ETTh1,720,ipmutual_info,1001,TFT,mae,0.2722299030597568
2,ETTh1,96,pfarm,1251,DeepNPTS,rmse,0.272208443769426
1,ETTh1,336,ipentropy,501,NHITS,mae,0.2721868203404731
2,ETTh1,96,iprollcorr,1001,NBEATSx,rmse,0.272174611918506
1,ETTh1,720,pentropy,1001,DeepNPTS,mae,0.2721691236341511
1,ETTh1,336,iprollcorr,751,TFT,mae,0.272150174235396
1,ETTh1,336,iprollcov,1251,BiTCN,mae,0.2721217559693178
1,ETTh1,336,iprollcov,751,TFT,mae,0.2720956248965503
3,ETTh1,720,ipmutual_info,501,LSTM,mape,0.2719431204348606
1,ETTh1,336,iprollcorr,501,TCN,mae,0.2717286575306837
2,ETTh1,96,prollcorr,501,DeepNPTS,rmse,0.2717246306644753
1,ETTh1,720,prollcov,751,TSMixerx,mae,0.2717156555121603
2,ETTh1,96,iprollcorr,751,DeepNPTS,rmse,0.2716791828081826
3,ETTh1,720,iprollcov,751,LSTM,mape,0.2716564328428854
2,ETTh1,96,ipentropy,1251,TCN,rmse,0.2716031164429203
1,ETTh1,192,pmutual_info,1251,TSMixerx,mae,0.2716015133229872
1,ETTh1,720,pmutual_info,1501,TFT,mae,0.2715719582981707
1,ETTh1,336,iprollcov,751,TCN,mae,0.2715688136116526
1,ETTh1,336,iprollcov,1251,NHITS,mae,0.2715432244941304
1,ETTh1,336,iprollcov,501,TCN,mae,0.2715214633162756
1,ETTh1,720,prollcorr,1501,TSMixerx,mae,0.271407285655841
1,ETTh1,336,ipentropy,1001,BiTCN,mae,0.2713311091647198
1,ETTh1,336,pmutual_info,751,TCN,mae,0.2712917678991833
1,ETTh1,336,pfarm,1501,NHITS,mae,0.2712054378769509
1,ETTh1,336,prollcorr,751,TFT,mae,0.2711401044670548
1,ETTh1,336,iprollcov,1001,MLP,mae,0.2711118652145118
1,ETTh1,336,identity,N/A,NHITS,mae,0.2710921245603609
1,ETTh1,336,pentropy,751,TCN,mae,0.2709770117536632
1,ETTh1,336,prollcov,501,TCN,mae,0.270919420831699
1,ETTh1,336,prollcov,1501,BiTCN,mae,0.2709157245118248
2,ETTh1,96,pmutual_info,1251,NHITS,rmse,0.270893068516185
0,ETTh1,720,iprollcorr,501,LSTM,mse,0.2708386106883226
2,ETTh1,96,pmutual_info,501,NBEATSx,rmse,0.2708224396951385
2,ETTh1,96,ipentropy,1501,NHITS,rmse,0.2707990759479599
1,ETTh1,336,pmutual_info,501,TCN,mae,0.2707907382937739
2,ETTh1,96,pfarm,1001,DeepNPTS,rmse,0.270762517186993
1,ETTh1,336,pfarm,1001,NHITS,mae,0.2707234271232629
1,ETTh1,336,ipmutual_info,751,TCN,mae,0.270714528016072
1,ETTh1,336,pentropy,1251,NHITS,mae,0.2706984935643
1,ETTh1,336,pfarm,1501,TCN,mae,0.2706698586465093
1,ETTh1,336,ipentropy,1001,TCN,mae,0.2706583978275656
1,ETTh1,336,prollcov,751,TCN,mae,0.2706211388051034
1,ETTh1,720,prollcov,751,TCN,mae,0.2705991825749122
1,ETTh1,336,pfarm,1251,TCN,mae,0.2705769840099647
1,ETTh1,336,pmutual_info,751,NHITS,mae,0.2705698037634949
1,ETTh1,336,pentropy,501,NHITS,mae,0.2705519660189278
2,ETTh1,96,pmutual_info,501,TSMixerx,rmse,0.2705415757122777
1,ETTh1,336,pentropy,1001,BiTCN,mae,0.2705366684717852
1,ETTh1,336,prollcorr,1251,TCN,mae,0.2704938598732347
1,ETTh1,336,prollcorr,501,TCN,mae,0.2704488270600517
1,ETTh1,336,ipmutual_info,1251,TCN,mae,0.2704442694527709
1,ETTh1,336,iprollcorr,1501,TCN,mae,0.2704378986713719
1,ETTh1,336,pentropy,1251,TCN,mae,0.2704080183995417
1,ETTh1,336,prollcorr,751,TCN,mae,0.270373461231234
1,ETTh1,336,iprollcorr,1251,TCN,mae,0.2703637149042259
1,ETTh1,336,prollcov,1501,TCN,mae,0.2703415430732002
1,ETTh1,720,pentropy,1251,TCN,mae,0.2703147751513657
1,ETTh1,336,ipentropy,1251,TCN,mae,0.2702936008316905
2,ETTh1,96,iprollcov,1001,DeepNPTS,rmse,0.2702600440264788
0,ETTh1,720,pmutual_info,501,GRU,mse,0.2702504643005828
1,ETTh1,336,pfarm,501,TCN,mae,0.2702429550714979
0,ETTh1,720,ipentropy,1001,LSTM,mse,0.2702423182952117
1,ETTh1,336,pentropy,1501,NHITS,mae,0.2702420664787388
1,ETTh1,720,ipmutual_info,1251,TCN,mae,0.2702200600472693
1,ETTh1,336,pfarm,751,TCN,mae,0.270218252306388
1,ETTh1,336,pentropy,1501,TCN,mae,0.2701809264237022
2,ETTh1,96,pentropy,501,NHITS,rmse,0.2701773725321374
1,ETTh1,336,iprollcov,1501,TCN,mae,0.2701727352065048
2,ETTh1,96,identity,N/A,NHITS,rmse,0.2701651137250105
3,ETTh1,720,pmutual_info,1001,LSTM,mape,0.2701588712908174
2,ETTh1,96,ipmutual_info,1501,NHITS,rmse,0.2701532052659349
1,ETTh1,336,pfarm,1001,TCN,mae,0.2701263608858166
2,ETTh1,96,pentropy,751,DeepNPTS,rmse,0.2701226462424559
1,ETTh1,336,iprollcov,1251,TCN,mae,0.2701186538454243
1,ETTh1,336,pentropy,1001,NHITS,mae,0.2701052808593918
1,ETTh1,336,prollcov,1001,TCN,mae,0.2700931278207897
1,ETTh1,336,iprollcov,1001,TCN,mae,0.2700045773804408
1,ETTh1,336,ipmutual_info,1001,TCN,mae,0.269998705165982
1,ETTh1,336,pentropy,501,TCN,mae,0.2699880652920151
1,ETTh1,720,pfarm,751,TCN,mae,0.2699762155842639
1,ETTh1,336,ipentropy,501,TCN,mae,0.2699707097900634
1,ETTh1,336,iprollcorr,1001,TCN,mae,0.2699438932280228
1,ETTh1,336,identity,N/A,TCN,mae,0.2699336953233445
1,ETTh1,336,pentropy,501,BiTCN,mae,0.2699117656886595
1,ETTh1,336,pentropy,751,NHITS,mae,0.2699022707838828
2,ETTh1,96,prollcorr,1001,DeepNPTS,rmse,0.2698914378678658
1,ETTh1,720,iprollcov,1251,TSMixerx,mae,0.2698790221040043
1,ETTh1,336,pentropy,1001,TCN,mae,0.2698771448797208
1,ETTh1,336,ipmutual_info,751,NHITS,mae,0.2698668858614924
1,ETTh1,336,pmutual_info,1001,TCN,mae,0.2698441376032234
1,ETTh1,336,ipentropy,751,TCN,mae,0.2697535805397958
2,ETTh1,96,ipentropy,1001,NHITS,rmse,0.2696706173335992
1,ETTh1,336,ipmutual_info,1251,NHITS,mae,0.2696638643733837
1,ETTh1,336,pmutual_info,1251,TCN,mae,0.2696442657992889
2,ETTh1,96,iprollcorr,751,NHITS,rmse,0.2696284333178468
0,ETTh1,720,ipentropy,1251,GRU,mse,0.2695788872841644
1,ETTh1,720,iprollcorr,1501,TCN,mae,0.2695023974705891
1,ETTh1,336,prollcorr,1501,TCN,mae,0.2694863511414209
3,ETTh1,720,prollcorr,751,GRU,mape,0.2694609052792199
1,ETTh1,336,prollcorr,1001,TCN,mae,0.2694597643502558
2,ETTh1,96,prollcorr,1001,NBEATSx,rmse,0.2694502522261283
2,ETTh1,96,iprollcorr,1251,DeepNPTS,rmse,0.2694333780894211
1,ETTh1,720,ipmutual_info,1251,BiTCN,mae,0.2694246020973557
1,ETTh1,336,ipentropy,1001,TSMixerx,mae,0.2694209656635928
1,ETTh1,336,ipentropy,501,TSMixerx,mae,0.2694082688431869
1,ETTh1,336,iprollcorr,501,TSMixerx,mae,0.2694080676181566
1,ETTh1,336,ipentropy,1501,TCN,mae,0.2694078189841556
1,ETTh1,336,prollcorr,501,TSMixerx,mae,0.2693825978903799
1,ETTh1,336,prollcov,1501,TSMixerx,mae,0.269371107431621
1,ETTh1,336,prollcov,1251,TSMixerx,mae,0.2693710290268107
1,ETTh1,336,ipmutual_info,751,TSMixerx,mae,0.2693608481857022
1,ETTh1,336,prollcorr,751,TSMixerx,mae,0.2693591800278632
1,ETTh1,336,iprollcov,751,TSMixerx,mae,0.2693538286942633
1,ETTh1,336,prollcov,501,TSMixerx,mae,0.2693352785145523
1,ETTh1,336,pfarm,1501,TSMixerx,mae,0.2693340933394166
1,ETTh1,336,pfarm,1001,TSMixerx,mae,0.2693339552044211
1,ETTh1,336,iprollcov,501,TSMixerx,mae,0.2693265078007621
1,ETTh1,336,pentropy,1001,TSMixerx,mae,0.2692677525989518
1,ETTh1,336,ipentropy,751,TSMixerx,mae,0.2692438771098769
1,ETTh1,336,ipmutual_info,1501,TCN,mae,0.269237672588888
1,ETTh1,336,ipmutual_info,501,TSMixerx,mae,0.2692368320338204
1,ETTh1,336,iprollcorr,1501,TSMixerx,mae,0.2692320853204389
1,ETTh1,336,pmutual_info,1501,TSMixerx,mae,0.2692261350737902
1,ETTh1,336,pentropy,751,TSMixerx,mae,0.2692241009530263
1,ETTh1,336,iprollcov,1251,TSMixerx,mae,0.2692234647235464
1,ETTh1,336,pfarm,501,TSMixerx,mae,0.2692178724148498
1,ETTh1,336,iprollcov,1501,TSMixerx,mae,0.2692147105651696
1,ETTh1,336,ipmutual_info,1501,TSMixerx,mae,0.269206549702974
1,ETTh1,336,pmutual_info,751,TSMixerx,mae,0.2692049822991622
1,ETTh1,336,pentropy,1501,TSMixerx,mae,0.2692042909324827
1,ETTh1,336,prollcov,1001,TSMixerx,mae,0.2692024260932253
1,ETTh1,336,iprollcorr,1251,TSMixerx,mae,0.2692022724195985
1,ETTh1,336,pmutual_info,1001,TSMixerx,mae,0.2692011131703021
1,ETTh1,336,pmutual_info,501,TSMixerx,mae,0.2692001419477415
1,ETTh1,336,prollcov,751,TSMixerx,mae,0.2691998675086403
1,ETTh1,336,pmutual_info,1251,TSMixerx,mae,0.2691986319915053
1,ETTh1,336,pentropy,501,TSMixerx,mae,0.2691969104600878
1,ETTh1,336,iprollcorr,751,TCN,mae,0.2691916424016609
1,ETTh1,336,prollcorr,1001,TSMixerx,mae,0.2691823331729275
1,ETTh1,336,ipentropy,1501,TSMixerx,mae,0.2691810087790034
1,ETTh1,336,ipmutual_info,1251,TSMixerx,mae,0.269177911445409
1,ETTh1,336,ipentropy,1251,TSMixerx,mae,0.2691764112406471
1,ETTh1,336,iprollcorr,1001,TSMixerx,mae,0.2691634644981821
2,ETTh1,96,pentropy,1251,NHITS,rmse,0.2691557114086767
1,ETTh1,336,identity,N/A,TSMixerx,mae,0.2691394252090531
1,ETTh1,336,iprollcov,1001,TSMixerx,mae,0.2691229489274414
1,ETTh1,336,pfarm,1251,TSMixerx,mae,0.2691182512983031
1,ETTh1,336,prollcorr,1501,TSMixerx,mae,0.269118134783596
1,ETTh1,336,iprollcorr,751,TSMixerx,mae,0.2691162417373573
1,ETTh1,336,pentropy,1251,TSMixerx,mae,0.2691142131498976
1,ETTh1,336,prollcorr,1251,TSMixerx,mae,0.2691121889653894
1,ETTh1,336,ipmutual_info,1001,TSMixerx,mae,0.2691119277973527
1,ETTh1,336,pfarm,501,NHITS,mae,0.2691014973315315
2,ETTh1,96,ipentropy,501,DeepNPTS,rmse,0.2690886441111984
1,ETTh1,336,iprollcorr,751,NHITS,mae,0.2690782841090052
1,ETTh1,336,pfarm,751,TSMixerx,mae,0.269077946957092
2,ETTh1,96,prollcorr,1501,TCN,rmse,0.268857745095953
1,ETTh1,720,ipmutual_info,751,TCN,mae,0.2687653459850975
2,ETTh1,96,pmutual_info,1251,TCN,rmse,0.2687468852251461
2,ETTh1,96,ipmutual_info,1501,DeepNPTS,rmse,0.2687162832176654
1,ETTh1,336,pmutual_info,1501,NHITS,mae,0.2686850596267257
1,ETTh1,720,prollcorr,1501,TCN,mae,0.2686037375406568
1,ETTh1,336,pmutual_info,501,NHITS,mae,0.2685260361557965
3,ETTh1,720,prollcorr,501,LSTM,mape,0.2684874829649176
1,ETTh1,720,ipmutual_info,751,TSMixerx,mae,0.2684755089075948
1,ETTh1,336,iprollcov,751,NHITS,mae,0.2684439383214579
2,ETTh1,96,pmutual_info,1001,DeepNPTS,rmse,0.2684319400100124
2,ETTh1,96,iprollcorr,1501,NHITS,rmse,0.2684303985626007
1,ETTh1,720,ipentropy,1001,TSMixerx,mae,0.2684013298055159
1,ETTh1,336,iprollcov,1001,NHITS,mae,0.2683709415836248
2,ETTh1,96,ipentropy,751,TFT,rmse,0.2683653406381534
1,ETTh1,336,prollcorr,501,TFT,mae,0.2683182389294825
1,ETTh1,720,iprollcov,1251,TFT,mae,0.2682945702491277
1,ETTh1,720,pmutual_info,751,TCN,mae,0.2682925980178643
2,ETTh1,96,pfarm,751,DeepNPTS,rmse,0.2682894907152734
1,ETTh1,720,prollcov,1001,TSMixerx,mae,0.2682820026213457
1,ETTh1,336,prollcorr,1251,MLP,mae,0.268274874117589
1,ETTh1,720,pfarm,1001,TCN,mae,0.2682220871161327
1,ETTh1,720,pfarm,501,TCN,mae,0.2681968978623351
1,ETTh1,336,iprollcorr,1001,TFT,mae,0.2681824148790053
2,ETTh1,96,pentropy,1251,DeepNPTS,rmse,0.2681790803542038
1,ETTh1,336,pfarm,1251,TFT,mae,0.2681783062368272
1,ETTh1,720,prollcorr,501,TCN,mae,0.2681492310010922
1,ETTh1,720,ipentropy,1251,TCN,mae,0.2681247329910217
2,ETTh1,96,pmutual_info,501,DeepNPTS,rmse,0.2681228735469955
2,ETTh1,96,pentropy,501,DeepNPTS,rmse,0.2680789053547996
2,ETTh1,96,pmutual_info,1501,NBEATSx,rmse,0.2680320442324463
2,ETTh1,96,ipentropy,751,TCN,rmse,0.2679794836904998
2,ETTh1,96,ipmutual_info,501,TFT,rmse,0.2679750409774869
1,ETTh1,720,prollcov,1501,TCN,mae,0.267950542592488
1,ETTh1,336,pmutual_info,501,MLP,mae,0.2679360052235825
2,ETTh1,96,pmutual_info,1001,TSMixerx,rmse,0.2678802342615664
1,ETTh1,720,ipentropy,751,TCN,mae,0.2678165089902996
2,ETTh1,96,ipentropy,1001,TFT,rmse,0.2677137562430289
1,ETTh1,720,pentropy,1001,TSMixerx,mae,0.267702258738548
2,ETTh1,96,pentropy,501,TFT,rmse,0.2676902514822144
1,ETTh1,720,prollcorr,1001,TCN,mae,0.2675965663578408
2,ETTh1,96,ipmutual_info,1001,DeepNPTS,rmse,0.2674813199563766
2,ETTh1,96,prollcorr,1251,MLP,rmse,0.267479574491255
0,ETTh1,720,iprollcorr,751,GRU,mse,0.2674660993553257
2,ETTh1,96,pentropy,1501,DeepNPTS,rmse,0.2674591309805024
2,ETTh1,96,pfarm,1001,NHITS,rmse,0.2674010253373131
2,ETTh1,96,pentropy,1001,DeepNPTS,rmse,0.2673903025328354
2,ETTh1,96,pmutual_info,751,TFT,rmse,0.2673618203947264
1,ETTh1,336,pfarm,501,MLP,mae,0.2673577633294964
1,ETTh1,336,iprollcorr,1001,NHITS,mae,0.2673216850995078
1,ETTh1,720,prollcov,501,TCN,mae,0.2673154714279903
1,ETTh1,720,pmutual_info,1251,TSMixerx,mae,0.2672893074209208
2,ETTh1,96,prollcorr,1251,DeepNPTS,rmse,0.2672858259656786
1,ETTh1,336,ipmutual_info,1251,TFT,mae,0.2672161846741528
1,ETTh1,336,iprollcov,751,MLP,mae,0.2671726951041058
2,ETTh1,96,ipentropy,501,TCN,rmse,0.2671705006925447
1,ETTh1,336,pmutual_info,1001,MLP,mae,0.267157093910594
1,ETTh1,720,prollcov,1251,TCN,mae,0.267150916826998
3,ETTh1,720,pmutual_info,1501,GRU,mape,0.2671456913178674
1,ETTh1,720,iprollcov,501,TCN,mae,0.2671446180734859
2,ETTh1,96,prollcov,1501,TFT,rmse,0.2671293027265701
2,ETTh1,96,ipmutual_info,1251,DeepNPTS,rmse,0.2671153166271645
1,ETTh1,720,iprollcov,501,TSMixerx,mae,0.2671062852319331
2,ETTh1,96,ipentropy,1251,DeepNPTS,rmse,0.2670790047753719
1,ETTh1,336,iprollcov,751,BiTCN,mae,0.2670634890668689
1,ETTh1,720,ipentropy,1501,TSMixerx,mae,0.2670624931643164
1,ETTh1,720,iprollcorr,1001,TSMixerx,mae,0.2670593240999536
2,ETTh1,96,pmutual_info,1001,MLP,rmse,0.2670153195375151
1,ETTh1,720,pmutual_info,1251,TCN,mae,0.2669507843635577
1,ETTh1,336,prollcov,1251,TFT,mae,0.2668679245874812
1,ETTh1,720,ipentropy,751,TSMixerx,mae,0.2668510967083953
2,ETTh1,96,prollcov,1251,TFT,rmse,0.2668484613704005
1,ETTh1,336,pmutual_info,1501,TFT,mae,0.2668221555568393
3,ETTh1,720,ipmutual_info,1501,LSTM,mape,0.2667702158185286
1,ETTh1,336,iprollcorr,751,MLP,mae,0.266685247378741
2,ETTh1,96,ipentropy,501,NHITS,rmse,0.2666773804847521
1,ETTh1,336,ipmutual_info,1501,NHITS,mae,0.2666640668715381
1,ETTh1,720,prollcorr,1251,TCN,mae,0.2666507563672104
1,ETTh1,720,iprollcorr,751,TCN,mae,0.2666017114510138
2,ETTh1,96,ipentropy,1251,NHITS,rmse,0.2665963153408382
2,ETTh1,96,ipentropy,1001,NBEATSx,rmse,0.2665940946947487
1,ETTh1,336,prollcorr,1251,NBEATSx,mae,0.2665930640671829
2,ETTh1,96,ipmutual_info,1251,MLP,rmse,0.2665825266413758
1,ETTh1,720,iprollcorr,751,TSMixerx,mae,0.2665612781100103
1,ETTh1,720,iprollcov,751,TCN,mae,0.2665599050677237
2,ETTh1,96,iprollcorr,501,TFT,rmse,0.2665378131035784
3,ETTh1,720,prollcorr,1001,GRU,mape,0.2665321427167018
2,ETTh1,96,iprollcov,1251,TFT,rmse,0.2665194801036973
2,ETTh1,96,ipmutual_info,501,TSMixerx,rmse,0.2665180144508941
2,ETTh1,96,pentropy,1001,TFT,rmse,0.2664988929376586
1,ETTh1,720,iprollcorr,501,TCN,mae,0.2664905198761931
1,ETTh1,720,ipentropy,1501,TCN,mae,0.2664425967186124
3,ETTh1,720,pentropy,1501,LSTM,mape,0.2663977003281049
1,ETTh1,336,prollcorr,751,NBEATSx,mae,0.2663959133413776
2,ETTh1,96,prollcorr,1501,MLP,rmse,0.2663907297067768
1,ETTh1,336,pmutual_info,751,NBEATSx,mae,0.266384671389347
2,ETTh1,96,ipmutual_info,1001,TFT,rmse,0.2663178465021141
1,ETTh1,720,ipmutual_info,1251,TSMixerx,mae,0.2663132254747584
2,ETTh1,96,pmutual_info,1501,TFT,rmse,0.266297831501333
1,ETTh1,720,iprollcorr,1251,TSMixerx,mae,0.2662954558821944
2,ETTh1,96,ipentropy,501,TFT,rmse,0.2662934853270224
2,ETTh1,96,pfarm,501,DeepNPTS,rmse,0.2662894108288294
2,ETTh1,96,prollcov,1251,DeepNPTS,rmse,0.2662780577373962
2,ETTh1,96,prollcov,501,TSMixerx,rmse,0.266257937243686
2,ETTh1,96,prollcorr,751,DeepNPTS,rmse,0.2662255578698685
1,ETTh1,720,ipentropy,1001,TCN,mae,0.2662156561015235
1,ETTh1,720,pentropy,1501,TCN,mae,0.2662128668706235
1,ETTh1,720,prollcorr,751,TCN,mae,0.2662099576229604
1,ETTh1,336,ipmutual_info,501,NBEATSx,mae,0.2661489007815861
2,ETTh1,96,pfarm,1251,TFT,rmse,0.2661406855913412
1,ETTh1,720,ipentropy,501,TCN,mae,0.2661329425251161
1,ETTh1,720,ipentropy,1501,TFT,mae,0.2661185702362476
1,ETTh1,720,prollcorr,1001,TSMixerx,mae,0.2661149193809453
2,ETTh1,96,pmutual_info,751,TSMixerx,rmse,0.2661003258783165
2,ETTh1,96,prollcorr,501,TFT,rmse,0.2660946425444522
2,ETTh1,96,ipentropy,501,TSMixerx,rmse,0.2660836928014184
2,ETTh1,96,ipmutual_info,1501,TFT,rmse,0.266081967570513
2,ETTh1,96,ipentropy,1501,TFT,rmse,0.2660739121315522
1,ETTh1,336,ipmutual_info,751,TFT,mae,0.2660569934650482
1,ETTh1,336,prollcov,751,NBEATSx,mae,0.2660169593119229
2,ETTh1,96,iprollcov,1001,TSMixerx,rmse,0.2660144818810057
2,ETTh1,96,iprollcorr,501,DeepNPTS,rmse,0.2660065808677099
3,ETTh1,720,pfarm,1001,LSTM,mape,0.2659931923190757
2,ETTh1,96,prollcov,751,TFT,rmse,0.2659633997624569
2,ETTh1,96,prollcorr,501,TSMixerx,rmse,0.2659618531732937
2,ETTh1,96,ipentropy,1251,TFT,rmse,0.2659574892591803
2,ETTh1,96,prollcorr,1251,TFT,rmse,0.2659428922638471
2,ETTh1,96,pmutual_info,1501,TSMixerx,rmse,0.2659277629715179
1,ETTh1,720,iprollcov,1251,TCN,mae,0.2659255193297347
2,ETTh1,96,iprollcorr,1501,TFT,rmse,0.2659250382901359
2,ETTh1,96,iprollcov,501,TFT,rmse,0.2659130221857189
2,ETTh1,96,prollcorr,751,TFT,rmse,0.2659110853067025
1,ETTh1,192,prollcorr,1501,LSTM,mae,0.2659020253459903
1,ETTh1,720,prollcov,501,TFT,mae,0.2658533239696025
2,ETTh1,96,pentropy,501,TSMixerx,rmse,0.2658486743636878
1,ETTh1,336,prollcov,501,NBEATSx,mae,0.2658478303915481
2,ETTh1,96,iprollcorr,1001,TFT,rmse,0.2658005330700498
1,ETTh1,720,iprollcov,1001,TSMixerx,mae,0.2657808899440364
1,ETTh1,720,ipmutual_info,501,TCN,mae,0.2657591756853172
2,ETTh1,96,ipmutual_info,751,MLP,rmse,0.2657347163600846
2,ETTh1,96,ipmutual_info,751,TSMixerx,rmse,0.2657050318244556
2,ETTh1,96,prollcov,1251,MLP,rmse,0.2657009034273043
2,ETTh1,96,pfarm,751,TSMixerx,rmse,0.265699619172163
2,ETTh1,96,prollcov,1001,DeepNPTS,rmse,0.2656960408225832
2,ETTh1,96,iprollcorr,1251,TFT,rmse,0.26567227523722
2,ETTh1,96,ipentropy,1501,TCN,rmse,0.2656661688879206
1,ETTh1,336,pmutual_info,501,NBEATSx,mae,0.2656558399431925
1,ETTh1,336,iprollcov,1251,TFT,mae,0.2656487280443989
1,ETTh1,336,pentropy,751,NBEATSx,mae,0.2656395498404287
2,ETTh1,96,iprollcov,1501,TFT,rmse,0.2656160732503068
2,ETTh1,96,pfarm,751,TFT,rmse,0.2655932996098353
2,ETTh1,96,ipmutual_info,751,TFT,rmse,0.2655711624851095
1,ETTh1,336,prollcov,1251,MLP,mae,0.2655495007848166
2,ETTh1,96,iprollcov,751,TFT,rmse,0.2655380377246364
2,ETTh1,96,ipmutual_info,1001,MLP,rmse,0.2655328281550196
1,ETTh1,720,pmutual_info,1501,TCN,mae,0.2655141151182696
2,ETTh1,96,pfarm,501,TSMixerx,rmse,0.2655118483545168
2,ETTh1,96,ipmutual_info,1501,MLP,rmse,0.265485997241445
1,ETTh1,336,prollcorr,1001,TFT,mae,0.2654783678991274
2,ETTh1,96,iprollcov,1251,TSMixerx,rmse,0.2654770821274493
1,ETTh1,720,prollcorr,1251,TSMixerx,mae,0.2654755931702878
2,ETTh1,96,pmutual_info,501,TFT,rmse,0.2654602894775918
1,ETTh1,720,ipmutual_info,501,TSMixerx,mae,0.2654247326332265
2,ETTh1,96,pentropy,751,MLP,rmse,0.2654232002873248
1,ETTh1,336,ipmutual_info,501,BiTCN,mae,0.2654213897003855
2,ETTh1,96,pmutual_info,1251,TFT,rmse,0.2654206701931793
2,ETTh1,96,prollcorr,1501,TFT,rmse,0.2654186258040637
2,ETTh1,96,pfarm,1501,TFT,rmse,0.2654032161450068
2,ETTh1,96,pfarm,1001,TFT,rmse,0.2653948482468594
2,ETTh1,96,pentropy,751,TFT,rmse,0.2653621140985284
1,ETTh1,336,ipentropy,1251,MLP,mae,0.2653553399786857
3,ETTh1,720,pentropy,501,LSTM,mape,0.2653548832757734
1,ETTh1,720,pentropy,1251,TSMixerx,mae,0.2653400601918367
2,ETTh1,96,prollcov,1251,TSMixerx,rmse,0.2653326022322851
2,ETTh1,96,pfarm,501,MLP,rmse,0.2653095502489999
1,ETTh1,336,pmutual_info,1251,BiTCN,mae,0.2652986295737849
2,ETTh1,96,ipentropy,1501,MLP,rmse,0.2652932833496281
2,ETTh1,96,pfarm,501,TFT,rmse,0.2652819182949898
1,ETTh1,336,pentropy,501,NBEATSx,mae,0.2652738384594772
2,ETTh1,96,ipentropy,1001,TSMixerx,rmse,0.2652709928193055
1,ETTh1,336,pfarm,751,GRU,mae,0.2652659692989706
2,ETTh1,96,pfarm,1001,TCN,rmse,0.2652601566187829
2,ETTh1,96,ipentropy,751,TSMixerx,rmse,0.2652391642877021
1,ETTh1,336,ipmutual_info,1001,NBEATSx,mae,0.2652312356847245
1,ETTh1,336,pentropy,1251,NBEATSx,mae,0.2652260554447982
1,ETTh1,720,pfarm,1251,TSMixerx,mae,0.2652236495182294
1,ETTh1,720,ipentropy,751,TFT,mae,0.265223316029031
2,ETTh1,96,pmutual_info,751,MLP,rmse,0.2652049633902563
2,ETTh1,96,iprollcov,751,NHITS,rmse,0.2651923719882222
2,ETTh1,96,pfarm,1251,MLP,rmse,0.2651912894278725
1,ETTh1,336,ipmutual_info,1251,BiTCN,mae,0.2651801896436728
2,ETTh1,96,pentropy,1001,TSMixerx,rmse,0.2651656653282307
2,ETTh1,96,iprollcorr,751,TFT,rmse,0.2651373220140883
2,ETTh1,96,iprollcorr,751,MLP,rmse,0.2651061450768922
2,ETTh1,96,ipmutual_info,1501,TSMixerx,rmse,0.2651014046938243
2,ETTh1,96,pentropy,751,TSMixerx,rmse,0.2650893248363744
1,ETTh1,336,pfarm,1251,NBEATSx,mae,0.2650815004750431
2,ETTh1,96,pentropy,1251,TFT,rmse,0.2650773605997035
1,ETTh1,336,iprollcorr,501,TFT,mae,0.2650739777122006
2,ETTh1,96,prollcorr,1001,TSMixerx,rmse,0.265067207488276
2,ETTh1,96,iprollcorr,1251,MLP,rmse,0.2650067434745686
1,ETTh1,336,pentropy,1001,TFT,mae,0.2649906413296336
2,ETTh1,96,prollcorr,751,TSMixerx,rmse,0.2649865100191801
1,ETTh1,336,prollcov,1001,MLP,mae,0.2649758347478578
1,ETTh1,336,pentropy,1501,NBEATSx,mae,0.2649582121148983
2,ETTh1,96,iprollcorr,1001,TSMixerx,rmse,0.2649454862283883
1,ETTh1,336,prollcov,1251,NBEATSx,mae,0.2649381225996815
2,ETTh1,96,prollcov,1001,TSMixerx,rmse,0.2649174499267374
1,ETTh1,336,pentropy,1501,MLP,mae,0.264902412851652
2,ETTh1,96,prollcov,1501,TSMixerx,rmse,0.2648996489025374
2,ETTh1,96,iprollcov,1001,TFT,rmse,0.2648951357082427
2,ETTh1,96,prollcov,751,TSMixerx,rmse,0.2648933349215341
2,ETTh1,96,pfarm,1501,MLP,rmse,0.2648753052117593
1,ETTh1,336,pfarm,751,MLP,mae,0.2648352647863977
1,ETTh1,336,pfarm,751,BiTCN,mae,0.2648024744501374
2,ETTh1,96,iprollcorr,1001,DeepNPTS,rmse,0.2647913734284307
1,ETTh1,336,iprollcov,1501,MLP,mae,0.2647836789345019
2,ETTh1,96,pmutual_info,1501,DeepNPTS,rmse,0.2647833060522771
1,ETTh1,336,prollcov,1501,MLP,mae,0.2647782022629905
2,ETTh1,96,prollcorr,1001,MLP,rmse,0.2647778377169945
1,ETTh1,336,ipmutual_info,751,NBEATSx,mae,0.2647545038715224
2,ETTh1,96,iprollcorr,1251,TSMixerx,rmse,0.2647508156080109
2,ETTh1,96,pmutual_info,501,MLP,rmse,0.264738608271875
2,ETTh1,96,iprollcorr,501,TSMixerx,rmse,0.2647328183139397
1,ETTh1,336,ipmutual_info,501,TFT,mae,0.2647293351534095
1,ETTh1,336,iprollcorr,1501,NBEATSx,mae,0.2647220692516968
2,ETTh1,96,iprollcov,501,TSMixerx,rmse,0.2647103084902162
1,ETTh1,336,iprollcorr,1501,MLP,mae,0.2646984531301639
1,ETTh1,336,iprollcov,1001,TFT,mae,0.2646940799958011
2,ETTh1,96,iprollcorr,501,MLP,rmse,0.2646880733749589
2,ETTh1,96,ipentropy,1251,TSMixerx,rmse,0.2646687559719033
2,ETTh1,96,pfarm,1251,TSMixerx,rmse,0.2646652605188366
2,ETTh1,96,iprollcov,1251,MLP,rmse,0.2646592346149216
2,ETTh1,96,prollcorr,1251,TSMixerx,rmse,0.2646518945662059
2,ETTh1,96,pmutual_info,1501,MLP,rmse,0.2646377515642975
2,ETTh1,96,iprollcov,501,MLP,rmse,0.264636506255587
1,ETTh1,720,iprollcov,1001,TFT,mae,0.2646346880711833
1,ETTh1,720,pfarm,1501,TFT,mae,0.2646022006046685
2,ETTh1,96,identity,N/A,MLP,rmse,0.2645996973773271
1,ETTh1,336,prollcov,1251,BiTCN,mae,0.2645970952113973
2,ETTh1,96,prollcorr,751,MLP,rmse,0.2645728419237532
2,ETTh1,96,prollcov,1001,TFT,rmse,0.2645646548424954
2,ETTh1,96,pfarm,1501,TSMixerx,rmse,0.264550640831975
2,ETTh1,96,pentropy,1501,MLP,rmse,0.2645506043710768
0,ETTh1,720,pfarm,1251,LSTM,mse,0.2645457578301414
1,ETTh1,336,pfarm,501,TFT,mae,0.2645417425524478
2,ETTh1,96,pentropy,1251,TSMixerx,rmse,0.264525142955937
1,ETTh1,336,pmutual_info,1001,NBEATSx,mae,0.2645220210507316
2,ETTh1,96,pentropy,1251,MLP,rmse,0.264507740589283
1,ETTh1,336,prollcorr,1501,NBEATSx,mae,0.264480103911108
3,ETTh1,720,ipmutual_info,1001,GRU,mape,0.2644782333458417
1,ETTh1,720,pentropy,1251,TFT,mae,0.264476725612186
3,ETTh1,720,ipentropy,501,GRU,mape,0.2644694988007819
2,ETTh1,96,ipentropy,1001,MLP,rmse,0.2644572994342716
2,ETTh1,96,prollcorr,1001,TFT,rmse,0.2644410351454814
2,ETTh1,96,prollcov,751,MLP,rmse,0.2644358950892632
2,ETTh1,96,identity,N/A,TSMixerx,rmse,0.2644263096842769
2,ETTh1,96,ipmutual_info,1001,TSMixerx,rmse,0.2644085232629399
2,ETTh1,96,ipentropy,501,MLP,rmse,0.2643990566667298
1,ETTh1,336,ipmutual_info,1501,NBEATSx,mae,0.2643973896121235
2,ETTh1,96,iprollcorr,1501,MLP,rmse,0.2643905989659686
2,ETTh1,96,pfarm,1001,MLP,rmse,0.2643897825120224
2,ETTh1,96,identity,N/A,TFT,rmse,0.2643755256073222
2,ETTh1,96,pentropy,1001,MLP,rmse,0.2643725660924452
1,ETTh1,336,iprollcov,1001,NBEATSx,mae,0.2643641119261412
2,ETTh1,96,prollcov,751,TCN,rmse,0.2643360582428908
1,ETTh1,336,iprollcov,1251,MLP,mae,0.2643347361629506
2,ETTh1,96,prollcov,501,TFT,rmse,0.2643344988520541
1,ETTh1,720,iprollcorr,1001,TCN,mae,0.2643215684760672
1,ETTh1,720,pmutual_info,501,TFT,mae,0.2643207471716495
1,ETTh1,720,iprollcov,1501,TFT,mae,0.2643194133396589
2,ETTh1,96,ipentropy,751,MLP,rmse,0.2643192593724708
2,ETTh1,96,ipmutual_info,501,MLP,rmse,0.2642862455523338
1,ETTh1,720,iprollcorr,1251,TCN,mae,0.2642788784594268
1,ETTh1,336,pfarm,1001,NBEATSx,mae,0.2642633272041508
1,ETTh1,336,iprollcorr,1251,MLP,mae,0.2642629737778997
1,ETTh1,336,pentropy,501,TFT,mae,0.2642625242987631
2,ETTh1,96,prollcov,1501,MLP,rmse,0.2642585684291384
2,ETTh1,96,prollcorr,1501,TSMixerx,rmse,0.2642523772506323
2,ETTh1,96,ipmutual_info,1251,TFT,rmse,0.2642350804923745
2,ETTh1,96,iprollcov,1501,MLP,rmse,0.2642239648811277
1,ETTh1,336,prollcorr,501,NBEATSx,mae,0.2642204882444873
2,ETTh1,96,ipmutual_info,1251,TSMixerx,rmse,0.264207951808426
2,ETTh1,96,pmutual_info,1251,MLP,rmse,0.2642010512813977
2,ETTh1,96,iprollcov,751,MLP,rmse,0.2641767363392885
1,ETTh1,336,ipmutual_info,1251,MLP,mae,0.2641656451473907
1,ETTh1,336,ipmutual_info,751,MLP,mae,0.2641620457594678
1,ETTh1,720,pmutual_info,1001,TCN,mae,0.2641482003851496
1,ETTh1,720,pfarm,1251,TFT,mae,0.2641359045637846
0,ETTh1,720,prollcorr,1501,LSTM,mse,0.2641327091925118
1,ETTh1,720,ipmutual_info,1501,TCN,mae,0.2641166541560713
2,ETTh1,96,iprollcov,1501,TSMixerx,rmse,0.26409313368414
2,ETTh1,96,prollcorr,751,TCN,rmse,0.2640728398384829
1,ETTh1,720,pentropy,751,TCN,mae,0.2640719440291994
2,ETTh1,96,ipentropy,1501,TSMixerx,rmse,0.2640680204480354
1,ETTh1,720,ipmutual_info,1001,TCN,mae,0.2640642662798984
1,ETTh1,720,iprollcov,501,TFT,mae,0.2640353361935621
1,ETTh1,336,iprollcorr,1001,NBEATSx,mae,0.2640342098512707
1,ETTh1,720,pfarm,1251,TCN,mae,0.2640314419643412
1,ETTh1,720,pentropy,1001,TCN,mae,0.2639949876128327
1,ETTh1,336,prollcov,501,MLP,mae,0.2639859247893626
1,ETTh1,336,ipentropy,501,TFT,mae,0.2639749856121652
1,ETTh1,336,pfarm,751,NBEATSx,mae,0.2639671900560532
1,ETTh1,336,ipentropy,751,TFT,mae,0.263964168587395
1,ETTh1,336,pfarm,1251,MLP,mae,0.2639618192056989
1,ETTh1,336,pentropy,751,MLP,mae,0.2639459227757002
1,ETTh1,720,identity,N/A,TCN,mae,0.2639405386117936
1,ETTh1,336,iprollcorr,1501,BiTCN,mae,0.2639333934067047
2,ETTh1,96,pmutual_info,1001,TFT,rmse,0.2639289296056791
1,ETTh1,336,ipentropy,1501,NBEATSx,mae,0.2639222576493661
1,ETTh1,720,pfarm,1501,TCN,mae,0.2639103919408262
3,ETTh1,720,pmutual_info,751,GRU,mape,0.2639016818615991
1,ETTh1,720,pmutual_info,501,TCN,mae,0.2638670882017408
1,ETTh1,336,prollcov,751,MLP,mae,0.2638618967013132
1,ETTh1,336,pentropy,1251,MLP,mae,0.2638578715011545
1,ETTh1,336,ipentropy,751,MLP,mae,0.2638515235115494
1,ETTh1,336,iprollcov,1501,NBEATSx,mae,0.2638407781679608
1,ETTh1,336,prollcov,1001,NBEATSx,mae,0.263839520611808
2,ETTh1,96,iprollcov,751,TSMixerx,rmse,0.2638313259863223
1,ETTh1,336,pmutual_info,1251,NBEATSx,mae,0.2638173121308697
2,ETTh1,96,iprollcov,1001,MLP,rmse,0.2638149524816835
1,ETTh1,720,pentropy,501,TCN,mae,0.2638053622478378
2,ETTh1,96,prollcorr,501,MLP,rmse,0.2638031638528504
1,ETTh1,336,prollcov,751,TFT,mae,0.2637884905848134
2,ETTh1,96,pfarm,1001,TSMixerx,rmse,0.2637567713847554
2,ETTh1,96,identity,N/A,TCN,rmse,0.2637491050631994
1,ETTh1,336,ipentropy,1251,NBEATSx,mae,0.2637431615082288
2,ETTh1,96,prollcov,501,MLP,rmse,0.2637083652054809
1,ETTh1,336,prollcorr,1501,MLP,mae,0.2637042571918594
2,ETTh1,96,prollcov,1001,MLP,rmse,0.2636724169828799
1,ETTh1,336,pentropy,751,BiTCN,mae,0.2636532180191721
1,ETTh1,720,pentropy,1501,TFT,mae,0.2636414620379945
1,ETTh1,336,iprollcorr,1001,BiTCN,mae,0.2636328722506995
2,ETTh1,96,iprollcorr,1001,MLP,rmse,0.263629904092794
2,ETTh1,96,pfarm,751,MLP,rmse,0.2636298994389974
1,ETTh1,336,iprollcov,501,TFT,mae,0.2636117563467219
1,ETTh1,336,pfarm,751,TFT,mae,0.2636074520428539
1,ETTh1,336,iprollcorr,501,NBEATSx,mae,0.2635950972331333
2,ETTh1,96,pmutual_info,1251,TSMixerx,rmse,0.2635889744500906
1,ETTh1,336,pfarm,1501,TFT,mae,0.2635638828063569
1,ETTh1,336,identity,N/A,NBEATSx,mae,0.2635421262624993
1,ETTh1,336,ipentropy,1001,TFT,mae,0.2635322015051027
1,ETTh1,720,pentropy,751,TFT,mae,0.2635290861550493
1,ETTh1,720,pfarm,501,MLP,mae,0.2635177774810622
1,ETTh1,336,pmutual_info,1501,TCN,mae,0.2635057665747331
1,ETTh1,336,ipmutual_info,1001,MLP,mae,0.2634871348786761
1,ETTh1,336,pfarm,1501,NBEATSx,mae,0.2634826138747508
2,ETTh1,96,pmutual_info,501,TCN,rmse,0.2634804912757187
2,ETTh1,96,pentropy,1501,TFT,rmse,0.2634784871353546
1,ETTh1,336,iprollcorr,1251,NBEATSx,mae,0.2634699053218271
1,ETTh1,336,pentropy,751,TFT,mae,0.2633555167104977
1,ETTh1,336,pfarm,1001,MLP,mae,0.2633226157548745
1,ETTh1,336,iprollcov,1251,NBEATSx,mae,0.2632970527648181
2,ETTh1,96,ipmutual_info,1501,TCN,rmse,0.2632923428774586
1,ETTh1,336,pfarm,1001,TFT,mae,0.2632897880546184
1,ETTh1,336,prollcov,501,TFT,mae,0.2632896052277263
2,ETTh1,96,ipentropy,1251,MLP,rmse,0.2632541535263771
2,ETTh1,96,pentropy,501,MLP,rmse,0.2632290742820223
1,ETTh1,336,prollcorr,1501,TFT,mae,0.2631954478840176
2,ETTh1,96,pfarm,1501,DeepNPTS,rmse,0.2631801563152575
2,ETTh1,96,iprollcorr,1501,TSMixerx,rmse,0.2631716884875664
1,ETTh1,720,pentropy,501,TFT,mae,0.2631483272080783
1,ETTh1,336,pentropy,1251,TFT,mae,0.2631354776001834
1,ETTh1,336,ipentropy,1501,MLP,mae,0.2631158395883829
2,ETTh1,96,iprollcorr,751,TSMixerx,rmse,0.263114178437936
2,ETTh1,96,pentropy,1501,TSMixerx,rmse,0.2631134942445846
1,ETTh1,336,iprollcov,501,NBEATSx,mae,0.2630992578759798
1,ETTh1,336,identity,N/A,TFT,mae,0.2630551682316295
1,ETTh1,336,iprollcorr,1501,TFT,mae,0.2630175873765536
1,ETTh1,336,pmutual_info,1501,MLP,mae,0.263010451348999
2,ETTh1,96,pentropy,501,TCN,rmse,0.2629597326148725
1,ETTh1,336,pmutual_info,1251,TFT,mae,0.2629533892601367
1,ETTh1,336,pfarm,1001,BiTCN,mae,0.2629374658970053
1,ETTh1,720,pfarm,751,MLP,mae,0.2629368526810942
1,ETTh1,336,prollcorr,751,BiTCN,mae,0.26292417524807
1,ETTh1,336,pmutual_info,751,TFT,mae,0.2629018614363909
1,ETTh1,336,prollcorr,1001,NBEATSx,mae,0.262874080585704
1,ETTh1,720,pfarm,1001,MLP,mae,0.2628557425410633
1,ETTh1,336,ipentropy,1001,MLP,mae,0.2628400665716068
1,ETTh1,336,iprollcov,501,MLP,mae,0.2628396789660042
1,ETTh1,720,prollcorr,501,MLP,mae,0.262816820353196
1,ETTh1,336,pmutual_info,1501,NBEATSx,mae,0.2628138347781084
1,ETTh1,336,prollcorr,1251,TFT,mae,0.2628121260857555
2,ETTh1,96,ipentropy,1501,DeepNPTS,rmse,0.2627432234780001
1,ETTh1,720,pentropy,501,MLP,mae,0.2627324683244995
1,ETTh1,720,prollcorr,501,TFT,mae,0.2627000149059723
1,ETTh1,336,prollcov,1001,TFT,mae,0.2626853511744179
1,ETTh1,336,prollcov,1501,NBEATSx,mae,0.2626789671669938
1,ETTh1,720,ipmutual_info,501,MLP,mae,0.2626604110384701
3,ETTh1,720,ipmutual_info,1251,GRU,mape,0.2626170583580235
2,ETTh1,96,iprollcorr,1501,DeepNPTS,rmse,0.2626118439078289
1,ETTh1,336,pmutual_info,1001,TFT,mae,0.2626072945301634
1,ETTh1,336,ipentropy,501,NBEATSx,mae,0.2626065567862313
1,ETTh1,336,pfarm,501,NBEATSx,mae,0.2625903150976694
1,ETTh1,720,prollcorr,1001,TFT,mae,0.2625620295365877
1,ETTh1,336,ipentropy,751,NBEATSx,mae,0.2624962581011397
2,ETTh1,96,ipmutual_info,1251,BiTCN,rmse,0.2624858798660621
1,ETTh1,720,pentropy,1001,MLP,mae,0.2624520548946119
1,ETTh1,336,ipentropy,1501,TFT,mae,0.2624428729117658
1,ETTh1,336,pmutual_info,501,TFT,mae,0.2624343143408352
1,ETTh1,336,ipmutual_info,1501,MLP,mae,0.2624267004279177
1,ETTh1,720,pentropy,751,MLP,mae,0.262415704105008
1,ETTh1,336,ipentropy,501,BiTCN,mae,0.2623991115638826
1,ETTh1,720,prollcorr,751,TFT,mae,0.2623674342986771
1,ETTh1,336,ipentropy,1001,NBEATSx,mae,0.2623516401874429
1,ETTh1,336,prollcov,1501,TFT,mae,0.2623310151336179
0,ETTh1,720,pmutual_info,1501,LSTM,mse,0.2623025805643862
1,ETTh1,720,ipmutual_info,501,TFT,mae,0.2622359327590752
1,ETTh1,720,prollcorr,1251,MLP,mae,0.2622264689832399
1,ETTh1,336,identity,N/A,MLP,mae,0.262188461199597
1,ETTh1,336,ipmutual_info,1001,TFT,mae,0.2621663824605241
1,ETTh1,720,pfarm,1251,MLP,mae,0.2621556917004891
0,ETTh1,720,ipmutual_info,1501,GRU,mse,0.2621302633680179
1,ETTh1,336,pfarm,1501,MLP,mae,0.26212862727283
1,ETTh1,336,pmutual_info,751,BiTCN,mae,0.262113988161994
2,ETTh1,96,prollcorr,1501,BiTCN,rmse,0.2621107303335477
2,ETTh1,96,prollcorr,1501,DeepNPTS,rmse,0.2620996367873158
2,ETTh1,96,ipmutual_info,1501,BiTCN,rmse,0.2620908413173041
1,ETTh1,720,iprollcorr,1501,MLP,mae,0.2620867859583373
1,ETTh1,336,iprollcov,751,NBEATSx,mae,0.2620587212726354
1,ETTh1,720,prollcov,501,MLP,mae,0.2620545733149111
2,ETTh1,96,prollcov,1501,DeepNPTS,rmse,0.2620132645809866
1,ETTh1,720,iprollcov,1001,MLP,mae,0.2620051804424628
2,ETTh1,96,ipmutual_info,1001,BiTCN,rmse,0.2620021055052669
2,ETTh1,96,prollcov,1501,BiTCN,rmse,0.2620014474685759
1,ETTh1,720,iprollcorr,1001,MLP,mae,0.2619991592697958
1,ETTh1,720,pentropy,1251,MLP,mae,0.2619238802594748
1,ETTh1,720,ipentropy,1251,MLP,mae,0.2619171926302829
2,ETTh1,96,ipmutual_info,751,BiTCN,rmse,0.2619048591322521
1,ETTh1,336,prollcorr,501,MLP,mae,0.2619036490998413
2,ETTh1,96,prollcorr,1001,BiTCN,rmse,0.2619024569530384
2,ETTh1,96,prollcorr,501,BiTCN,rmse,0.2618916172828888
1,ETTh1,720,ipmutual_info,1001,MLP,mae,0.2618689758702077
2,ETTh1,96,pmutual_info,751,DeepNPTS,rmse,0.2618445276771137
1,ETTh1,720,ipmutual_info,751,TFT,mae,0.2618348932608661
1,ETTh1,336,pentropy,1001,NBEATSx,mae,0.2618341092361397
2,ETTh1,96,pentropy,501,BiTCN,rmse,0.2618188552140211
2,ETTh1,96,prollcov,501,BiTCN,rmse,0.2618121497555205
1,ETTh1,336,ipmutual_info,501,MLP,mae,0.2617997433464269
1,ETTh1,720,prollcorr,1501,MLP,mae,0.2617847688258837
1,ETTh1,336,pmutual_info,1251,MLP,mae,0.2617482697739952
1,ETTh1,336,iprollcorr,751,NBEATSx,mae,0.2617477200530802
2,ETTh1,96,ipentropy,1501,BiTCN,rmse,0.2617252377057874
1,ETTh1,336,pentropy,1001,MLP,mae,0.2616911560297174
2,ETTh1,96,prollcov,1001,BiTCN,rmse,0.2616834309134496
1,ETTh1,336,pentropy,1501,TFT,mae,0.2616653960963329
2,ETTh1,96,prollcorr,1251,BiTCN,rmse,0.2616514799777568
2,ETTh1,96,ipmutual_info,501,BiTCN,rmse,0.2616227843225598
1,ETTh1,720,pmutual_info,1001,TFT,mae,0.2615836866226891
1,ETTh1,720,prollcorr,1001,MLP,mae,0.2615831543469095
2,ETTh1,96,pentropy,751,BiTCN,rmse,0.2615821156031552
2,ETTh1,96,prollcov,1251,BiTCN,rmse,0.2615798044410711
1,ETTh1,720,pfarm,1501,MLP,mae,0.2615451559266535
3,ETTh1,720,ipentropy,751,GRU,mape,0.2615270400732419
1,ETTh1,720,pfarm,1001,TSMixerx,mae,0.2614898020543295
1,ETTh1,336,ipentropy,501,MLP,mae,0.2614862592102112
2,ETTh1,96,ipentropy,1251,BiTCN,rmse,0.2614773483717553
1,ETTh1,720,iprollcov,501,MLP,mae,0.2614768417070191
1,ETTh1,720,ipentropy,1501,MLP,mae,0.2614763737395483
1,ETTh1,336,iprollcorr,1001,MLP,mae,0.2614593957080892
1,ETTh1,720,iprollcorr,1001,TFT,mae,0.2614499525595909
1,ETTh1,720,ipmutual_info,751,MLP,mae,0.2614456803121455
2,ETTh1,96,pfarm,1251,BiTCN,rmse,0.2614320202372137
1,ETTh1,336,ipmutual_info,1251,NBEATSx,mae,0.2614261322003405
1,ETTh1,720,ipmutual_info,1001,TSMixerx,mae,0.2614127590472096
1,ETTh1,720,prollcorr,751,MLP,mae,0.2614124199245863
2,ETTh1,96,prollcorr,751,BiTCN,rmse,0.2614005685535212
2,ETTh1,96,prollcov,751,BiTCN,rmse,0.261394288678409
2,ETTh1,96,prollcov,501,DeepNPTS,rmse,0.261387719491617
2,ETTh1,96,identity,N/A,BiTCN,rmse,0.2613819503251889
2,ETTh1,96,ipentropy,751,BiTCN,rmse,0.2613809715275871
2,ETTh1,96,iprollcorr,1251,BiTCN,rmse,0.2613697624283396
1,ETTh1,720,pfarm,501,TSMixerx,mae,0.2613645266008443
2,ETTh1,96,pentropy,1501,BiTCN,rmse,0.261359482075941
2,ETTh1,96,ipentropy,751,DeepNPTS,rmse,0.2613531444268548
1,ETTh1,720,pentropy,1501,MLP,mae,0.2613520251768108
2,ETTh1,96,pfarm,1501,BiTCN,rmse,0.261336876456279
2,ETTh1,96,pfarm,1001,BiTCN,rmse,0.2613277074634156
2,ETTh1,96,pentropy,1251,BiTCN,rmse,0.2612868796191795
1,ETTh1,720,iprollcov,1501,MLP,mae,0.2612766887639421
1,ETTh1,720,ipentropy,1251,TSMixerx,mae,0.2612742703187379
2,ETTh1,96,iprollcov,1501,BiTCN,rmse,0.261255416085892
1,ETTh1,192,pentropy,1251,LSTM,mae,0.261249949941557
1,ETTh1,720,iprollcorr,501,MLP,mae,0.261235612722372
2,ETTh1,96,iprollcorr,751,BiTCN,rmse,0.2612321401173807
2,ETTh1,96,pmutual_info,501,BiTCN,rmse,0.2612313063331445
1,ETTh1,720,identity,N/A,TSMixerx,mae,0.2612240410503235
1,ETTh1,720,prollcov,1501,MLP,mae,0.2612201126693077
2,ETTh1,96,ipentropy,501,BiTCN,rmse,0.2612095060944054
1,ETTh1,720,ipentropy,501,MLP,mae,0.2611778899303447
1,ETTh1,720,pfarm,1501,TSMixerx,mae,0.2611766287639537
2,ETTh1,96,pfarm,501,BiTCN,rmse,0.261165950059824
2,ETTh1,96,iprollcov,1251,BiTCN,rmse,0.2611588801240797
1,ETTh1,720,prollcov,1251,MLP,mae,0.2611501550251712
2,ETTh1,96,pentropy,1001,BiTCN,rmse,0.2611406006365047
1,ETTh1,720,pfarm,1001,TFT,mae,0.2611396766857163
2,ETTh1,96,iprollcorr,501,BiTCN,rmse,0.2611379554834532
1,ETTh1,720,prollcov,1001,MLP,mae,0.2611321229702414
1,ETTh1,720,ipmutual_info,1501,MLP,mae,0.2611211945153335
1,ETTh1,720,prollcov,751,MLP,mae,0.2611108367889991
2,ETTh1,96,iprollcov,501,BiTCN,rmse,0.2610955450835883
1,ETTh1,720,identity,N/A,MLP,mae,0.2610928377310135
2,ETTh1,96,iprollcorr,1001,BiTCN,rmse,0.2610820943876081
2,ETTh1,96,ipentropy,1001,BiTCN,rmse,0.2610815945256157
1,ETTh1,720,pmutual_info,501,TSMixerx,mae,0.2610658311113942
1,ETTh1,720,iprollcov,1501,TSMixerx,mae,0.2610630507696819
1,ETTh1,720,prollcov,501,TSMixerx,mae,0.261060349060391
1,ETTh1,720,pfarm,751,TFT,mae,0.2610386156002149
1,ETTh1,720,ipentropy,1001,MLP,mae,0.2610298624976425
1,ETTh1,720,iprollcov,1251,MLP,mae,0.261024023501341
1,ETTh1,720,ipentropy,501,TSMixerx,mae,0.2610209360159371
2,ETTh1,96,pfarm,751,BiTCN,rmse,0.2610195357362613
1,ETTh1,720,pmutual_info,751,MLP,mae,0.2609952369411364
1,ETTh1,720,ipmutual_info,1251,MLP,mae,0.2609684453038819
1,ETTh1,720,ipentropy,751,MLP,mae,0.2609276767676511
1,ETTh1,720,iprollcorr,1501,TSMixerx,mae,0.2609229786923663
1,ETTh1,720,prollcorr,1251,TFT,mae,0.2608943168717239
1,ETTh1,720,iprollcorr,751,MLP,mae,0.2608882507566288
1,ETTh1,720,iprollcorr,1251,MLP,mae,0.2608750127931276
2,ETTh1,96,iprollcov,751,BiTCN,rmse,0.2608449939847257
2,ETTh1,96,pmutual_info,1251,BiTCN,rmse,0.2608299119473354
2,ETTh1,96,iprollcov,1001,BiTCN,rmse,0.2608027089385498
1,ETTh1,720,ipentropy,1001,TFT,mae,0.2607969821385054
1,ETTh1,336,iprollcorr,501,MLP,mae,0.2607710069630328
1,ETTh1,720,iprollcov,751,MLP,mae,0.2607207305379497
1,ETTh1,720,iprollcorr,501,TSMixerx,mae,0.2606564122222203
2,ETTh1,96,iprollcorr,1501,BiTCN,rmse,0.2606534598874211
1,ETTh1,720,prollcorr,1501,TFT,mae,0.2606062501015507
1,ETTh1,720,pfarm,751,TSMixerx,mae,0.2605849103546862
1,ETTh1,720,prollcov,1001,TFT,mae,0.2605832785275246
2,ETTh1,96,pmutual_info,1501,BiTCN,rmse,0.2605472335322174
1,ETTh1,720,prollcorr,501,TSMixerx,mae,0.2605385829421363
1,ETTh1,336,prollcorr,1501,BiTCN,mae,0.2605225785777513
1,ETTh1,336,iprollcov,1501,TFT,mae,0.2605175321522244
1,ETTh1,336,pfarm,1501,BiTCN,mae,0.2605157407703314
1,ETTh1,720,prollcov,1501,TSMixerx,mae,0.2604540592583765
1,ETTh1,720,pmutual_info,1501,TSMixerx,mae,0.2604305255595536
1,ETTh1,720,pfarm,501,TFT,mae,0.2603654863371352
1,ETTh1,192,ipmutual_info,1001,TFT,mae,0.2602915907620476
1,ETTh1,336,pentropy,1501,BiTCN,mae,0.2602860027141339
2,ETTh1,96,pmutual_info,751,BiTCN,rmse,0.2601618170340666
2,ETTh1,96,ipmutual_info,751,DeepNPTS,rmse,0.2600765896597622
3,ETTh1,720,pmutual_info,751,LSTM,mape,0.2600563667166409
2,ETTh1,96,pmutual_info,1001,BiTCN,rmse,0.2600443031295169
1,ETTh1,720,prollcov,751,TFT,mae,0.2600176846599665
1,ETTh1,720,pentropy,1501,TSMixerx,mae,0.2599816924919876
1,ETTh1,720,pmutual_info,751,TFT,mae,0.2599636892208234
1,ETTh1,336,prollcov,1001,BiTCN,mae,0.2599497067980903
1,ETTh1,720,iprollcov,751,TSMixerx,mae,0.2598492011693399
1,ETTh1,720,iprollcov,751,TFT,mae,0.259847564810133
1,ETTh1,336,prollcov,751,BiTCN,mae,0.2598231641750481
1,ETTh1,720,prollcov,1251,TFT,mae,0.2598209201588509
1,ETTh1,720,pentropy,751,TSMixerx,mae,0.2598018883874027
2,ETTh1,96,ipentropy,1001,DeepNPTS,rmse,0.2597763145712042
1,ETTh1,720,prollcov,1501,TFT,mae,0.2597716361320343
1,ETTh1,720,identity,N/A,TFT,mae,0.2597406842332964
1,ETTh1,720,pmutual_info,1501,MLP,mae,0.2597318645278972
1,ETTh1,720,ipmutual_info,1501,TFT,mae,0.2596906525977938
1,ETTh1,720,pmutual_info,1251,MLP,mae,0.2596479288288186
1,ETTh1,720,iprollcorr,501,TFT,mae,0.2596119194892237
1,ETTh1,336,iprollcorr,1251,DeepNPTS,mae,0.2594914819194298
1,ETTh1,336,ipentropy,1251,TFT,mae,0.259370929179634
3,ETTh1,720,ipmutual_info,1001,LSTM,mape,0.2593471901562722
1,ETTh1,720,pmutual_info,1001,MLP,mae,0.2592792829435127
0,ETTh1,720,pmutual_info,1501,GRU,mse,0.2592546108726518
0,ETTh1,720,pentropy,1501,GRU,mse,0.2592350085784729
1,ETTh1,720,ipmutual_info,1501,TSMixerx,mae,0.2592025529176084
1,ETTh1,720,prollcov,1251,TSMixerx,mae,0.25911902969256
1,ETTh1,720,iprollcorr,1501,TiDE,mae,0.2590770506081206
1,ETTh1,720,prollcorr,501,TiDE,mae,0.2590770506081206
1,ETTh1,720,pentropy,501,TiDE,mae,0.2590770506081206
1,ETTh1,720,pfarm,1001,TiDE,mae,0.2590770506081206
1,ETTh1,720,pfarm,751,TiDE,mae,0.2590770506081206
1,ETTh1,720,iprollcorr,751,TiDE,mae,0.2590770506081206
1,ETTh1,720,ipentropy,1501,TiDE,mae,0.2590770506081206
1,ETTh1,720,ipmutual_info,501,TiDE,mae,0.2590770506081206
1,ETTh1,720,pentropy,1501,TiDE,mae,0.2590770506081206
1,ETTh1,720,prollcov,1251,TiDE,mae,0.2590770506081206
1,ETTh1,720,prollcov,501,TiDE,mae,0.2590770506081206
1,ETTh1,720,pmutual_info,1001,TiDE,mae,0.2590770506081206
1,ETTh1,720,pmutual_info,501,TiDE,mae,0.2590770506081206
1,ETTh1,720,pfarm,1251,TiDE,mae,0.2590770506081206
1,ETTh1,720,pmutual_info,1501,TiDE,mae,0.2590770506081206
1,ETTh1,720,pmutual_info,1251,TiDE,mae,0.2590770506081206
1,ETTh1,720,iprollcorr,501,TiDE,mae,0.2590770506081206
1,ETTh1,720,iprollcorr,1001,TiDE,mae,0.2590770506081206
1,ETTh1,720,iprollcov,1501,TiDE,mae,0.2590770506081206
1,ETTh1,720,iprollcov,501,TiDE,mae,0.2590770506081206
1,ETTh1,720,iprollcov,1251,TiDE,mae,0.2590770506081206
1,ETTh1,720,iprollcov,751,TiDE,mae,0.2590770506081206
1,ETTh1,720,prollcorr,751,TiDE,mae,0.2590770506081206
1,ETTh1,720,pfarm,1501,TiDE,mae,0.2590770506081206
1,ETTh1,720,prollcov,751,TiDE,mae,0.2590770506081206
1,ETTh1,720,prollcov,1501,TiDE,mae,0.2590770506081206
1,ETTh1,720,pentropy,1001,TiDE,mae,0.2590770506081206
1,ETTh1,720,ipentropy,501,TiDE,mae,0.2590770506081206
1,ETTh1,720,pentropy,751,TiDE,mae,0.2590770506081206
1,ETTh1,720,prollcorr,1251,TiDE,mae,0.2590770506081206
1,ETTh1,720,prollcorr,1501,TiDE,mae,0.2590770506081206
1,ETTh1,720,prollcov,1001,TiDE,mae,0.2590770506081206
1,ETTh1,720,ipmutual_info,751,TiDE,mae,0.2590770506081206
1,ETTh1,720,prollcorr,1001,TiDE,mae,0.2590770506081206
1,ETTh1,720,ipentropy,751,TiDE,mae,0.2590770506081206
1,ETTh1,720,ipentropy,1251,TiDE,mae,0.2590770506081206
1,ETTh1,720,ipmutual_info,1251,TiDE,mae,0.2590770506081206
1,ETTh1,720,ipentropy,1001,TiDE,mae,0.2590770506081206
1,ETTh1,720,ipmutual_info,1001,TiDE,mae,0.2590770506081206
1,ETTh1,720,pmutual_info,751,TiDE,mae,0.2590770506081206
1,ETTh1,720,pentropy,1251,TiDE,mae,0.2590770506081206
1,ETTh1,720,ipmutual_info,1501,TiDE,mae,0.2590770506081206
1,ETTh1,720,iprollcov,1001,TiDE,mae,0.2590770506081206
1,ETTh1,720,iprollcorr,1251,TiDE,mae,0.2590770506081206
1,ETTh1,720,identity,N/A,TiDE,mae,0.2590770506081206
1,ETTh1,720,pfarm,501,TiDE,mae,0.2590770506081206
1,ETTh1,720,pmutual_info,751,TSMixerx,mae,0.2589867988780218
1,ETTh1,720,ipmutual_info,1251,TFT,mae,0.2588895160169701
1,ETTh1,720,pentropy,501,TSMixerx,mae,0.2587023439644046
3,ETTh1,720,ipmutual_info,1251,LSTM,mape,0.2587014257106489
1,ETTh1,720,prollcorr,751,TSMixerx,mae,0.2585899813360935
1,ETTh1,720,iprollcorr,751,TFT,mae,0.2585029430632567
1,ETTh1,336,pmutual_info,1001,DeepNPTS,mae,0.258496593548249
1,ETTh1,720,iprollcorr,1501,TFT,mae,0.2584862303211341
2,ETTh1,96,identity,N/A,DeepNPTS,rmse,0.2584323650939454
1,ETTh1,336,prollcorr,1001,BiTCN,mae,0.2583745010731325
1,ETTh1,336,pfarm,501,BiTCN,mae,0.2583605239025121
2,ETTh1,96,ipentropy,1501,TiDE,rmse,0.2583498166661732
2,ETTh1,96,ipmutual_info,751,TiDE,rmse,0.2583498166661732
2,ETTh1,96,iprollcorr,1251,TiDE,rmse,0.2583498166661732
2,ETTh1,96,iprollcorr,1501,TiDE,rmse,0.2583498166661732
2,ETTh1,96,iprollcorr,1001,TiDE,rmse,0.2583498166661732
2,ETTh1,96,ipmutual_info,1001,TiDE,rmse,0.2583498166661732
2,ETTh1,96,pentropy,751,TiDE,rmse,0.2583498166661732
2,ETTh1,96,pfarm,1251,TiDE,rmse,0.2583498166661732
2,ETTh1,96,pfarm,1001,TiDE,rmse,0.2583498166661732
2,ETTh1,96,pfarm,751,TiDE,rmse,0.2583498166661732
2,ETTh1,96,pfarm,1501,TiDE,rmse,0.2583498166661732
2,ETTh1,96,pentropy,1251,TiDE,rmse,0.2583498166661732
2,ETTh1,96,pentropy,501,TiDE,rmse,0.2583498166661732
2,ETTh1,96,prollcorr,751,TiDE,rmse,0.2583498166661732
2,ETTh1,96,prollcov,501,TiDE,rmse,0.2583498166661732
2,ETTh1,96,prollcorr,1501,TiDE,rmse,0.2583498166661732
2,ETTh1,96,ipentropy,751,TiDE,rmse,0.2583498166661732
2,ETTh1,96,ipentropy,1251,TiDE,rmse,0.2583498166661732
2,ETTh1,96,iprollcov,1501,TiDE,rmse,0.2583498166661732
2,ETTh1,96,iprollcov,1251,TiDE,rmse,0.2583498166661732
2,ETTh1,96,ipentropy,501,TiDE,rmse,0.2583498166661732
2,ETTh1,96,prollcov,751,TiDE,rmse,0.2583498166661732
2,ETTh1,96,ipentropy,1001,TiDE,rmse,0.2583498166661732
2,ETTh1,96,pmutual_info,1001,TiDE,rmse,0.2583498166661732
2,ETTh1,96,iprollcov,1001,TiDE,rmse,0.2583498166661732
2,ETTh1,96,iprollcov,501,TiDE,rmse,0.2583498166661732
2,ETTh1,96,iprollcov,751,TiDE,rmse,0.2583498166661732
2,ETTh1,96,pmutual_info,501,TiDE,rmse,0.2583498166661732
2,ETTh1,96,iprollcorr,501,TiDE,rmse,0.2583498166661732
2,ETTh1,96,prollcorr,1001,TiDE,rmse,0.2583498166661732
2,ETTh1,96,pfarm,501,TiDE,rmse,0.2583498166661732
2,ETTh1,96,identity,N/A,TiDE,rmse,0.2583498166661732
2,ETTh1,96,pmutual_info,751,TiDE,rmse,0.2583498166661732
2,ETTh1,96,pmutual_info,1501,TiDE,rmse,0.2583498166661732
2,ETTh1,96,prollcorr,501,TiDE,rmse,0.2583498166661732
2,ETTh1,96,prollcov,1501,TiDE,rmse,0.2583498166661732
2,ETTh1,96,pmutual_info,1251,TiDE,rmse,0.2583498166661732
2,ETTh1,96,iprollcorr,751,TiDE,rmse,0.2583498166661732
2,ETTh1,96,prollcov,1001,TiDE,rmse,0.2583498166661732
2,ETTh1,96,prollcorr,1251,TiDE,rmse,0.2583498166661732
2,ETTh1,96,prollcov,1251,TiDE,rmse,0.2583498166661732
2,ETTh1,96,pentropy,1501,TiDE,rmse,0.2583498166661732
2,ETTh1,96,ipmutual_info,501,TiDE,rmse,0.2583498166661732
2,ETTh1,96,pentropy,1001,TiDE,rmse,0.2583498166661732
2,ETTh1,96,ipmutual_info,1251,TiDE,rmse,0.2583498166661732
2,ETTh1,96,ipmutual_info,1501,TiDE,rmse,0.2583498166661732
1,ETTh1,720,pmutual_info,501,MLP,mae,0.2582278692318591
1,ETTh1,720,pmutual_info,1001,TSMixerx,mae,0.258209872893418
3,ETTh1,720,ipmutual_info,751,LSTM,mape,0.2581770610564931
1,ETTh1,336,prollcov,501,DeepNPTS,mae,0.2581140072943003
1,ETTh1,336,pmutual_info,501,DeepNPTS,mae,0.2581072595266481
1,ETTh1,336,ipentropy,1251,DeepNPTS,mae,0.2577593598369072
0,ETTh1,720,prollcorr,751,LSTM,mse,0.2576196990379677
1,ETTh1,336,pmutual_info,751,DeepNPTS,mae,0.2575952855614573
1,ETTh1,192,prollcorr,1001,TFT,mae,0.257441530074721
1,ETTh1,336,prollcorr,751,MLP,mae,0.2571705053633517
1,ETTh1,192,prollcov,751,TFT,mae,0.2570798385224084
1,ETTh1,336,pfarm,1001,DeepNPTS,mae,0.2570105514273388
1,ETTh1,192,ipentropy,1501,TFT,mae,0.2569793294142138
0,ETTh1,720,prollcov,1501,LSTM,mse,0.2569600186115108
1,ETTh1,192,pfarm,1501,TFT,mae,0.2569525667929788
1,ETTh1,336,ipmutual_info,501,DeepNPTS,mae,0.2568272509450862
1,ETTh1,192,iprollcorr,1001,TFT,mae,0.2567967127627378
1,ETTh1,336,prollcov,1251,DeepNPTS,mae,0.2567966223498751
1,ETTh1,336,ipentropy,1501,TiDE,mae,0.2567637583256563
1,ETTh1,336,iprollcorr,1251,TiDE,mae,0.2567637583256563
1,ETTh1,336,iprollcorr,1001,TiDE,mae,0.2567637583256563
1,ETTh1,336,pmutual_info,1501,TiDE,mae,0.2567637583256563
1,ETTh1,336,iprollcov,751,TiDE,mae,0.2567637583256563
1,ETTh1,336,ipmutual_info,1001,TiDE,mae,0.2567637583256563
1,ETTh1,336,ipmutual_info,751,TiDE,mae,0.2567637583256563
1,ETTh1,336,pentropy,501,TiDE,mae,0.2567637583256563
1,ETTh1,336,prollcorr,501,TiDE,mae,0.2567637583256563
1,ETTh1,336,ipentropy,1001,TiDE,mae,0.2567637583256563
1,ETTh1,336,ipentropy,1251,TiDE,mae,0.2567637583256563
1,ETTh1,336,prollcov,1001,TiDE,mae,0.2567637583256563
1,ETTh1,336,iprollcorr,501,TiDE,mae,0.2567637583256563
1,ETTh1,336,iprollcov,1251,TiDE,mae,0.2567637583256563
1,ETTh1,336,prollcov,1501,TiDE,mae,0.2567637583256563
1,ETTh1,336,prollcov,1251,TiDE,mae,0.2567637583256563
1,ETTh1,336,pfarm,501,TiDE,mae,0.2567637583256563
1,ETTh1,336,pentropy,1001,TiDE,mae,0.2567637583256563
1,ETTh1,336,pfarm,1501,TiDE,mae,0.2567637583256563
1,ETTh1,336,ipmutual_info,1501,TiDE,mae,0.2567637583256563
1,ETTh1,336,prollcorr,751,TiDE,mae,0.2567637583256563
1,ETTh1,336,pfarm,1251,TiDE,mae,0.2567637583256563
1,ETTh1,336,pentropy,751,TiDE,mae,0.2567637583256563
1,ETTh1,336,prollcorr,1251,TiDE,mae,0.2567637583256563
1,ETTh1,336,prollcorr,1001,TiDE,mae,0.2567637583256563
1,ETTh1,336,prollcorr,1501,TiDE,mae,0.2567637583256563
1,ETTh1,336,identity,N/A,TiDE,mae,0.2567637583256563
1,ETTh1,336,prollcov,501,TiDE,mae,0.2567637583256563
1,ETTh1,336,prollcov,751,TiDE,mae,0.2567637583256563
1,ETTh1,336,pfarm,751,TiDE,mae,0.2567637583256563
1,ETTh1,336,pmutual_info,501,TiDE,mae,0.2567637583256563
1,ETTh1,336,pmutual_info,1251,TiDE,mae,0.2567637583256563
1,ETTh1,336,pfarm,1001,TiDE,mae,0.2567637583256563
1,ETTh1,336,pmutual_info,751,TiDE,mae,0.2567637583256563
1,ETTh1,336,iprollcorr,751,TiDE,mae,0.2567637583256563
1,ETTh1,336,pentropy,1251,TiDE,mae,0.2567637583256563
1,ETTh1,336,pentropy,1501,TiDE,mae,0.2567637583256563
1,ETTh1,336,ipentropy,751,TiDE,mae,0.2567637583256563
1,ETTh1,336,iprollcorr,1501,TiDE,mae,0.2567637583256563
1,ETTh1,336,iprollcov,501,TiDE,mae,0.2567637583256563
1,ETTh1,336,ipmutual_info,1251,TiDE,mae,0.2567637583256563
1,ETTh1,336,pmutual_info,1001,TiDE,mae,0.2567637583256563
1,ETTh1,336,ipmutual_info,501,TiDE,mae,0.2567637583256563
1,ETTh1,336,ipentropy,501,TiDE,mae,0.2567637583256563
1,ETTh1,336,iprollcov,1001,TiDE,mae,0.2567637583256563
1,ETTh1,336,iprollcov,1501,TiDE,mae,0.2567637583256563
1,ETTh1,192,pentropy,751,TFT,mae,0.2567306160097086
1,ETTh1,192,pentropy,1251,TFT,mae,0.2566675968730929
1,ETTh1,336,ipmutual_info,1501,DeepNPTS,mae,0.2566643818625841
1,ETTh1,336,ipmutual_info,751,DeepNPTS,mae,0.256651379218512
1,ETTh1,336,pmutual_info,1501,DeepNPTS,mae,0.2566499982420152
1,ETTh1,336,pmutual_info,501,BiTCN,mae,0.2566496398071818
1,ETTh1,192,pfarm,1001,TFT,mae,0.2564771314745231
1,ETTh1,336,iprollcorr,501,DeepNPTS,mae,0.2563871605637249
1,ETTh1,336,pentropy,1251,DeepNPTS,mae,0.256287648978033
1,ETTh1,336,ipmutual_info,1251,DeepNPTS,mae,0.256229925874355
1,ETTh1,336,pfarm,501,DeepNPTS,mae,0.2561197343624661
1,ETTh1,336,ipmutual_info,1001,DeepNPTS,mae,0.2560018605283136
3,ETTh1,720,pmutual_info,1251,GRU,mape,0.2559438996995465
1,ETTh1,336,pentropy,1501,DeepNPTS,mae,0.2559156962083022
1,ETTh1,336,iprollcov,751,GRU,mae,0.2558243284177983
1,ETTh1,336,prollcorr,751,DeepNPTS,mae,0.255779993388377
1,ETTh1,336,iprollcov,751,DeepNPTS,mae,0.2557799236036463
1,ETTh1,192,pfarm,501,TFT,mae,0.2557385578487655
1,ETTh1,336,prollcorr,1251,DeepNPTS,mae,0.2556845183787377
1,ETTh1,336,prollcov,1501,DeepNPTS,mae,0.2555187147293595
1,ETTh1,336,ipentropy,1001,DeepNPTS,mae,0.2554635612769641
1,ETTh1,336,prollcorr,1001,DeepNPTS,mae,0.2554215828282041
1,ETTh1,336,ipentropy,501,DeepNPTS,mae,0.2553399907910386
1,ETTh1,336,prollcov,1001,DeepNPTS,mae,0.255332645443616
1,ETTh1,336,iprollcov,1501,DeepNPTS,mae,0.25518224382679
1,ETTh1,336,iprollcov,1251,LSTM,mae,0.2551485441490536
1,ETTh1,336,ipmutual_info,1251,LSTM,mae,0.2551243506178135
1,ETTh1,336,iprollcov,501,DeepNPTS,mae,0.2550225220736202
1,ETTh1,336,iprollcorr,1001,DeepNPTS,mae,0.2549784140641174
1,ETTh1,336,iprollcov,1001,DeepNPTS,mae,0.2549145925020485
1,ETTh1,336,prollcorr,1501,DeepNPTS,mae,0.2547287351357641
1,ETTh1,336,pentropy,751,DeepNPTS,mae,0.2546542112034555
1,ETTh1,336,ipentropy,751,DeepNPTS,mae,0.2546375492882249
1,ETTh1,192,prollcov,1001,TFT,mae,0.2544666420086443
1,ETTh1,336,prollcorr,501,DeepNPTS,mae,0.2544515681428477
1,ETTh1,336,pfarm,1251,DeepNPTS,mae,0.2543602825399461
1,ETTh1,336,pfarm,751,DeepNPTS,mae,0.2543227380933792
1,ETTh1,336,prollcorr,1501,GRU,mae,0.2542571118015434
1,ETTh1,192,ipmutual_info,1501,LSTM,mae,0.2541436335415293
1,ETTh1,336,pentropy,501,DeepNPTS,mae,0.2541241292756322
1,ETTh1,336,pfarm,1501,DeepNPTS,mae,0.2540859918712506
1,ETTh1,336,iprollcorr,751,DeepNPTS,mae,0.2539670021215882
0,ETTh1,720,prollcov,751,LSTM,mse,0.2538955190052467
1,ETTh1,336,pmutual_info,1251,DeepNPTS,mae,0.2538571424232791
1,ETTh1,336,iprollcov,1251,DeepNPTS,mae,0.2538181742318384
1,ETTh1,336,iprollcorr,1251,TFT,mae,0.253755624480258
1,ETTh1,336,ipmutual_info,1001,LSTM,mae,0.253737811469102
1,ETTh1,336,ipentropy,751,GRU,mae,0.2536868185166172
1,ETTh1,336,prollcov,751,DeepNPTS,mae,0.2536823369193844
1,ETTh1,336,identity,N/A,DeepNPTS,mae,0.253657160795174
1,ETTh1,336,iprollcorr,1001,LSTM,mae,0.2535513046493922
1,ETTh1,192,pentropy,751,LSTM,mae,0.2535224801962987
1,ETTh1,336,pentropy,751,LSTM,mae,0.2535043738695275
1,ETTh1,336,ipmutual_info,1501,LSTM,mae,0.2534095664987293
0,ETTh1,720,ipmutual_info,501,LSTM,mse,0.2532571067225523
1,ETTh1,336,pentropy,1001,DeepNPTS,mae,0.2530613008065309
1,ETTh1,336,iprollcov,1501,GRU,mae,0.2529961907593878
1,ETTh1,336,ipentropy,1501,DeepNPTS,mae,0.2528605706872293
1,ETTh1,192,prollcov,1501,NHITS,mae,0.2525301528745526
1,ETTh1,336,pmutual_info,1251,GRU,mae,0.2524970751125441
1,ETTh1,336,ipmutual_info,1251,GRU,mae,0.2524570065596308
1,ETTh1,336,iprollcorr,1501,DeepNPTS,mae,0.2523486669225006
1,ETTh1,192,pmutual_info,1501,TSMixerx,mae,0.2522515562720684
1,ETTh1,336,pentropy,751,GRU,mae,0.2521636140144751
1,ETTh1,192,pentropy,1001,TFT,mae,0.2521307929846183
1,ETTh1,336,pmutual_info,501,LSTM,mae,0.2521255216179742
1,ETTh1,336,iprollcov,501,GRU,mae,0.2516957871497127
1,ETTh1,336,pfarm,1001,GRU,mae,0.2515976634259385
1,ETTh1,336,pfarm,501,LSTM,mae,0.2515059232643321
1,ETTh1,336,pentropy,1251,GRU,mae,0.2514314300590808
1,ETTh1,336,ipentropy,1001,GRU,mae,0.251196709686834
1,ETTh1,192,ipentropy,1251,NHITS,mae,0.2510940481855517
1,ETTh1,96,ipmutual_info,501,NBEATSx,mae,0.2509677392696827
1,ETTh1,192,prollcorr,1501,NHITS,mae,0.2507975616200519
1,ETTh1,336,pmutual_info,1501,GRU,mae,0.2507786548783111
1,ETTh1,192,iprollcorr,1501,LSTM,mae,0.2507251239502488
0,ETTh1,720,pentropy,1251,LSTM,mse,0.2506645225847009
1,ETTh1,336,prollcorr,1001,GRU,mae,0.2504876627131374
1,ETTh1,336,pentropy,1001,LSTM,mae,0.2504876181036398
3,ETTh1,720,pentropy,1001,GRU,mape,0.250353683358804
3,ETTh1,720,pentropy,751,GRU,mape,0.2503295955936307
3,ETTh1,720,pfarm,501,LSTM,mape,0.2503281430245017
1,ETTh1,192,prollcov,501,TSMixerx,mae,0.2503152239166068
1,ETTh1,192,pmutual_info,751,TSMixerx,mae,0.2502753127581823
1,ETTh1,336,ipmutual_info,501,GRU,mae,0.250264021890331
1,ETTh1,192,pfarm,501,LSTM,mae,0.2501459379974108
1,ETTh1,336,ipmutual_info,1001,GRU,mae,0.2500385221873044
1,ETTh1,192,ipmutual_info,751,TCN,mae,0.249976949864145
1,ETTh1,336,pentropy,1501,LSTM,mae,0.2498762204012869
1,ETTh1,192,ipmutual_info,1251,NHITS,mae,0.2498397478185765
1,ETTh1,336,iprollcov,1001,GRU,mae,0.249755891565087
1,ETTh1,192,ipentropy,1251,LSTM,mae,0.2497182671278392
0,ETTh1,720,iprollcov,1251,LSTM,mse,0.249670696108668
1,ETTh1,336,pmutual_info,751,LSTM,mae,0.2496379865220896
1,ETTh1,336,iprollcorr,501,GRU,mae,0.2496330287084296
1,ETTh1,336,identity,N/A,GRU,mae,0.2495728294295323
1,ETTh1,192,iprollcorr,501,NHITS,mae,0.2495066148203107
1,ETTh1,192,prollcorr,501,LSTM,mae,0.2494306803281335
1,ETTh1,336,pfarm,751,LSTM,mae,0.2493896148661629
1,ETTh1,336,iprollcorr,1001,GRU,mae,0.2493857241462993
1,ETTh1,192,iprollcov,501,NHITS,mae,0.2493694913494561
1,ETTh1,192,ipmutual_info,751,NHITS,mae,0.2492284110009144
1,ETTh1,192,ipmutual_info,501,NHITS,mae,0.2492246179359541
1,ETTh1,192,iprollcov,1001,LSTM,mae,0.2492184139902464
1,ETTh1,192,identity,N/A,TCN,mae,0.2491874810479406
1,ETTh1,192,pfarm,1501,NHITS,mae,0.2490585002804814
1,ETTh1,192,iprollcorr,751,NHITS,mae,0.2489359900718503
1,ETTh1,192,identity,N/A,LSTM,mae,0.2487839853140576
1,ETTh1,336,prollcorr,501,LSTM,mae,0.2486973549347199
1,ETTh1,336,prollcorr,501,GRU,mae,0.2486642690499417
1,ETTh1,192,prollcorr,1251,TCN,mae,0.2486396950669749
1,ETTh1,192,identity,N/A,NHITS,mae,0.2485730706550516
1,ETTh1,192,ipentropy,1501,NHITS,mae,0.248570424042583
1,ETTh1,192,ipmutual_info,1001,TCN,mae,0.2485612966096002
1,ETTh1,192,ipentropy,1501,TCN,mae,0.2485584241422352
1,ETTh1,192,pmutual_info,1251,TCN,mae,0.2485473253603534
1,ETTh1,336,pmutual_info,1501,LSTM,mae,0.2485301094722818
1,ETTh1,192,ipmutual_info,1251,TCN,mae,0.2485271132853648
1,ETTh1,192,iprollcov,1251,TCN,mae,0.2485109865013725
1,ETTh1,336,prollcov,501,GRU,mae,0.2484946398157352
1,ETTh1,192,iprollcov,1251,LSTM,mae,0.2484835143084214
1,ETTh1,192,pfarm,1251,TCN,mae,0.2484820587438407
1,ETTh1,192,ipentropy,501,TCN,mae,0.2484423007422266
1,ETTh1,192,iprollcov,1001,TCN,mae,0.2484414541327071
0,ETTh1,720,prollcorr,1001,GRU,mse,0.2484276477861297
1,ETTh1,192,pentropy,1251,TCN,mae,0.2484030603604853
1,ETTh1,192,iprollcorr,1501,TCN,mae,0.2484016399955572
1,ETTh1,192,pentropy,501,TCN,mae,0.2483903978212438
1,ETTh1,192,iprollcorr,1251,TCN,mae,0.2483559328015824
1,ETTh1,336,pfarm,1251,GRU,mae,0.2483536291958301
1,ETTh1,192,iprollcorr,501,TCN,mae,0.2483417416142493
1,ETTh1,336,prollcorr,1251,GRU,mae,0.2483241854666057
1,ETTh1,192,pfarm,1001,TCN,mae,0.2482968361644867
1,ETTh1,192,pmutual_info,501,TCN,mae,0.2482759325728353
1,ETTh1,192,pentropy,1001,TCN,mae,0.2482617561559
1,ETTh1,192,prollcov,751,TCN,mae,0.2482569242905541
1,ETTh1,192,pentropy,501,LSTM,mae,0.2482012448582059
1,ETTh1,192,prollcov,1251,TCN,mae,0.2481857058413319
1,ETTh1,192,prollcov,501,TCN,mae,0.2481736160805946
1,ETTh1,192,ipentropy,1001,TCN,mae,0.2481457952205071
1,ETTh1,192,pfarm,751,NHITS,mae,0.248118837989978
1,ETTh1,336,prollcov,751,GRU,mae,0.2481129577149047
1,ETTh1,192,pmutual_info,501,LSTM,mae,0.2481057375826871
1,ETTh1,336,prollcov,1001,LSTM,mae,0.2480972922291876
1,ETTh1,192,pentropy,751,TCN,mae,0.2480766966180809
1,ETTh1,192,ipentropy,751,TCN,mae,0.2480718324947658
1,ETTh1,192,pmutual_info,1501,TCN,mae,0.2480573617071013
1,ETTh1,192,prollcorr,1001,TCN,mae,0.2480559093559582
1,ETTh1,192,pentropy,1501,NHITS,mae,0.248048445666034
1,ETTh1,192,iprollcorr,1001,TCN,mae,0.2480162336270174
1,ETTh1,192,pentropy,1501,TCN,mae,0.2480028786724118
1,ETTh1,192,iprollcov,501,TCN,mae,0.2479958041945745
1,ETTh1,192,iprollcorr,1001,NHITS,mae,0.2479336517369508
1,ETTh1,192,iprollcorr,1251,NHITS,mae,0.2478936031055681
1,ETTh1,336,ipentropy,1501,GRU,mae,0.2478853559834234
1,ETTh1,336,pmutual_info,501,GRU,mae,0.2478763627595476
1,ETTh1,192,prollcov,501,LSTM,mae,0.2478434298371356
1,ETTh1,192,pfarm,1001,LSTM,mae,0.2478359786068845
1,ETTh1,336,pfarm,1501,GRU,mae,0.2476233698162796
1,ETTh1,192,pfarm,1001,NHITS,mae,0.2476223136698599
1,ETTh1,192,prollcorr,1251,NHITS,mae,0.2476120142289068
1,ETTh1,336,iprollcorr,751,GRU,mae,0.2475934682968351
1,ETTh1,336,ipmutual_info,1501,GRU,mae,0.2475662493626741
1,ETTh1,192,pfarm,1501,LSTM,mae,0.2475604019274851
1,ETTh1,336,pfarm,1501,LSTM,mae,0.247533953155075
1,ETTh1,336,pentropy,1501,GRU,mae,0.2475230726211379
1,ETTh1,336,pmutual_info,751,GRU,mae,0.2474490416535301
1,ETTh1,192,pmutual_info,1001,TCN,mae,0.2474085190777723
1,ETTh1,336,prollcov,1501,GRU,mae,0.247395177363681
1,ETTh1,192,iprollcorr,1001,LSTM,mae,0.2473840064096285
1,ETTh1,336,prollcorr,751,GRU,mae,0.2473554807888638
1,ETTh1,192,pfarm,751,TCN,mae,0.2473420252551985
1,ETTh1,192,pmutual_info,751,TCN,mae,0.24734091370654
1,ETTh1,192,ipentropy,1251,TCN,mae,0.2473392227563116
1,ETTh1,336,iprollcov,501,LSTM,mae,0.2473305655509024
1,ETTh1,192,ipmutual_info,1501,TCN,mae,0.247329602518017
1,ETTh1,192,prollcorr,501,TCN,mae,0.2473284057171335
1,ETTh1,192,prollcorr,751,TCN,mae,0.2472989438263246
1,ETTh1,336,ipentropy,501,GRU,mae,0.2472949271277659
1,ETTh1,192,prollcorr,1501,TCN,mae,0.2472927276419365
1,ETTh1,336,pentropy,1001,GRU,mae,0.2472885548784201
1,ETTh1,192,prollcov,1501,TCN,mae,0.247283882995762
1,ETTh1,192,iprollcov,751,TCN,mae,0.2472719912075216
1,ETTh1,192,iprollcov,1501,TCN,mae,0.2472693115714117
1,ETTh1,192,ipmutual_info,501,TCN,mae,0.2472648366080018
1,ETTh1,192,iprollcorr,751,TCN,mae,0.2472524918272326
1,ETTh1,336,ipmutual_info,751,GRU,mae,0.2472472777232696
1,ETTh1,192,pfarm,501,TCN,mae,0.2472076248688382
1,ETTh1,192,pfarm,1501,TCN,mae,0.2471967061219968
0,ETTh1,720,prollcorr,1001,LSTM,mse,0.247170515772146
1,ETTh1,336,pentropy,501,LSTM,mae,0.2471537403323162
1,ETTh1,192,prollcov,1001,TCN,mae,0.2471495503834899
1,ETTh1,336,iprollcorr,1501,LSTM,mae,0.2471086427238102
1,ETTh1,192,prollcorr,751,LSTM,mae,0.247049142145863
1,ETTh1,336,iprollcov,1251,GRU,mae,0.2470489925164836
1,ETTh1,336,pfarm,1001,LSTM,mae,0.2470309038578458
1,ETTh1,192,pmutual_info,1251,LSTM,mae,0.2469899041087089
1,ETTh1,336,pentropy,1251,LSTM,mae,0.246959964938973
1,ETTh1,192,ipentropy,501,NHITS,mae,0.2469418246147354
1,ETTh1,336,iprollcorr,1501,GRU,mae,0.246924050087042
1,ETTh1,336,ipentropy,1251,GRU,mae,0.2469131916309671
1,ETTh1,192,pfarm,501,GRU,mae,0.2469037598350351
1,ETTh1,192,pentropy,1501,GRU,mae,0.2468616115084868
1,ETTh1,192,ipentropy,751,LSTM,mae,0.2468208176440237
1,ETTh1,336,iprollcorr,1251,LSTM,mae,0.2468026750927938
1,ETTh1,336,ipmutual_info,501,LSTM,mae,0.2467432965758222
1,ETTh1,336,prollcov,1001,GRU,mae,0.2467374564686504
1,ETTh1,192,pmutual_info,1501,GRU,mae,0.2467212848692324
1,ETTh1,192,ipmutual_info,1501,NHITS,mae,0.2466718947778641
1,ETTh1,336,pfarm,501,GRU,mae,0.2466433631963764
1,ETTh1,192,pmutual_info,751,GRU,mae,0.2465936891289269
1,ETTh1,192,ipentropy,1251,GRU,mae,0.2465887585812303
1,ETTh1,192,ipmutual_info,1501,GRU,mae,0.2465230052763822
1,ETTh1,192,prollcorr,1001,GRU,mae,0.2465084606900346
1,ETTh1,192,prollcov,1001,GRU,mae,0.2464817474738384
1,ETTh1,192,iprollcov,1501,GRU,mae,0.2464680699150677
1,ETTh1,192,prollcorr,501,GRU,mae,0.2464562227910734
1,ETTh1,336,pmutual_info,1001,GRU,mae,0.2464422038122607
1,ETTh1,192,iprollcov,1251,GRU,mae,0.2464325944373147
1,ETTh1,192,pentropy,501,GRU,mae,0.2463926325343669
1,ETTh1,192,pfarm,1251,GRU,mae,0.2463873640252814
1,ETTh1,192,ipmutual_info,1001,GRU,mae,0.2463836267290771
1,ETTh1,192,iprollcorr,1501,GRU,mae,0.2463461294489836
1,ETTh1,192,prollcov,501,GRU,mae,0.2463303293146178
1,ETTh1,192,ipmutual_info,501,GRU,mae,0.2463053189381528
1,ETTh1,192,pentropy,1001,GRU,mae,0.2463051785601599
1,ETTh1,192,ipentropy,501,LSTM,mae,0.2463031251440565
1,ETTh1,192,iprollcov,751,GRU,mae,0.246299441838586
1,ETTh1,192,ipmutual_info,751,GRU,mae,0.2462841209628428
1,ETTh1,192,prollcorr,1251,NBEATSx,mae,0.2462786494756116
1,ETTh1,192,pentropy,751,GRU,mae,0.2462725102326783
1,ETTh1,192,identity,N/A,GRU,mae,0.2462715077124938
1,ETTh1,192,iprollcorr,1251,GRU,mae,0.2462701658611569
1,ETTh1,192,prollcorr,751,NHITS,mae,0.2462572834277479
1,ETTh1,192,ipmutual_info,1251,GRU,mae,0.2462545619534138
1,ETTh1,192,pfarm,1001,GRU,mae,0.2462378046323782
1,ETTh1,192,prollcorr,1001,LSTM,mae,0.2461990611113312
1,ETTh1,192,iprollcorr,751,GRU,mae,0.2461328390530678
1,ETTh1,192,prollcorr,1251,GRU,mae,0.2461163982001778
1,ETTh1,192,prollcorr,1501,GRU,mae,0.2461156229185722
1,ETTh1,192,ipentropy,751,GRU,mae,0.2460898132873926
1,ETTh1,192,ipentropy,501,GRU,mae,0.2460674118506221
1,ETTh1,192,prollcov,1001,NHITS,mae,0.2460067008330532
1,ETTh1,192,ipentropy,1001,NHITS,mae,0.2460034033291182
1,ETTh1,192,ipentropy,751,NHITS,mae,0.2459980608032911
1,ETTh1,192,iprollcorr,501,GRU,mae,0.2459830547705062
1,ETTh1,192,prollcov,751,NHITS,mae,0.245955519782278
1,ETTh1,192,pentropy,1251,GRU,mae,0.2459075298056456
1,ETTh1,192,prollcorr,751,GRU,mae,0.24585060270284
1,ETTh1,192,prollcov,1251,NHITS,mae,0.245826241444265
1,ETTh1,192,iprollcov,1251,NHITS,mae,0.245825243491099
1,ETTh1,192,ipentropy,1001,GRU,mae,0.2457954486452148
1,ETTh1,192,pmutual_info,501,GRU,mae,0.2457894894936965
1,ETTh1,192,pfarm,1501,GRU,mae,0.2457786294471617
1,ETTh1,336,pentropy,501,GRU,mae,0.2457019070697232
0,ETTh1,720,prollcorr,1251,LSTM,mse,0.2456298195888704
1,ETTh1,192,pmutual_info,1501,LSTM,mae,0.2455797006141804
1,ETTh1,192,pmutual_info,1001,GRU,mae,0.2455372942763183
1,ETTh1,192,prollcov,1501,GRU,mae,0.2455132561871045
1,ETTh1,192,ipentropy,1501,GRU,mae,0.2454701678980542
1,ETTh1,192,prollcov,751,GRU,mae,0.2454644539169089
1,ETTh1,192,pmutual_info,1251,NHITS,mae,0.2454524578344403
1,ETTh1,192,ipmutual_info,1001,LSTM,mae,0.2453797719735143
1,ETTh1,192,iprollcorr,1501,NHITS,mae,0.2453592028657302
1,ETTh1,192,prollcov,1251,GRU,mae,0.2452842195074593
1,ETTh1,192,iprollcorr,1001,GRU,mae,0.2452572762893622
1,ETTh1,192,iprollcov,1001,GRU,mae,0.2452043942349348
1,ETTh1,192,iprollcov,1251,TFT,mae,0.245184427396809
1,ETTh1,192,pfarm,751,GRU,mae,0.2451722183983686
1,ETTh1,192,pmutual_info,1251,GRU,mae,0.2451574872778945
1,ETTh1,192,iprollcov,501,GRU,mae,0.2451074575310092
1,ETTh1,192,ipmutual_info,1001,NHITS,mae,0.2450384307429234
1,ETTh1,192,iprollcov,1501,NHITS,mae,0.2449368084065444
1,ETTh1,192,iprollcov,751,NHITS,mae,0.2447364638668592
1,ETTh1,192,iprollcov,1001,NHITS,mae,0.2445354029128309
1,ETTh1,192,pmutual_info,1501,NHITS,mae,0.2445279752869799
0,ETTh1,720,iprollcov,751,LSTM,mse,0.2445030629028566
1,ETTh1,192,pfarm,501,NHITS,mae,0.2444791258007406
0,ETTh1,720,pentropy,501,LSTM,mse,0.2442393516761462
1,ETTh1,192,iprollcorr,1251,LSTM,mae,0.2442170267935619
1,ETTh1,192,pmutual_info,1001,NHITS,mae,0.2441354076271949
1,ETTh1,192,ipmutual_info,751,LSTM,mae,0.2441153939762368
3,ETTh1,720,pmutual_info,501,LSTM,mape,0.2440823138089605
1,ETTh1,192,iprollcov,751,LSTM,mae,0.2439732819422047
1,ETTh1,192,prollcov,1251,LSTM,mae,0.2439423127479078
0,ETTh1,720,prollcorr,751,GRU,mse,0.2438444093201968
1,ETTh1,192,iprollcov,1501,LSTM,mae,0.243844279316903
1,ETTh1,192,prollcov,751,LSTM,mae,0.2435771996744532
1,ETTh1,192,pentropy,1251,NHITS,mae,0.2434362905195962
1,ETTh1,192,pfarm,1251,NHITS,mae,0.2434199418691716
1,ETTh1,192,iprollcov,501,LSTM,mae,0.2433563824245089
0,ETTh1,720,ipmutual_info,1251,GRU,mse,0.2433527198141296
0,ETTh1,720,ipentropy,751,GRU,mse,0.24330325760066
1,ETTh1,192,pmutual_info,751,LSTM,mae,0.2432427117253339
1,ETTh1,192,ipentropy,501,TFT,mae,0.2431657848011589
1,ETTh1,192,pfarm,751,TFT,mae,0.2428516025943358
0,ETTh1,720,ipmutual_info,1501,LSTM,mse,0.242846687752885
1,ETTh1,192,ipmutual_info,501,MLP,mae,0.2428210225266572
1,ETTh1,192,pmutual_info,501,TSMixerx,mae,0.2428015843910537
1,ETTh1,192,ipmutual_info,501,NBEATSx,mae,0.2427350619415171
1,ETTh1,192,pentropy,1001,NHITS,mae,0.2426660106150287
1,ETTh1,192,pmutual_info,1501,TFT,mae,0.2426607380683392
3,ETTh1,720,prollcov,501,LSTM,mape,0.2426132475758966
1,ETTh1,192,prollcov,1501,LSTM,mae,0.2425713028370506
1,ETTh1,192,iprollcorr,1501,NBEATSx,mae,0.2425595458773192
1,ETTh1,192,ipmutual_info,1501,NBEATSx,mae,0.2424948486178917
1,ETTh1,192,prollcorr,1001,NHITS,mae,0.2424333495926426
1,ETTh1,192,ipentropy,1251,NBEATSx,mae,0.2421542330250665
1,ETTh1,192,pfarm,1251,NBEATSx,mae,0.2419515313450378
1,ETTh1,192,prollcorr,1501,NBEATSx,mae,0.241876950816121
1,ETTh1,192,ipentropy,1501,NBEATSx,mae,0.2418511271520452
1,ETTh1,192,prollcorr,1251,LSTM,mae,0.2417733804798471
1,ETTh1,192,pfarm,1001,NBEATSx,mae,0.2417374587600204
1,ETTh1,192,identity,N/A,NBEATSx,mae,0.2417315833179188
0,ETTh1,720,pmutual_info,751,LSTM,mse,0.2417164598460467
0,ETTh1,720,pmutual_info,751,GRU,mse,0.2416784299695872
1,ETTh1,192,iprollcorr,1501,TFT,mae,0.2416638399229004
1,ETTh1,192,prollcorr,751,NBEATSx,mae,0.2416629325591942
1,ETTh1,192,iprollcorr,751,TFT,mae,0.2416514012769265
0,ETTh1,720,pmutual_info,1001,LSTM,mse,0.2416166414487708
1,ETTh1,192,prollcov,501,NHITS,mae,0.2415990532727516
1,ETTh1,192,iprollcorr,501,LSTM,mae,0.2415680701948175
1,ETTh1,192,ipmutual_info,1251,LSTM,mae,0.2415631452211293
0,ETTh1,720,ipmutual_info,1001,GRU,mse,0.2415607500360198
1,ETTh1,192,pfarm,1501,NBEATSx,mae,0.2415422121260245
1,ETTh1,192,pmutual_info,1001,TSMixerx,mae,0.241542204367828
1,ETTh1,192,iprollcorr,1001,NBEATSx,mae,0.2415259425667485
1,ETTh1,192,prollcorr,1501,TFT,mae,0.2415251357552056
1,ETTh1,192,pentropy,1501,NBEATSx,mae,0.2414449257562387
1,ETTh1,192,pfarm,1001,MLP,mae,0.2414415039935638
1,ETTh1,192,ipentropy,1501,LSTM,mae,0.2414153569791292
1,ETTh1,192,iprollcov,1001,NBEATSx,mae,0.2413353624857613
1,ETTh1,192,ipentropy,1001,LSTM,mae,0.2412200456078289
1,ETTh1,192,iprollcov,501,NBEATSx,mae,0.2411903146512997
1,ETTh1,192,prollcorr,1001,NBEATSx,mae,0.2411852803772384
1,ETTh1,192,prollcov,1001,NBEATSx,mae,0.2410792715243369
1,ETTh1,192,pfarm,501,NBEATSx,mae,0.2410769836602062
1,ETTh1,192,pmutual_info,751,TFT,mae,0.2410192959627638
1,ETTh1,192,ipmutual_info,751,NBEATSx,mae,0.241018980367931
1,ETTh1,192,pmutual_info,501,NBEATSx,mae,0.2408542707187291
1,ETTh1,192,ipentropy,751,NBEATSx,mae,0.2407861249204226
1,ETTh1,192,prollcorr,501,NBEATSx,mae,0.2407532080125845
1,ETTh1,192,iprollcov,751,NBEATSx,mae,0.2407123793186645
1,ETTh1,192,ipentropy,1001,MLP,mae,0.2406091859042801
1,ETTh1,192,ipentropy,1001,NBEATSx,mae,0.2405833085175073
1,ETTh1,192,ipmutual_info,1251,NBEATSx,mae,0.240577923925738
1,ETTh1,192,iprollcov,1251,NBEATSx,mae,0.2405300055405488
1,ETTh1,192,iprollcov,1001,TFT,mae,0.240523665693726
1,ETTh1,192,prollcorr,501,NHITS,mae,0.2405156003933376
1,ETTh1,192,pmutual_info,1501,MLP,mae,0.2404271051449001
1,ETTh1,192,ipmutual_info,501,LSTM,mae,0.240411940803917
1,ETTh1,192,prollcov,501,NBEATSx,mae,0.2404064683763837
1,ETTh1,192,pentropy,1251,NBEATSx,mae,0.2404044546147721
1,ETTh1,192,pentropy,501,MLP,mae,0.2403740426462254
1,ETTh1,192,iprollcov,1501,NBEATSx,mae,0.2403261452880282
3,ETTh1,720,pfarm,751,LSTM,mape,0.2401876952964452
1,ETTh1,192,prollcov,1251,NBEATSx,mae,0.2401873835273805
1,ETTh1,192,iprollcorr,1251,MLP,mae,0.2401678213662053
1,ETTh1,192,ipmutual_info,1251,MLP,mae,0.2401363216373617
1,ETTh1,192,ipentropy,1501,MLP,mae,0.240134530854948
1,ETTh1,192,ipentropy,1001,TFT,mae,0.2400531583618878
1,ETTh1,192,pentropy,1001,MLP,mae,0.2400430470808622
1,ETTh1,192,pfarm,751,LSTM,mae,0.2400254286191453
1,ETTh1,192,ipmutual_info,1001,NBEATSx,mae,0.2399875702453606
1,ETTh1,192,ipmutual_info,1251,TFT,mae,0.23997213835374
1,ETTh1,192,prollcov,1501,NBEATSx,mae,0.2399598719795236
1,ETTh1,192,pmutual_info,1001,LSTM,mae,0.2399464390983507
1,ETTh1,192,pentropy,751,NBEATSx,mae,0.2399408395341827
1,ETTh1,192,iprollcorr,501,TFT,mae,0.2397566470651945
1,ETTh1,192,ipentropy,501,NBEATSx,mae,0.2397272160174743
1,ETTh1,192,pmutual_info,1001,NBEATSx,mae,0.2397177856530838
1,ETTh1,192,iprollcorr,501,MLP,mae,0.2396906056114709
1,ETTh1,192,pfarm,1251,LSTM,mae,0.2396848490550052
1,ETTh1,192,pmutual_info,1501,NBEATSx,mae,0.2396332099093154
1,ETTh1,192,pentropy,1251,MLP,mae,0.2396194346502227
1,ETTh1,192,iprollcorr,751,LSTM,mae,0.2396135186848457
1,ETTh1,192,iprollcov,1501,MLP,mae,0.2396059968192266
1,ETTh1,192,pmutual_info,751,MLP,mae,0.2395091248009118
1,ETTh1,192,ipmutual_info,751,MLP,mae,0.2394933795640716
1,ETTh1,192,pfarm,501,MLP,mae,0.2392723519687853
1,ETTh1,192,prollcov,1251,TFT,mae,0.23926300870178
1,ETTh1,192,identity,N/A,MLP,mae,0.2392219264083798
1,ETTh1,192,iprollcov,1501,TFT,mae,0.2391849293305711
1,ETTh1,192,iprollcorr,1251,NBEATSx,mae,0.2391562432976053
1,ETTh1,192,pmutual_info,1251,MLP,mae,0.2391397383921051
1,ETTh1,192,pentropy,1001,LSTM,mae,0.2389016241386704
1,ETTh1,192,ipmutual_info,1501,TFT,mae,0.2388732624920586
1,ETTh1,192,prollcorr,501,TFT,mae,0.2387094982070499
0,ETTh1,720,ipentropy,501,GRU,mse,0.2386989179591546
1,ETTh1,192,ipentropy,751,MLP,mae,0.2386729826819556
1,ETTh1,192,pmutual_info,1001,TFT,mae,0.2386713429310885
1,ETTh1,192,prollcorr,1251,TFT,mae,0.2386680121376837
1,ETTh1,192,iprollcorr,751,NBEATSx,mae,0.2386391387561062
1,ETTh1,192,iprollcorr,1501,MLP,mae,0.2386217994531651
1,ETTh1,192,iprollcorr,501,NBEATSx,mae,0.2385656415431154
1,ETTh1,192,prollcov,751,NBEATSx,mae,0.2385517285579944
1,ETTh1,192,prollcov,1501,MLP,mae,0.2384895260702087
1,ETTh1,192,pentropy,501,NBEATSx,mae,0.2384164445011855
1,ETTh1,192,iprollcov,751,TFT,mae,0.2383963294721657
1,ETTh1,192,ipmutual_info,1501,MLP,mae,0.2383704994332216
1,ETTh1,192,iprollcorr,751,MLP,mae,0.2382974601666269
1,ETTh1,192,pfarm,751,NBEATSx,mae,0.2382779651889044
1,ETTh1,192,prollcov,751,MLP,mae,0.2382076571040335
1,ETTh1,192,iprollcov,501,TFT,mae,0.2381599590041042
1,ETTh1,192,pentropy,1001,NBEATSx,mae,0.23805739900505
1,ETTh1,192,ipmutual_info,1001,MLP,mae,0.2380423793615485
1,ETTh1,192,pmutual_info,751,NBEATSx,mae,0.2379935417707785
1,ETTh1,192,prollcorr,1251,MLP,mae,0.2379889970817017
1,ETTh1,192,pentropy,501,TFT,mae,0.2379126957874516
4,ETTh1,720,ipmutual_info,501,GRU,smape,0.2378564065363501
4,ETTh1,720,prollcov,1501,GRU,smape,0.2376915581899193
1,ETTh1,192,iprollcov,1251,MLP,mae,0.2376804577248863
1,ETTh1,192,pentropy,501,TSMixerx,mae,0.2374773055764916
0,ETTh1,720,prollcorr,501,LSTM,mse,0.2374262275082551
1,ETTh1,192,ipentropy,501,MLP,mae,0.2374052705560832
1,ETTh1,192,prollcorr,1501,MLP,mae,0.2373572247339048
1,ETTh1,192,pentropy,751,NHITS,mae,0.2373216511786942
1,ETTh1,192,prollcorr,751,MLP,mae,0.2373065618713623
1,ETTh1,192,pfarm,1251,MLP,mae,0.2371718557666395
1,ETTh1,192,prollcov,1251,TSMixerx,mae,0.2370990304532804
1,ETTh1,192,pentropy,501,NHITS,mae,0.2370726566763288
1,ETTh1,192,prollcorr,1251,TSMixerx,mae,0.2370563203084374
1,ETTh1,192,prollcorr,751,TFT,mae,0.2370420723557165
1,ETTh1,192,identity,N/A,TFT,mae,0.2369562961805101
1,ETTh1,192,prollcov,1001,MLP,mae,0.2368062634655655
1,ETTh1,192,ipmutual_info,501,TFT,mae,0.2367956930906796
1,ETTh1,192,pentropy,751,MLP,mae,0.2367776739153851
1,ETTh1,192,pfarm,1501,MLP,mae,0.2367646866933465
1,ETTh1,192,prollcov,501,MLP,mae,0.2367079495262364
1,ETTh1,192,prollcorr,751,TSMixerx,mae,0.2366801078305211
1,ETTh1,192,iprollcov,501,MLP,mae,0.2366757471529534
1,ETTh1,192,ipentropy,751,TFT,mae,0.2366734510708535
1,ETTh1,192,prollcov,501,TFT,mae,0.2366353422641334
1,ETTh1,96,pfarm,1501,NBEATSx,mae,0.236618354468608
1,ETTh1,192,pmutual_info,501,MLP,mae,0.2365874360951396
1,ETTh1,192,pfarm,1251,TFT,mae,0.2365704655799606
1,ETTh1,192,prollcorr,501,MLP,mae,0.2365548417531489
1,ETTh1,192,pmutual_info,1251,NBEATSx,mae,0.2364936259962887
1,ETTh1,192,ipentropy,1251,TFT,mae,0.2364339207427656
1,ETTh1,192,iprollcov,1001,MLP,mae,0.236387196145316
1,ETTh1,192,ipentropy,1251,MLP,mae,0.2363500262100061
1,ETTh1,192,prollcov,1001,LSTM,mae,0.2363187584805222
1,ETTh1,192,iprollcorr,1251,TFT,mae,0.2363010181482274
1,ETTh1,192,ipmutual_info,751,TFT,mae,0.2361244253553737
1,ETTh1,192,prollcov,1251,MLP,mae,0.2360238654810284
1,ETTh1,192,iprollcorr,501,TSMixerx,mae,0.2359631909108943
1,ETTh1,192,pentropy,1501,TFT,mae,0.2359528802878094
4,ETTh1,720,prollcov,1251,GRU,smape,0.2359362286252909
1,ETTh1,192,pmutual_info,501,TFT,mae,0.2359324770742234
1,ETTh1,192,iprollcov,751,MLP,mae,0.2358920408905636
1,ETTh1,192,iprollcov,1501,DeepNPTS,mae,0.2358808332298925
1,ETTh1,192,iprollcorr,1001,MLP,mae,0.2358160613837614
1,ETTh1,192,iprollcov,501,TSMixerx,mae,0.2357876803424424
1,ETTh1,192,prollcov,751,TSMixerx,mae,0.2357663241548991
1,ETTh1,192,pmutual_info,1251,TFT,mae,0.2357638143252463
1,ETTh1,192,pentropy,1501,LSTM,mae,0.2357372153206206
1,ETTh1,192,pmutual_info,501,NHITS,mae,0.2355017815666893
1,ETTh1,192,ipmutual_info,501,TSMixerx,mae,0.2354421582778551
1,ETTh1,192,pentropy,1501,MLP,mae,0.2354145409049731
1,ETTh1,192,pentropy,751,TSMixerx,mae,0.2349951880000192
1,ETTh1,192,prollcorr,501,TSMixerx,mae,0.2349688666392771
1,ETTh1,192,prollcov,1501,TFT,mae,0.2349163483890486
1,ETTh1,192,iprollcov,1001,TSMixerx,mae,0.2347893898635283
3,ETTh1,720,iprollcorr,1001,BiTCN,mape,0.2346979853740813
1,ETTh1,192,prollcorr,1001,MLP,mae,0.2346749751216101
1,ETTh1,192,iprollcorr,1001,TSMixerx,mae,0.2346715399537095
1,ETTh1,192,pentropy,1251,TSMixerx,mae,0.2346657393008551
1,ETTh1,192,iprollcorr,1501,TSMixerx,mae,0.2345904169496676
1,ETTh1,192,pmutual_info,1001,MLP,mae,0.2345826125900897
1,ETTh1,192,pfarm,1501,DeepNPTS,mae,0.2345567299606706
1,ETTh1,192,pfarm,751,MLP,mae,0.2345090770718557
1,ETTh1,192,iprollcov,1501,TSMixerx,mae,0.2344950996255376
1,ETTh1,192,ipmutual_info,1501,TSMixerx,mae,0.2344937175979885
1,ETTh1,192,pmutual_info,751,NHITS,mae,0.2344648050189092
1,ETTh1,192,pentropy,751,BiTCN,mae,0.2344444577443873
1,ETTh1,192,prollcorr,1001,TSMixerx,mae,0.2344253315565438
1,ETTh1,192,pmutual_info,501,DeepNPTS,mae,0.2343504286225436
1,ETTh1,192,pfarm,1001,DeepNPTS,mae,0.2342909464289112
1,ETTh1,192,pfarm,501,TSMixerx,mae,0.2342815739072408
1,ETTh1,192,iprollcorr,1501,BiTCN,mae,0.2342697870331484
1,ETTh1,192,prollcov,1001,TSMixerx,mae,0.2342402683330413
1,ETTh1,192,ipmutual_info,751,TSMixerx,mae,0.2341901434053854
0,ETTh1,720,pfarm,1001,LSTM,mse,0.2341619784294194
1,ETTh1,192,prollcorr,1001,DeepNPTS,mae,0.2341554642267012
1,ETTh1,192,prollcov,1501,TSMixerx,mae,0.2341542692398044
1,ETTh1,192,pentropy,501,BiTCN,mae,0.2341287658584241
1,ETTh1,192,ipentropy,501,TSMixerx,mae,0.2341131319578365
1,ETTh1,192,iprollcov,751,TSMixerx,mae,0.2340102016460664
1,ETTh1,192,ipentropy,1251,TSMixerx,mae,0.2339909703561778
1,ETTh1,192,iprollcov,1251,TSMixerx,mae,0.2339598527420163
1,ETTh1,192,ipmutual_info,1001,TSMixerx,mae,0.23394414074999
1,ETTh1,192,pentropy,1001,BiTCN,mae,0.2339435667612202
1,ETTh1,192,pmutual_info,501,BiTCN,mae,0.2339085593568682
1,ETTh1,192,ipmutual_info,1501,BiTCN,mae,0.2338594125692598
1,ETTh1,192,ipmutual_info,501,BiTCN,mae,0.2338387584193094
1,ETTh1,192,iprollcorr,1251,BiTCN,mae,0.2338357613491049
1,ETTh1,192,pfarm,1501,TSMixerx,mae,0.2338275358324667
1,ETTh1,192,iprollcov,1001,BiTCN,mae,0.2338085637081372
1,ETTh1,192,ipentropy,1001,TSMixerx,mae,0.233803722849367
1,ETTh1,192,iprollcov,1501,BiTCN,mae,0.233802519235942
1,ETTh1,192,pentropy,1001,TSMixerx,mae,0.2337740285611191
1,ETTh1,192,iprollcov,1251,BiTCN,mae,0.23375672446845
1,ETTh1,192,ipmutual_info,1251,BiTCN,mae,0.2337564550292642
1,ETTh1,192,iprollcorr,501,BiTCN,mae,0.2337508375963898
1,ETTh1,192,pentropy,1501,BiTCN,mae,0.2337418106463443
1,ETTh1,192,ipmutual_info,1001,BiTCN,mae,0.2337398289130336
1,ETTh1,192,iprollcorr,751,BiTCN,mae,0.2337160007855318
1,ETTh1,192,pfarm,1251,TSMixerx,mae,0.2337144764325443
1,ETTh1,192,prollcorr,1501,BiTCN,mae,0.2336765953379193
1,ETTh1,192,ipentropy,1251,BiTCN,mae,0.2336750157840314
1,ETTh1,192,prollcorr,1251,BiTCN,mae,0.2336748725212844
1,ETTh1,192,pentropy,1251,BiTCN,mae,0.233674000191335
1,ETTh1,192,prollcov,1501,BiTCN,mae,0.233667340050253
1,ETTh1,192,pfarm,751,TSMixerx,mae,0.2336529793779552
1,ETTh1,192,iprollcov,501,BiTCN,mae,0.2336521684449478
1,ETTh1,192,ipmutual_info,751,BiTCN,mae,0.2336503421227745
1,ETTh1,192,pfarm,751,BiTCN,mae,0.2336470430335731
1,ETTh1,192,prollcorr,1501,TSMixerx,mae,0.2336424978672233
1,ETTh1,192,iprollcorr,751,TSMixerx,mae,0.2336387781573406
1,ETTh1,192,iprollcorr,1001,BiTCN,mae,0.2335979830749382
1,ETTh1,192,iprollcov,751,BiTCN,mae,0.2335978084924901
1,ETTh1,192,identity,N/A,TSMixerx,mae,0.2335706873756593
1,ETTh1,192,iprollcorr,1251,DeepNPTS,mae,0.2335661149784278
1,ETTh1,192,ipentropy,1501,BiTCN,mae,0.2335656123811496
1,ETTh1,192,pfarm,1251,BiTCN,mae,0.2335461975674269
0,ETTh1,720,pmutual_info,1251,GRU,mse,0.2335276729217689
1,ETTh1,192,ipentropy,1001,BiTCN,mae,0.2335271863700693
1,ETTh1,192,ipentropy,751,BiTCN,mae,0.2335218241396627
1,ETTh1,192,pfarm,1001,BiTCN,mae,0.2335020777204255
1,ETTh1,192,ipentropy,1501,TSMixerx,mae,0.2334340758686665
1,ETTh1,192,identity,N/A,BiTCN,mae,0.2334286924052651
1,ETTh1,192,ipmutual_info,1251,TSMixerx,mae,0.2334282244305966
1,ETTh1,192,ipentropy,751,TSMixerx,mae,0.2334269522810339
1,ETTh1,192,pmutual_info,1001,DeepNPTS,mae,0.233411470612336
1,ETTh1,192,prollcov,1251,BiTCN,mae,0.2334075231718631
1,ETTh1,192,pfarm,1501,BiTCN,mae,0.2333945546917345
1,ETTh1,192,prollcov,501,BiTCN,mae,0.2333853894629909
1,ETTh1,192,pfarm,501,BiTCN,mae,0.2333543099192363
1,ETTh1,192,prollcov,1001,BiTCN,mae,0.2333535799553268
1,ETTh1,192,pentropy,1251,DeepNPTS,mae,0.2333409277990787
1,ETTh1,192,prollcorr,1001,BiTCN,mae,0.2333173227746116
1,ETTh1,192,iprollcorr,1251,TSMixerx,mae,0.2333118435044363
1,ETTh1,192,ipentropy,501,BiTCN,mae,0.2333059905086758
1,ETTh1,192,prollcorr,501,DeepNPTS,mae,0.2332232747835448
1,ETTh1,192,pfarm,1001,TSMixerx,mae,0.2332003844077258
1,ETTh1,192,prollcov,751,BiTCN,mae,0.2331743154062539
1,ETTh1,192,iprollcorr,501,DeepNPTS,mae,0.2331738634290103
1,ETTh1,192,prollcorr,751,BiTCN,mae,0.2331164999152055
1,ETTh1,192,iprollcorr,1501,DeepNPTS,mae,0.233085272158955
1,ETTh1,192,prollcorr,501,BiTCN,mae,0.2330414167003147
1,ETTh1,192,pmutual_info,1501,BiTCN,mae,0.2330178225051809
1,ETTh1,192,prollcov,751,DeepNPTS,mae,0.2329589396034019
1,ETTh1,192,ipmutual_info,1001,DeepNPTS,mae,0.2329370723473465
1,ETTh1,192,pentropy,1501,TSMixerx,mae,0.2329246181950198
1,ETTh1,192,pmutual_info,751,BiTCN,mae,0.2329163082193508
1,ETTh1,192,pmutual_info,1251,BiTCN,mae,0.2328471559137772
1,ETTh1,96,pentropy,501,NBEATSx,mae,0.2327768342642166
1,ETTh1,192,ipmutual_info,1251,DeepNPTS,mae,0.2327489730835459
1,ETTh1,192,pmutual_info,1001,BiTCN,mae,0.2327480045282703
1,ETTh1,192,ipentropy,1251,DeepNPTS,mae,0.2326836690640741
1,ETTh1,192,pentropy,501,DeepNPTS,mae,0.2326051093301744
0,ETTh1,720,pentropy,1501,LSTM,mse,0.2322120203888648
0,ETTh1,720,pentropy,751,GRU,mse,0.2321559912187559
1,ETTh1,192,prollcov,1251,DeepNPTS,mae,0.2318904752951638
1,ETTh1,192,iprollcorr,751,TiDE,mae,0.2317145285384259
1,ETTh1,192,prollcov,1251,TiDE,mae,0.2317145285384259
1,ETTh1,192,ipmutual_info,1001,TiDE,mae,0.2317145285384259
1,ETTh1,192,ipentropy,501,TiDE,mae,0.2317145285384259
1,ETTh1,192,iprollcorr,1001,TiDE,mae,0.2317145285384259
1,ETTh1,192,iprollcorr,1251,TiDE,mae,0.2317145285384259
1,ETTh1,192,pfarm,1001,TiDE,mae,0.2317145285384259
1,ETTh1,192,pfarm,501,TiDE,mae,0.2317145285384259
1,ETTh1,192,prollcov,751,TiDE,mae,0.2317145285384259
1,ETTh1,192,ipmutual_info,501,TiDE,mae,0.2317145285384259
1,ETTh1,192,ipentropy,1001,TiDE,mae,0.2317145285384259
1,ETTh1,192,pentropy,1001,TiDE,mae,0.2317145285384259
1,ETTh1,192,pmutual_info,751,TiDE,mae,0.2317145285384259
1,ETTh1,192,pmutual_info,1251,TiDE,mae,0.2317145285384259
1,ETTh1,192,ipentropy,1251,TiDE,mae,0.2317145285384259
1,ETTh1,192,ipmutual_info,751,TiDE,mae,0.2317145285384259
1,ETTh1,192,prollcov,501,TiDE,mae,0.2317145285384259
1,ETTh1,192,prollcov,1001,TiDE,mae,0.2317145285384259
1,ETTh1,192,pfarm,751,TiDE,mae,0.2317145285384259
1,ETTh1,192,ipmutual_info,1501,TiDE,mae,0.2317145285384259
1,ETTh1,192,pentropy,501,TiDE,mae,0.2317145285384259
1,ETTh1,192,iprollcov,1251,TiDE,mae,0.2317145285384259
1,ETTh1,192,prollcorr,1001,TiDE,mae,0.2317145285384259
1,ETTh1,192,pentropy,751,TiDE,mae,0.2317145285384259
1,ETTh1,192,ipmutual_info,1251,TiDE,mae,0.2317145285384259
1,ETTh1,192,pentropy,1251,TiDE,mae,0.2317145285384259
1,ETTh1,192,ipentropy,751,TiDE,mae,0.2317145285384259
1,ETTh1,192,iprollcorr,1501,TiDE,mae,0.2317145285384259
1,ETTh1,192,iprollcov,1001,TiDE,mae,0.2317145285384259
1,ETTh1,192,prollcov,1501,TiDE,mae,0.2317145285384259
1,ETTh1,192,iprollcov,1501,TiDE,mae,0.2317145285384259
1,ETTh1,192,ipentropy,1501,TiDE,mae,0.2317145285384259
1,ETTh1,192,pmutual_info,1501,TiDE,mae,0.2317145285384259
1,ETTh1,192,pentropy,1501,TiDE,mae,0.2317145285384259
1,ETTh1,192,pmutual_info,501,TiDE,mae,0.2317145285384259
1,ETTh1,192,iprollcov,501,TiDE,mae,0.2317145285384259
1,ETTh1,192,iprollcov,751,TiDE,mae,0.2317145285384259
1,ETTh1,192,iprollcorr,501,TiDE,mae,0.2317145285384259
1,ETTh1,192,pmutual_info,1001,TiDE,mae,0.2317145285384259
1,ETTh1,192,identity,N/A,TiDE,mae,0.2317145285384259
1,ETTh1,192,prollcorr,501,TiDE,mae,0.2317145285384259
1,ETTh1,192,pfarm,1251,TiDE,mae,0.2317145285384259
1,ETTh1,192,prollcorr,1251,TiDE,mae,0.2317145285384259
1,ETTh1,192,prollcorr,1501,TiDE,mae,0.2317145285384259
1,ETTh1,192,prollcorr,751,TiDE,mae,0.2317145285384259
1,ETTh1,192,pfarm,1501,TiDE,mae,0.2317145285384259
1,ETTh1,192,prollcorr,751,DeepNPTS,mae,0.2314111925915514
1,ETTh1,192,pentropy,1001,DeepNPTS,mae,0.2311757997784047
1,ETTh1,192,iprollcorr,751,DeepNPTS,mae,0.2310567133852821
1,ETTh1,192,identity,N/A,DeepNPTS,mae,0.2310391745746961
1,ETTh1,96,ipmutual_info,501,NHITS,mae,0.2309122600228053
1,ETTh1,192,prollcov,1501,DeepNPTS,mae,0.2308277778636494
1,ETTh1,192,ipentropy,1501,DeepNPTS,mae,0.2307462686008775
0,ETTh1,720,ipmutual_info,1251,LSTM,mse,0.2305723536631687
1,ETTh1,192,prollcorr,1501,DeepNPTS,mae,0.2305709745210637
1,ETTh1,192,ipentropy,1001,DeepNPTS,mae,0.2305072821629475
1,ETTh1,192,pfarm,751,DeepNPTS,mae,0.2304500009685237
1,ETTh1,192,ipmutual_info,751,DeepNPTS,mae,0.2304428169678097
1,ETTh1,192,pfarm,1251,DeepNPTS,mae,0.2304193673015361
1,ETTh1,192,iprollcov,751,DeepNPTS,mae,0.2302952493880564
1,ETTh1,192,pmutual_info,751,DeepNPTS,mae,0.230240817325649
0,ETTh1,720,ipmutual_info,751,LSTM,mse,0.2302191871907425
1,ETTh1,192,iprollcorr,1001,DeepNPTS,mae,0.230212468708507
1,ETTh1,192,pmutual_info,1251,DeepNPTS,mae,0.2300779457574687
1,ETTh1,192,prollcov,1001,DeepNPTS,mae,0.2300682260135657
1,ETTh1,192,pentropy,1501,DeepNPTS,mae,0.2299822438814203
1,ETTh1,192,prollcov,501,DeepNPTS,mae,0.2299588088422504
1,ETTh1,192,iprollcov,1251,DeepNPTS,mae,0.2299398976935058
0,ETTh1,720,pentropy,1001,GRU,mse,0.2299024352860185
1,ETTh1,192,iprollcov,1001,DeepNPTS,mae,0.2297394374782543
1,ETTh1,192,pentropy,751,DeepNPTS,mae,0.2292065903712284
1,ETTh1,192,prollcorr,1251,DeepNPTS,mae,0.2292062612594454
1,ETTh1,192,ipentropy,501,DeepNPTS,mae,0.2292047968416751
1,ETTh1,96,pentropy,1501,NBEATSx,mae,0.2291908306146409
3,ETTh1,720,ipentropy,1501,NBEATSx,mape,0.229154826840451
3,ETTh1,720,pfarm,1001,BiTCN,mape,0.2291474240635573
1,ETTh1,192,ipmutual_info,501,DeepNPTS,mae,0.2290621073542316
1,ETTh1,192,pmutual_info,1501,DeepNPTS,mae,0.2290586573396965
1,ETTh1,96,pfarm,751,LSTM,mae,0.2286732846423981
1,ETTh1,192,pfarm,501,DeepNPTS,mae,0.2284178599963084
1,ETTh1,192,ipmutual_info,1501,DeepNPTS,mae,0.2283007650280012
0,ETTh1,720,ipmutual_info,1001,LSTM,mse,0.22827572994317
1,ETTh1,96,prollcorr,1251,NBEATSx,mae,0.2281865872301162
1,ETTh1,192,ipentropy,751,DeepNPTS,mae,0.2281272066516502
1,ETTh1,96,pentropy,751,NHITS,mae,0.2280116983107323
1,ETTh1,192,iprollcov,501,DeepNPTS,mae,0.2279557195697551
1,ETTh1,96,iprollcov,501,NBEATSx,mae,0.2275208332684662
3,ETTh1,720,ipmutual_info,1501,BiTCN,mape,0.2269000676275338
1,ETTh1,96,prollcov,1501,NBEATSx,mae,0.2267857198644614
1,ETTh1,96,prollcov,751,NBEATSx,mae,0.2267176800069406
1,ETTh1,96,pfarm,501,NBEATSx,mae,0.2263717374486785
3,ETTh1,720,pentropy,1501,BiTCN,mape,0.2262816846098614
1,ETTh1,96,prollcov,1501,NHITS,mae,0.2247636701786939
1,ETTh1,96,pmutual_info,1001,NBEATSx,mae,0.2246485146254128
1,ETTh1,96,pentropy,751,NBEATSx,mae,0.2241810388801357
1,ETTh1,96,pfarm,751,NBEATSx,mae,0.2239702583617628
1,ETTh1,96,prollcorr,501,NBEATSx,mae,0.2239306313032557
3,ETTh1,720,pmutual_info,501,BiTCN,mape,0.2236062360152029
1,ETTh1,96,ipmutual_info,751,LSTM,mae,0.2232102149952352
3,ETTh1,720,pfarm,501,BiTCN,mape,0.2230115603610284
1,ETTh1,96,iprollcorr,1501,LSTM,mae,0.2229151042011482
1,ETTh1,96,ipmutual_info,1501,NBEATSx,mae,0.2224861755659873
1,ETTh1,96,prollcorr,1501,NHITS,mae,0.2222833187814936
1,ETTh1,96,ipentropy,1001,LSTM,mae,0.2221543883638157
3,ETTh1,720,prollcov,1501,BiTCN,mape,0.2221363827116923
1,ETTh1,96,pentropy,1501,LSTM,mae,0.2218292527953026
1,ETTh1,96,iprollcorr,501,NBEATSx,mae,0.2218117241407756
1,ETTh1,96,prollcorr,1501,LSTM,mae,0.2217384291086457
1,ETTh1,96,pfarm,501,NHITS,mae,0.2216209622515877
1,ETTh1,96,prollcorr,751,NBEATSx,mae,0.2213590724375282
1,ETTh1,96,iprollcov,751,LSTM,mae,0.2212282426918162
1,ETTh1,96,prollcorr,501,LSTM,mae,0.2211032551146488
1,ETTh1,96,ipmutual_info,1251,NBEATSx,mae,0.2205979261455686
1,ETTh1,96,iprollcorr,751,LSTM,mae,0.2205773859792944
1,ETTh1,96,iprollcov,1001,LSTM,mae,0.220542293127649
1,ETTh1,96,prollcorr,1251,LSTM,mae,0.2203326190639694
1,ETTh1,96,ipentropy,1501,LSTM,mae,0.2202471579511754
1,ETTh1,96,iprollcorr,501,LSTM,mae,0.2201280268064437
1,ETTh1,96,prollcov,1001,NHITS,mae,0.2199723982539747
1,ETTh1,96,pentropy,501,LSTM,mae,0.2199077189138307
1,ETTh1,96,ipmutual_info,751,NHITS,mae,0.219807594742494
1,ETTh1,96,pfarm,1501,NHITS,mae,0.2197940989031654
1,ETTh1,96,ipentropy,751,LSTM,mae,0.2196686591829173
1,ETTh1,96,ipmutual_info,751,NBEATSx,mae,0.2196362542266974
1,ETTh1,96,ipmutual_info,1251,LSTM,mae,0.2191854344383978
3,ETTh1,720,iprollcorr,1501,NBEATSx,mape,0.2191437845475735
1,ETTh1,96,ipmutual_info,1501,LSTM,mae,0.2190429356471124
1,ETTh1,96,prollcov,1251,NBEATSx,mae,0.2190169986402252
1,ETTh1,96,prollcov,1001,LSTM,mae,0.2189784193763005
1,ETTh1,96,pentropy,1501,NHITS,mae,0.2189660238371647
1,ETTh1,96,pentropy,1251,NBEATSx,mae,0.2189618574312339
1,ETTh1,96,prollcorr,1001,LSTM,mae,0.2189361652334429
1,ETTh1,96,iprollcov,501,NHITS,mae,0.2188787038292887
1,ETTh1,96,prollcov,501,LSTM,mae,0.218809101591599
1,ETTh1,96,pmutual_info,501,LSTM,mae,0.2187817047044774
1,ETTh1,96,ipmutual_info,1001,NBEATSx,mae,0.2186028976362197
1,ETTh1,96,iprollcorr,1251,NHITS,mae,0.2185996450560524
1,ETTh1,96,pentropy,501,GRU,mae,0.21834271520836
1,ETTh1,96,prollcov,1251,NHITS,mae,0.2183416850693209
1,ETTh1,96,iprollcorr,501,NHITS,mae,0.2183014164272641
1,ETTh1,96,prollcov,1001,NBEATSx,mae,0.2182545455472195
1,ETTh1,96,prollcorr,501,GRU,mae,0.2182527262194049
1,ETTh1,96,pfarm,501,LSTM,mae,0.2182293360606831
1,ETTh1,96,pmutual_info,1001,GRU,mae,0.2181875885418515
3,ETTh1,720,iprollcov,1001,BiTCN,mape,0.2180625074080472
1,ETTh1,96,prollcorr,1501,GRU,mae,0.2179600631962965
1,ETTh1,96,ipmutual_info,1501,GRU,mae,0.2179462731576182
1,ETTh1,96,pmutual_info,501,GRU,mae,0.2179385297985591
1,ETTh1,96,pentropy,1501,GRU,mae,0.2178908716404178
1,ETTh1,96,ipmutual_info,501,TCN,mae,0.2178583143136386
1,ETTh1,96,pentropy,1001,TCN,mae,0.2178577327348709
1,ETTh1,96,iprollcov,1251,TCN,mae,0.2178558966663051
1,ETTh1,96,ipmutual_info,751,TCN,mae,0.2178554440468182
1,ETTh1,96,iprollcorr,1001,TCN,mae,0.2178548767383239
1,ETTh1,96,pfarm,1251,TCN,mae,0.217854710748769
1,ETTh1,96,pentropy,1501,TCN,mae,0.21785467983039
1,ETTh1,96,pfarm,501,TCN,mae,0.2178543429401359
1,ETTh1,96,iprollcorr,1251,TCN,mae,0.2178542353757672
1,ETTh1,96,iprollcorr,501,TCN,mae,0.2178538052324459
1,ETTh1,96,iprollcov,1501,TCN,mae,0.2178534661839018
1,ETTh1,96,iprollcov,1001,TCN,mae,0.2178531242105311
1,ETTh1,96,iprollcorr,1501,TCN,mae,0.2178525359042899
1,ETTh1,96,iprollcov,501,TCN,mae,0.21785195481486
1,ETTh1,96,ipentropy,1001,TCN,mae,0.2178519207508552
1,ETTh1,96,pfarm,751,TCN,mae,0.2178495613207382
1,ETTh1,96,pmutual_info,1501,TCN,mae,0.2178487672417946
1,ETTh1,96,iprollcorr,751,TCN,mae,0.21784875352287
1,ETTh1,96,prollcorr,501,TCN,mae,0.217848598099893
1,ETTh1,96,pmutual_info,1001,TCN,mae,0.2178481558388152
1,ETTh1,96,iprollcov,751,TCN,mae,0.2178480287499725
1,ETTh1,96,pfarm,1501,TCN,mae,0.2178475418014897
1,ETTh1,96,prollcov,1001,TCN,mae,0.2178455338232125
1,ETTh1,96,prollcorr,1001,TCN,mae,0.2178430671586109
1,ETTh1,96,pentropy,1251,TCN,mae,0.2178420650736987
1,ETTh1,96,ipmutual_info,1001,TCN,mae,0.2178397015402555
1,ETTh1,96,prollcov,501,TCN,mae,0.2178362870037037
1,ETTh1,96,pmutual_info,751,NBEATSx,mae,0.2178326892423086
1,ETTh1,96,ipmutual_info,1251,GRU,mae,0.2178167910232116
1,ETTh1,96,prollcov,1501,LSTM,mae,0.217800615894696
1,ETTh1,96,iprollcov,1001,GRU,mae,0.2177527411955991
1,ETTh1,96,prollcov,1501,GRU,mae,0.2177508426337493
3,ETTh1,720,pentropy,501,NHITS,mape,0.2177412462111217
1,ETTh1,96,iprollcov,501,GRU,mae,0.2177326575913941
1,ETTh1,96,prollcov,1251,GRU,mae,0.2176961642615595
1,ETTh1,96,ipentropy,1501,NBEATSx,mae,0.2176949791810571
1,ETTh1,96,ipentropy,751,GRU,mae,0.217690318021111
1,ETTh1,96,iprollcorr,1251,GRU,mae,0.2176437024155214
1,ETTh1,96,iprollcov,1251,GRU,mae,0.2176255161659921
1,ETTh1,96,iprollcorr,751,GRU,mae,0.2175983907854739
1,ETTh1,96,pentropy,1001,GRU,mae,0.217586098679675
1,ETTh1,96,pmutual_info,1001,LSTM,mae,0.2175773887163437
1,ETTh1,96,ipmutual_info,1001,GRU,mae,0.2175629641622221
1,ETTh1,96,ipentropy,1251,GRU,mae,0.2175579498235658
1,ETTh1,96,iprollcorr,1001,GRU,mae,0.2175471854161332
1,ETTh1,96,iprollcov,751,GRU,mae,0.2175345090645684
1,ETTh1,96,prollcorr,751,GRU,mae,0.2175317267903164
1,ETTh1,96,ipentropy,501,GRU,mae,0.217527582042877
1,ETTh1,96,ipentropy,1501,GRU,mae,0.2175111347704684
1,ETTh1,96,ipmutual_info,501,GRU,mae,0.2175108630411129
1,ETTh1,96,prollcorr,1001,GRU,mae,0.2174791397503439
1,ETTh1,96,identity,N/A,GRU,mae,0.2174788919229726
1,ETTh1,96,prollcorr,1251,GRU,mae,0.2174713845336648
1,ETTh1,96,iprollcorr,501,GRU,mae,0.2174711788712404
1,ETTh1,96,pfarm,1251,LSTM,mae,0.2174427538802814
1,ETTh1,96,prollcov,1001,GRU,mae,0.217441287156545
1,ETTh1,96,pentropy,1251,GRU,mae,0.2174263374552891
1,ETTh1,96,iprollcov,501,LSTM,mae,0.217398363599127
1,ETTh1,96,ipentropy,501,LSTM,mae,0.2173894969749203
1,ETTh1,96,ipmutual_info,1001,LSTM,mae,0.2173679801250601
1,ETTh1,96,iprollcorr,1501,GRU,mae,0.2173417178944749
1,ETTh1,96,pfarm,751,GRU,mae,0.2173411194221475
1,ETTh1,96,ipentropy,1251,LSTM,mae,0.2173378629316012
1,ETTh1,96,pfarm,1501,GRU,mae,0.217335994945646
1,ETTh1,96,pfarm,1001,GRU,mae,0.217311487514228
1,ETTh1,96,pfarm,1251,GRU,mae,0.2172840705327594
1,ETTh1,96,ipmutual_info,751,GRU,mae,0.217245388611345
1,ETTh1,96,ipentropy,1001,GRU,mae,0.2172227407327029
1,ETTh1,96,pfarm,1001,LSTM,mae,0.2171950865055842
1,ETTh1,96,pentropy,751,GRU,mae,0.2171736322884299
1,ETTh1,96,pmutual_info,1251,GRU,mae,0.2171639865170024
1,ETTh1,96,prollcov,501,GRU,mae,0.2170601237290462
1,ETTh1,96,pfarm,501,GRU,mae,0.2170502142162585
3,ETTh1,720,pfarm,1251,BiTCN,mape,0.21689923082489
1,ETTh1,96,pmutual_info,1501,LSTM,mae,0.2168866876595394
1,ETTh1,96,iprollcorr,1501,NBEATSx,mae,0.2168031054090201
1,ETTh1,96,ipentropy,501,NBEATSx,mae,0.2167112156584841
1,ETTh1,96,pmutual_info,1501,GRU,mae,0.2166698405166722
1,ETTh1,96,pentropy,1001,LSTM,mae,0.2166322951238197
1,ETTh1,96,iprollcorr,1001,LSTM,mae,0.2165404159033832
3,ETTh1,720,iprollcov,1501,NBEATSx,mape,0.216340352644231
1,ETTh1,96,pfarm,1501,LSTM,mae,0.2162385429518232
1,ETTh1,96,prollcov,751,NHITS,mae,0.2160623661312022
1,ETTh1,96,prollcorr,751,LSTM,mae,0.2159368271923842
1,ETTh1,96,pentropy,1251,LSTM,mae,0.2158619912511429
1,ETTh1,96,iprollcov,1251,LSTM,mae,0.2158389456373311
1,ETTh1,96,prollcov,1251,LSTM,mae,0.2157982968415286
1,ETTh1,96,iprollcorr,1251,LSTM,mae,0.2157785831499417
1,ETTh1,96,pentropy,751,LSTM,mae,0.2157544863624609
1,ETTh1,96,identity,N/A,LSTM,mae,0.2157070654540392
1,ETTh1,96,prollcorr,1251,TCN,mae,0.2156633032353476
1,ETTh1,96,pmutual_info,751,GRU,mae,0.2156503529287711
1,ETTh1,96,prollcov,751,GRU,mae,0.2156451699946091
1,ETTh1,96,iprollcov,1501,GRU,mae,0.215644065008683
1,ETTh1,96,prollcov,751,LSTM,mae,0.2156106485038059
1,ETTh1,96,pentropy,1001,NHITS,mae,0.2154700172146498
1,ETTh1,96,pentropy,1001,NBEATSx,mae,0.2154095989213517
1,ETTh1,96,pmutual_info,751,LSTM,mae,0.2153220389517909
3,ETTh1,720,prollcov,751,BiTCN,mape,0.2151910626873917
3,ETTh1,720,prollcorr,501,NHITS,mape,0.2151356880133402
1,ETTh1,96,prollcorr,1501,NBEATSx,mae,0.215133713421437
1,ETTh1,96,ipentropy,751,NBEATSx,mae,0.2151255140579382
1,ETTh1,96,iprollcorr,751,NBEATSx,mae,0.2150017626466517
3,ETTh1,720,pentropy,751,NHITS,mape,0.2149957648337547
1,ETTh1,96,pfarm,1251,NBEATSx,mae,0.2149568352704418
1,ETTh1,96,pmutual_info,1251,NBEATSx,mae,0.2148529509099704
1,ETTh1,96,prollcov,501,NBEATSx,mae,0.2148395037581714
1,ETTh1,96,prollcov,1501,TCN,mae,0.2146548236149818
1,ETTh1,96,ipmutual_info,501,LSTM,mae,0.2145933857529888
3,ETTh1,720,ipentropy,1251,BiTCN,mape,0.214499197393949
1,ETTh1,96,iprollcov,1501,NHITS,mae,0.2144687917361745
1,ETTh1,96,ipmutual_info,1251,TCN,mae,0.2143604538528552
1,ETTh1,96,pfarm,1251,NHITS,mae,0.2141300853053294
1,ETTh1,96,iprollcov,1501,NBEATSx,mae,0.2140510112888542
3,ETTh1,720,pmutual_info,751,BiTCN,mape,0.2138436161478403
1,ETTh1,96,iprollcov,1001,NBEATSx,mae,0.2138246160082297
1,ETTh1,96,prollcorr,1251,NHITS,mae,0.21377643578305
1,ETTh1,96,iprollcov,1251,NBEATSx,mae,0.213562692203393
1,ETTh1,96,iprollcov,751,NBEATSx,mae,0.2135499649899757
3,ETTh1,720,pfarm,1501,BiTCN,mape,0.2135014780398558
3,ETTh1,720,pmutual_info,1501,BiTCN,mape,0.2134929148779073
1,ETTh1,96,pmutual_info,1251,LSTM,mae,0.213314372129911
1,ETTh1,96,iprollcov,1001,NHITS,mae,0.2132901881732797
1,ETTh1,96,ipentropy,751,NHITS,mae,0.213262486070274
1,ETTh1,96,pmutual_info,1501,NHITS,mae,0.2131929719462632
1,ETTh1,96,pmutual_info,751,TCN,mae,0.2131786565455189
3,ETTh1,720,prollcov,751,NBEATSx,mape,0.2130281611400299
1,ETTh1,96,prollcorr,751,NHITS,mae,0.213009628479026
1,ETTh1,96,iprollcov,1501,LSTM,mae,0.2129592531779975
1,ETTh1,96,pmutual_info,501,NHITS,mae,0.2127694141550808
1,ETTh1,96,iprollcorr,1251,NBEATSx,mae,0.212323758119809
1,ETTh1,96,pfarm,1001,NBEATSx,mae,0.2121157748507372
1,ETTh1,96,pmutual_info,1001,NHITS,mae,0.2121059154402141
3,ETTh1,720,prollcorr,751,NHITS,mape,0.2119224617350997
1,ETTh1,96,ipentropy,1251,NBEATSx,mae,0.2118948145027432
3,ETTh1,720,prollcov,501,NHITS,mape,0.2118142024920103
1,ETTh1,96,pmutual_info,751,NHITS,mae,0.2114986046453977
1,ETTh1,96,prollcorr,1001,NHITS,mae,0.211355621076837
1,ETTh1,96,pmutual_info,501,TSMixerx,mae,0.2112258888328353
1,ETTh1,96,pentropy,751,TCN,mae,0.2112020796798175
1,ETTh1,96,pfarm,751,NHITS,mae,0.2111079639374989
3,ETTh1,336,pentropy,1251,BiTCN,mape,0.2110361515926261
3,ETTh1,720,iprollcov,1251,BiTCN,mape,0.2109675732320802
1,ETTh1,96,ipentropy,751,TCN,mae,0.2109027603391283
3,ETTh1,720,iprollcov,751,BiTCN,mape,0.2106360636561628
0,ETTh1,720,pfarm,501,LSTM,mse,0.2105708616747051
3,ETTh1,720,ipmutual_info,751,NHITS,mape,0.2103107102968801
4,ETTh1,720,prollcorr,1501,GRU,smape,0.2102265955640279
1,ETTh1,96,ipmutual_info,1001,NHITS,mae,0.2102218627213747
3,ETTh1,720,ipmutual_info,1251,NHITS,mape,0.2101685256364368
1,ETTh1,96,iprollcov,1251,NHITS,mae,0.2101615580336691
3,ETTh1,720,pfarm,501,NBEATSx,mape,0.2101261060055535
3,ETTh1,720,ipmutual_info,1001,BiTCN,mape,0.2098840830831112
3,ETTh1,720,ipmutual_info,501,NHITS,mape,0.2098675472031386
1,ETTh1,96,pentropy,501,NHITS,mae,0.2095731813043933
3,ETTh1,720,pfarm,751,NHITS,mape,0.209555023470469
4,ETTh1,720,iprollcov,1001,GRU,smape,0.2095467652590523
3,ETTh1,720,prollcorr,1001,NHITS,mape,0.2095338090715146
3,ETTh1,720,prollcov,751,NHITS,mape,0.2095025427632664
3,ETTh1,720,ipmutual_info,1001,NHITS,mape,0.2094370796213607
1,ETTh1,96,iprollcorr,1001,NHITS,mae,0.2093811580015822
1,ETTh1,96,prollcorr,501,NHITS,mae,0.2090907693815158
1,ETTh1,96,iprollcov,1501,DeepNPTS,mae,0.208922490788091
4,ETTh1,720,pfarm,1251,GRU,smape,0.2088611498387503
3,ETTh1,720,ipmutual_info,501,BiTCN,mape,0.2087737916699584
1,ETTh1,96,prollcov,501,NHITS,mae,0.2087629449607136
3,ETTh1,720,prollcov,1501,NHITS,mape,0.2087445518848038
1,ETTh1,96,prollcorr,1001,NBEATSx,mae,0.2086742805362781
3,ETTh1,720,ipmutual_info,1501,NHITS,mape,0.2085438978291609
3,ETTh1,720,pfarm,1001,NHITS,mape,0.2085287665377855
1,ETTh1,96,pmutual_info,1251,DeepNPTS,mae,0.2085211434576052
1,ETTh1,96,ipentropy,1501,NHITS,mae,0.2085079671781962
1,ETTh1,96,identity,N/A,NBEATSx,mae,0.2084580169552951
3,ETTh1,720,ipentropy,1251,NHITS,mape,0.2084534489551711
1,ETTh1,96,ipmutual_info,501,DeepNPTS,mae,0.2082939337602538
1,ETTh1,96,pmutual_info,501,NBEATSx,mae,0.2081968810133448
1,ETTh1,96,iprollcorr,1001,NBEATSx,mae,0.2081689698267972
4,ETTh1,720,ipmutual_info,751,GRU,smape,0.2081459589710755
3,ETTh1,720,iprollcorr,501,NHITS,mape,0.2081375541572667
3,ETTh1,720,pentropy,1001,NHITS,mape,0.2080404257888682
3,ETTh1,720,prollcov,1251,NHITS,mape,0.2079456572138321
1,ETTh1,96,prollcov,1251,TCN,mae,0.2079241779319741
3,ETTh1,720,pfarm,1251,NHITS,mape,0.2078353181796436
3,ETTh1,720,iprollcorr,1251,NHITS,mape,0.207767913120218
1,ETTh1,96,identity,N/A,NHITS,mae,0.2077564281556937
3,ETTh1,720,iprollcov,501,NHITS,mape,0.2077057089588132
1,ETTh1,96,ipentropy,1001,NHITS,mae,0.2077044741970165
1,ETTh1,96,pentropy,1251,NHITS,mae,0.2076834578330779
1,ETTh1,96,iprollcov,751,DeepNPTS,mae,0.2076396704303699
1,ETTh1,96,iprollcov,501,DeepNPTS,mae,0.2076323997164909
3,ETTh1,720,prollcorr,1501,NHITS,mape,0.2076310570110915
3,ETTh1,720,pfarm,501,NHITS,mape,0.2076058977003828
3,ETTh1,720,iprollcov,1251,NHITS,mape,0.2075923201528345
3,ETTh1,720,pmutual_info,751,NBEATSx,mape,0.2075685414259167
1,ETTh1,96,prollcov,751,DeepNPTS,mae,0.207546641014236
1,ETTh1,96,iprollcorr,751,NHITS,mae,0.2075310254973869
3,ETTh1,720,pentropy,1251,NHITS,mape,0.2073632560018256
1,ETTh1,96,ipmutual_info,1251,NHITS,mae,0.2072470891656765
3,ETTh1,720,ipentropy,501,NHITS,mape,0.2072310240899402
4,ETTh1,720,iprollcov,751,GRU,smape,0.2071988333343121
1,ETTh1,96,pmutual_info,1001,MLP,mae,0.2069127978702264
3,ETTh1,720,prollcorr,1251,NHITS,mape,0.20688706659931
1,ETTh1,96,pfarm,1251,DeepNPTS,mae,0.2068602506515007
1,ETTh1,96,iprollcorr,1501,NHITS,mae,0.2067162498149618
3,ETTh1,720,identity,N/A,NHITS,mape,0.2066857909493914
3,ETTh1,720,iprollcorr,1501,NHITS,mape,0.2066595416451946
3,ETTh1,720,ipentropy,1001,NHITS,mape,0.2065344692902353
3,ETTh1,720,pfarm,1501,NHITS,mape,0.206503622480777
3,ETTh1,720,prollcov,1001,NHITS,mape,0.2065021798949372
3,ETTh1,720,ipentropy,1501,NHITS,mape,0.2063887299492314
1,ETTh1,96,ipentropy,1251,TCN,mae,0.206375244152819
1,ETTh1,96,ipentropy,1001,TFT,mae,0.206339785995296
1,ETTh1,96,ipentropy,1251,NHITS,mae,0.2063337005610689
1,ETTh1,96,ipmutual_info,1501,NHITS,mae,0.2063184736866735
1,ETTh1,96,pfarm,1001,TCN,mae,0.2063054768075926
1,ETTh1,96,prollcorr,1251,MLP,mae,0.2062883679894353
3,ETTh1,720,pfarm,1501,NBEATSx,mape,0.2062720458116665
3,ETTh1,720,pmutual_info,1501,NBEATSx,mape,0.2062396588500623
3,ETTh1,720,pentropy,1501,NHITS,mape,0.2061249554958064
1,ETTh1,96,ipentropy,501,TCN,mae,0.2060933356472709
1,ETTh1,96,ipentropy,1001,NBEATSx,mae,0.2058954242313604
3,ETTh1,720,ipentropy,751,NHITS,mape,0.2058010961014873
1,ETTh1,96,pmutual_info,1251,TCN,mae,0.2057606853577477
3,ETTh1,720,ipmutual_info,501,NBEATSx,mape,0.205744100477449
1,ETTh1,96,iprollcov,1251,DeepNPTS,mae,0.2057434882854216
1,ETTh1,96,pmutual_info,751,TFT,mae,0.2057382010898408
1,ETTh1,96,pmutual_info,751,TSMixerx,mae,0.2056704840216454
1,ETTh1,96,prollcorr,1501,TCN,mae,0.2056438744869574
1,ETTh1,96,prollcorr,1501,MLP,mae,0.2056187098960926
3,ETTh1,720,pmutual_info,1001,NHITS,mape,0.2055945101815185
1,ETTh1,96,pfarm,1001,DeepNPTS,mae,0.2055239021689669
3,ETTh1,720,iprollcov,1501,NHITS,mape,0.2054700714051206
1,ETTh1,96,prollcov,751,TCN,mae,0.2054346041104237
3,ETTh1,720,prollcov,1001,BiTCN,mape,0.2054247963257319
3,ETTh1,720,pmutual_info,1501,NHITS,mape,0.2053958231792913
1,ETTh1,96,prollcorr,501,DeepNPTS,mae,0.2053151851524223
3,ETTh1,720,iprollcov,501,NBEATSx,mape,0.2052494318708585
1,ETTh1,96,ipmutual_info,1251,MLP,mae,0.2052415280593925
3,ETTh1,720,ipentropy,501,BiTCN,mape,0.2052081318071783
3,ETTh1,720,pentropy,1001,BiTCN,mape,0.2052022338516559
3,ETTh1,720,prollcov,1251,BiTCN,mape,0.2051192747236234
3,ETTh1,720,ipmutual_info,1501,NBEATSx,mape,0.2050747277076454
1,ETTh1,96,ipmutual_info,751,MLP,mae,0.2050654213274909
1,ETTh1,96,ipentropy,501,NHITS,mae,0.2050630004766367
3,ETTh1,720,ipmutual_info,751,NBEATSx,mape,0.2050007728914676
1,ETTh1,96,iprollcorr,751,DeepNPTS,mae,0.2049193790641262
3,ETTh1,720,ipentropy,1501,BiTCN,mape,0.2048811355670194
1,ETTh1,96,ipmutual_info,1501,DeepNPTS,mae,0.2048781128290789
1,ETTh1,96,pfarm,1251,MLP,mae,0.2048745143676021
1,ETTh1,96,pfarm,501,MLP,mae,0.2048549817557765
1,ETTh1,96,ipmutual_info,1001,MLP,mae,0.2048471240132034
1,ETTh1,96,pmutual_info,501,MLP,mae,0.2048424649982412
1,ETTh1,96,ipmutual_info,501,TSMixerx,mae,0.2048342492470103
1,ETTh1,96,iprollcov,1501,TSMixerx,mae,0.2045957299928401
1,ETTh1,96,iprollcov,1001,DeepNPTS,mae,0.2045591825864782
1,ETTh1,96,prollcov,1251,MLP,mae,0.2045395757325116
3,ETTh1,720,iprollcov,1251,NBEATSx,mape,0.2045323694848704
3,ETTh1,720,ipentropy,501,TFT,mape,0.2045030948212211
1,ETTh1,96,pmutual_info,1501,NBEATSx,mae,0.2044767551077831
1,ETTh1,96,pentropy,751,MLP,mae,0.2044635474021199
1,ETTh1,96,prollcorr,501,TSMixerx,mae,0.2044535740735965
1,ETTh1,96,ipentropy,1501,MLP,mae,0.2044448272586947
1,ETTh1,96,pentropy,1251,DeepNPTS,mae,0.2044380854358426
1,ETTh1,96,ipmutual_info,1501,MLP,mae,0.2044178160833319
1,ETTh1,96,iprollcov,751,TSMixerx,mae,0.2044130894038981
1,ETTh1,96,pfarm,1501,MLP,mae,0.2043652901870406
1,ETTh1,96,ipentropy,501,DeepNPTS,mae,0.2043638506077737
1,ETTh1,96,pmutual_info,1001,TSMixerx,mae,0.204358682676982
1,ETTh1,96,pfarm,1001,NHITS,mae,0.2043238185545743
1,ETTh1,96,prollcorr,1001,MLP,mae,0.2042851630594684
1,ETTh1,96,iprollcorr,1501,TSMixerx,mae,0.2042333026016987
1,ETTh1,96,prollcov,501,TSMixerx,mae,0.2042032181777859
1,ETTh1,96,pmutual_info,1001,DeepNPTS,mae,0.20418236527965
4,ETTh1,720,iprollcorr,1251,LSTM,smape,0.2041714308948512
1,ETTh1,96,pmutual_info,1501,MLP,mae,0.204130022505939
1,ETTh1,96,pentropy,1001,DeepNPTS,mae,0.2040841030200813
1,ETTh1,96,pmutual_info,501,DeepNPTS,mae,0.2040715179801258
1,ETTh1,96,ipentropy,501,TSMixerx,mae,0.2040682238163517
1,ETTh1,96,identity,N/A,MLP,mae,0.2040423569207957
1,ETTh1,96,iprollcorr,501,MLP,mae,0.2040016770675461
1,ETTh1,96,prollcorr,1001,DeepNPTS,mae,0.2039925453642212
1,ETTh1,96,pmutual_info,1251,NHITS,mae,0.2039716961494367
1,ETTh1,96,prollcorr,1251,TFT,mae,0.2039649528768817
1,ETTh1,96,pmutual_info,1251,MLP,mae,0.2039638945923868
1,ETTh1,96,iprollcov,501,MLP,mae,0.2039382537405472
1,ETTh1,96,ipentropy,1001,MLP,mae,0.2039191314315772
1,ETTh1,96,iprollcorr,1251,MLP,mae,0.2039138938415985
4,ETTh1,720,iprollcorr,1501,GRU,smape,0.2039117624223092
3,ETTh1,720,iprollcov,751,NHITS,mape,0.2039102562360386
1,ETTh1,96,pentropy,501,TFT,mae,0.2039086883173943
1,ETTh1,96,ipentropy,751,MLP,mae,0.2038764563534686
1,ETTh1,96,pentropy,1251,MLP,mae,0.2038301561159931
1,ETTh1,96,ipentropy,1501,TCN,mae,0.2038176721250594
1,ETTh1,96,pentropy,1001,MLP,mae,0.2038009270193268
1,ETTh1,96,pfarm,1001,MLP,mae,0.2037981593718133
1,ETTh1,96,pentropy,751,DeepNPTS,mae,0.2037880002768635
1,ETTh1,96,ipentropy,501,MLP,mae,0.2037809203381092
3,ETTh1,720,iprollcorr,1001,NBEATSx,mape,0.2037596663783666
1,ETTh1,96,pentropy,501,TSMixerx,mae,0.2037511967174059
1,ETTh1,96,prollcorr,751,MLP,mae,0.203744768057234
1,ETTh1,96,pentropy,1501,MLP,mae,0.2037389800517722
1,ETTh1,96,iprollcorr,751,MLP,mae,0.2037205481425532
3,ETTh1,720,prollcorr,1251,NBEATSx,mape,0.2036952928424039
1,ETTh1,96,ipmutual_info,501,MLP,mae,0.2036774129358946
1,ETTh1,96,prollcov,1501,MLP,mae,0.203670679528625
1,ETTh1,96,iprollcov,1001,TSMixerx,mae,0.2036636219678589
1,ETTh1,96,iprollcov,1251,MLP,mae,0.2036598926092719
0,ETTh1,720,prollcov,501,LSTM,mse,0.2036336354597666
1,ETTh1,96,iprollcorr,1251,DeepNPTS,mae,0.2035846371466994
1,ETTh1,96,ipentropy,751,TSMixerx,mae,0.2035521082768827
3,ETTh1,720,pmutual_info,1251,NHITS,mape,0.203549656246124
3,ETTh1,720,iprollcov,501,BiTCN,mape,0.2035385708110576
1,ETTh1,96,prollcov,1251,TSMixerx,mae,0.2035337538129837
1,ETTh1,96,iprollcorr,751,TSMixerx,mae,0.2034875408640666
1,ETTh1,96,ipmutual_info,1001,DeepNPTS,mae,0.2034813470843723
1,ETTh1,96,ipmutual_info,1501,TSMixerx,mae,0.2034773476710553
1,ETTh1,96,prollcorr,501,MLP,mae,0.2034608878345745
1,ETTh1,96,pmutual_info,1501,TSMixerx,mae,0.2034308102291501
1,ETTh1,96,prollcov,501,MLP,mae,0.2034246185803942
1,ETTh1,96,pfarm,751,MLP,mae,0.2034214665110873
3,ETTh1,720,iprollcorr,751,NHITS,mape,0.2034191976476684
1,ETTh1,96,prollcov,1501,TSMixerx,mae,0.2034084865821012
1,ETTh1,96,prollcov,751,MLP,mae,0.2033992398522629
1,ETTh1,96,pfarm,751,DeepNPTS,mae,0.2033686730247466
1,ETTh1,96,prollcorr,501,TFT,mae,0.2033002862564247
1,ETTh1,96,ipentropy,1001,TSMixerx,mae,0.2032924025886587
1,ETTh1,96,iprollcov,751,MLP,mae,0.2032598916275985
1,ETTh1,96,ipmutual_info,501,TFT,mae,0.2032552495798997
1,ETTh1,96,prollcov,1001,TSMixerx,mae,0.203235023006831
1,ETTh1,96,pfarm,501,TSMixerx,mae,0.2032292758502408
1,ETTh1,96,ipentropy,1251,TSMixerx,mae,0.2032145767940355
1,ETTh1,96,prollcov,1501,TFT,mae,0.2032099596976075
1,ETTh1,96,pfarm,751,TSMixerx,mae,0.2032065270690362
1,ETTh1,96,pentropy,501,MLP,mae,0.2031835334914153
1,ETTh1,96,pentropy,1251,TSMixerx,mae,0.203151073606842
1,ETTh1,96,pentropy,1001,TSMixerx,mae,0.2031440694449688
1,ETTh1,96,iprollcorr,501,TSMixerx,mae,0.2031438768272512
1,ETTh1,96,prollcov,1001,MLP,mae,0.20313216364761
1,ETTh1,96,iprollcov,501,TSMixerx,mae,0.2031226008651961
1,ETTh1,96,iprollcov,1001,MLP,mae,0.2030986060448496
1,ETTh1,96,pentropy,501,DeepNPTS,mae,0.2030951813273621
1,ETTh1,96,pmutual_info,1251,TFT,mae,0.2030946700079609
1,ETTh1,96,prollcorr,1251,DeepNPTS,mae,0.203061126051175
1,ETTh1,96,iprollcov,1501,MLP,mae,0.2030342263110279
1,ETTh1,96,prollcorr,1251,TSMixerx,mae,0.2030338116654094
1,ETTh1,96,pfarm,1251,TSMixerx,mae,0.2030048745932884
1,ETTh1,96,ipentropy,751,TFT,mae,0.2030020181549246
1,ETTh1,96,prollcorr,1001,TSMixerx,mae,0.2029947103989869
1,ETTh1,96,iprollcov,1251,TSMixerx,mae,0.2029915917553715
1,ETTh1,96,pfarm,1501,TSMixerx,mae,0.2029664660053413
1,ETTh1,96,ipmutual_info,751,TSMixerx,mae,0.2029407869882199
1,ETTh1,96,ipmutual_info,1001,TSMixerx,mae,0.202936228762415
1,ETTh1,96,iprollcorr,1001,MLP,mae,0.2029162367569091
1,ETTh1,96,iprollcov,1251,TFT,mae,0.2029154954615685
1,ETTh1,96,prollcov,1251,DeepNPTS,mae,0.2029133924406548
1,ETTh1,96,identity,N/A,TSMixerx,mae,0.2029122668006388
1,ETTh1,96,pentropy,501,TCN,mae,0.2029059210595973
1,ETTh1,96,iprollcorr,1001,TSMixerx,mae,0.2028883558292143
1,ETTh1,96,iprollcorr,1501,MLP,mae,0.2028645699707377
1,ETTh1,96,ipentropy,501,TFT,mae,0.2028153647383132
1,ETTh1,96,identity,N/A,TCN,mae,0.2027932398177406
1,ETTh1,96,prollcorr,1501,TSMixerx,mae,0.2027115503343048
1,ETTh1,96,pentropy,751,TSMixerx,mae,0.2026927813974449
1,ETTh1,96,pmutual_info,501,TCN,mae,0.2026838259767345
1,ETTh1,96,pfarm,1251,TFT,mae,0.2026835733928068
1,ETTh1,96,pfarm,1001,TSMixerx,mae,0.2026834093881094
1,ETTh1,96,ipentropy,1251,MLP,mae,0.2026721615314614
1,ETTh1,96,prollcov,1251,TFT,mae,0.2026603564931863
1,ETTh1,96,ipmutual_info,1001,TFT,mae,0.2026295527804992
3,ETTh1,720,pfarm,1001,NBEATSx,mape,0.2026272938839776
1,ETTh1,96,ipentropy,1251,DeepNPTS,mae,0.2026219278829807
3,ETTh1,720,prollcorr,1251,BiTCN,mape,0.2025480731990725
3,ETTh1,720,iprollcorr,1001,NHITS,mape,0.2025472558540633
1,ETTh1,96,pfarm,501,DeepNPTS,mae,0.2025439188355114
3,ETTh1,720,iprollcov,1001,NHITS,mape,0.2025368831248759
3,ETTh1,720,pentropy,501,NBEATSx,mape,0.2025221615329696
1,ETTh1,96,iprollcorr,501,DeepNPTS,mae,0.2025109495352269
1,ETTh1,96,ipentropy,1501,TSMixerx,mae,0.2025011545168133
1,ETTh1,96,prollcorr,751,TSMixerx,mae,0.202460462219646
1,ETTh1,96,prollcov,751,TSMixerx,mae,0.2024411123350707
1,ETTh1,96,ipmutual_info,1501,TCN,mae,0.2024360207934865
1,ETTh1,96,ipmutual_info,1251,DeepNPTS,mae,0.2023902221813352
1,ETTh1,96,iprollcorr,501,TFT,mae,0.2023625472126603
1,ETTh1,96,ipentropy,1501,TFT,mae,0.2023522332896253
3,ETTh1,720,ipentropy,751,BiTCN,mape,0.2022717874925618
1,ETTh1,96,ipmutual_info,1251,TSMixerx,mae,0.202268121464906
1,ETTh1,96,iprollcorr,1251,TSMixerx,mae,0.2022521590110278
1,ETTh1,96,prollcov,1001,DeepNPTS,mae,0.2022475847187997
4,ETTh1,720,pmutual_info,1001,GRU,smape,0.2022341654736819
1,ETTh1,96,pmutual_info,1501,TFT,mae,0.2022156227742061
1,ETTh1,96,pentropy,1501,TSMixerx,mae,0.202211844453541
1,ETTh1,96,prollcorr,751,DeepNPTS,mae,0.2020616350848096
1,ETTh1,96,prollcov,751,TFT,mae,0.202042511647581
1,ETTh1,96,pentropy,1501,DeepNPTS,mae,0.202029063329439
3,ETTh1,720,iprollcorr,751,NBEATSx,mape,0.2020175915140226
1,ETTh1,96,iprollcov,1501,TFT,mae,0.2019785144929776
1,ETTh1,96,ipentropy,1251,TFT,mae,0.2019548401470203
1,ETTh1,96,iprollcorr,1501,TFT,mae,0.2019525569753768
3,ETTh1,720,pfarm,1251,NBEATSx,mape,0.201937459895734
1,ETTh1,96,iprollcov,501,TFT,mae,0.2019117194142321
1,ETTh1,96,prollcorr,751,TFT,mae,0.2019104110647261
1,ETTh1,96,iprollcorr,1001,TFT,mae,0.2018436243383111
1,ETTh1,96,ipmutual_info,751,TFT,mae,0.2018253076619925
1,ETTh1,96,iprollcorr,1251,TFT,mae,0.2017763054017827
1,ETTh1,96,ipmutual_info,1501,TFT,mae,0.2017642101314531
1,ETTh1,96,pentropy,1001,TFT,mae,0.2017555873844836
1,ETTh1,96,prollcorr,1501,TFT,mae,0.2017189795393166
1,ETTh1,96,pfarm,501,TFT,mae,0.2016462531982246
1,ETTh1,96,iprollcov,751,TFT,mae,0.2015637934141118
1,ETTh1,96,pfarm,751,TFT,mae,0.2015456364976193
3,ETTh1,720,ipentropy,501,NBEATSx,mape,0.2015309666925979
1,ETTh1,96,iprollcorr,751,TFT,mae,0.2014884855149588
1,ETTh1,96,iprollcorr,1001,DeepNPTS,mae,0.2014235938733535
1,ETTh1,96,pmutual_info,751,MLP,mae,0.2013842781268561
1,ETTh1,96,pmutual_info,501,TFT,mae,0.2013653717818873
1,ETTh1,96,pentropy,751,TFT,mae,0.2013502368595193
1,ETTh1,96,pfarm,1501,TFT,mae,0.2013356849435625
1,ETTh1,96,pfarm,1001,TFT,mae,0.2013095433808937
1,ETTh1,96,identity,N/A,TFT,mae,0.2012720926962793
1,ETTh1,96,prollcov,1001,TFT,mae,0.2012606969914509
1,ETTh1,96,pentropy,1251,TFT,mae,0.2012474983970524
1,ETTh1,96,prollcorr,1001,TFT,mae,0.2011202698823417
3,ETTh1,720,pmutual_info,1251,BiTCN,mape,0.201114711377225
1,ETTh1,96,prollcov,501,TFT,mae,0.2010250582697042
1,ETTh1,96,prollcorr,751,TCN,mae,0.2010078999036633
1,ETTh1,96,iprollcov,1001,TFT,mae,0.2010072931041402
1,ETTh1,96,ipmutual_info,751,BiTCN,mae,0.2010014530168301
1,ETTh1,96,pentropy,751,BiTCN,mae,0.200913898444648
1,ETTh1,96,iprollcov,751,NHITS,mae,0.200902875856221
1,ETTh1,96,pmutual_info,1501,DeepNPTS,mae,0.200864875654958
1,ETTh1,96,ipmutual_info,1251,TFT,mae,0.2007355214293002
1,ETTh1,96,iprollcorr,1251,BiTCN,mae,0.2007250194942668
1,ETTh1,96,iprollcorr,1001,BiTCN,mae,0.2007143901272272
1,ETTh1,96,prollcorr,1251,BiTCN,mae,0.2007121253612714
1,ETTh1,96,iprollcov,1501,BiTCN,mae,0.2006897991611665
1,ETTh1,96,pentropy,1501,TFT,mae,0.200623535328183
1,ETTh1,96,identity,N/A,BiTCN,mae,0.2004656314296426
1,ETTh1,96,prollcov,1251,BiTCN,mae,0.20046473202582
1,ETTh1,96,pmutual_info,1001,TFT,mae,0.2004594859636883
1,ETTh1,96,pmutual_info,1251,TSMixerx,mae,0.2004590822643063
1,ETTh1,96,prollcov,751,BiTCN,mae,0.200439368690577
1,ETTh1,96,ipmutual_info,1251,BiTCN,mae,0.2003979354284466
3,ETTh1,720,pmutual_info,1001,NBEATSx,mape,0.2003720017673526
3,ETTh1,720,prollcorr,1001,BiTCN,mape,0.2003501788740807
1,ETTh1,96,iprollcorr,751,BiTCN,mae,0.2003165020053657
1,ETTh1,96,ipmutual_info,1501,BiTCN,mae,0.2002582952162991
3,ETTh1,720,pmutual_info,501,NBEATSx,mape,0.2002407155392206
1,ETTh1,96,iprollcorr,1501,DeepNPTS,mae,0.2002295868163576
1,ETTh1,96,ipentropy,501,BiTCN,mae,0.2001956856276356
3,ETTh1,720,prollcorr,751,NBEATSx,mape,0.2001862483797138
1,ETTh1,96,pentropy,501,BiTCN,mae,0.2001706128411823
3,ETTh1,720,pmutual_info,751,NHITS,mape,0.2001626629795033
1,ETTh1,96,prollcorr,1501,BiTCN,mae,0.2001549422204587
1,ETTh1,96,ipmutual_info,1001,BiTCN,mae,0.200140858126002
1,ETTh1,96,pmutual_info,501,BiTCN,mae,0.2000537759460801
1,ETTh1,96,prollcorr,1001,BiTCN,mae,0.1999972886298879
0,ETTh1,720,pfarm,751,LSTM,mse,0.199984760794769
1,ETTh1,96,pfarm,501,BiTCN,mae,0.1999590011475694
3,ETTh1,720,pentropy,1251,NBEATSx,mape,0.1999477958722786
1,ETTh1,96,prollcov,1501,BiTCN,mae,0.1999436399310461
1,ETTh1,96,ipentropy,1001,BiTCN,mae,0.1999092993787875
1,ETTh1,96,prollcorr,501,BiTCN,mae,0.1998747128969194
1,ETTh1,96,prollcov,501,BiTCN,mae,0.1998569439441571
3,ETTh1,720,iprollcorr,1251,NBEATSx,mape,0.1998021937995339
3,ETTh1,720,prollcorr,1501,NBEATSx,mape,0.1997302894750715
3,ETTh1,720,iprollcorr,1501,BiTCN,mape,0.1997202886195158
1,ETTh1,96,pmutual_info,1251,BiTCN,mae,0.199705703153511
1,ETTh1,96,ipmutual_info,501,BiTCN,mae,0.199682740172622
1,ETTh1,96,iprollcorr,1501,BiTCN,mae,0.1996545815044863
1,ETTh1,96,prollcov,1001,BiTCN,mae,0.1996453294997428
1,ETTh1,96,ipentropy,1501,BiTCN,mae,0.1995422658092339
0,ETTh1,720,pmutual_info,501,LSTM,mse,0.1995357813236221
1,ETTh1,96,pentropy,1501,BiTCN,mae,0.1995181784443838
1,ETTh1,96,iprollcov,1251,BiTCN,mae,0.1994748812246502
1,ETTh1,96,ipentropy,1251,BiTCN,mae,0.1994740274073332
4,ETTh1,720,pfarm,751,GRU,smape,0.1994686046660768
1,ETTh1,96,pfarm,1251,BiTCN,mae,0.1994676794028098
1,ETTh1,96,pfarm,1501,DeepNPTS,mae,0.1994481168829611
1,ETTh1,96,iprollcov,1001,BiTCN,mae,0.1994376577623261
1,ETTh1,96,prollcorr,751,BiTCN,mae,0.199388387365221
1,ETTh1,96,pentropy,1251,BiTCN,mae,0.1993580218164385
1,ETTh1,96,pfarm,1501,BiTCN,mae,0.1993531530620113
1,ETTh1,96,ipentropy,1501,DeepNPTS,mae,0.1993297047044931
1,ETTh1,96,pfarm,1001,BiTCN,mae,0.1993241872351082
1,ETTh1,96,iprollcov,501,BiTCN,mae,0.1992305388502749
1,ETTh1,96,ipentropy,751,BiTCN,mae,0.19921926493185
1,ETTh1,96,iprollcorr,501,BiTCN,mae,0.1992112977517269
3,ETTh1,720,ipentropy,1001,NBEATSx,mape,0.1991972439814278
1,ETTh1,96,iprollcov,751,BiTCN,mae,0.1991874000373169
1,ETTh1,96,pmutual_info,1001,BiTCN,mae,0.199185303712764
3,ETTh1,720,pentropy,1251,BiTCN,mape,0.1991834495528353
1,ETTh1,96,pfarm,751,BiTCN,mae,0.1991796824264493
3,ETTh1,720,pmutual_info,501,NHITS,mape,0.1991308363373495
1,ETTh1,96,pentropy,1001,BiTCN,mae,0.1991181540503389
3,ETTh1,720,ipentropy,751,NBEATSx,mape,0.1988863956117717
1,ETTh1,96,prollcorr,1501,DeepNPTS,mae,0.1987584391970166
1,ETTh1,96,pmutual_info,1501,BiTCN,mae,0.1985505652437703
1,ETTh1,96,pmutual_info,751,BiTCN,mae,0.1985440525100533
1,ETTh1,96,prollcov,1501,DeepNPTS,mae,0.1985369899165077
3,ETTh1,720,prollcov,1501,NBEATSx,mape,0.1985113216032883
1,ETTh1,96,prollcov,501,DeepNPTS,mae,0.1982382700081952
1,ETTh1,96,pmutual_info,751,DeepNPTS,mae,0.1981999153200287
1,ETTh1,96,ipentropy,751,DeepNPTS,mae,0.1981510166966236
3,ETTh1,720,pentropy,751,NBEATSx,mape,0.1980979760850261
3,ETTh1,192,ipmutual_info,1001,TFT,mape,0.1977639030579603
4,ETTh1,720,prollcov,1001,GRU,smape,0.1976618174670257
3,ETTh1,720,ipmutual_info,1001,NBEATSx,mape,0.1974758875787891
4,ETTh1,720,pfarm,501,GRU,smape,0.1971824372610542
1,ETTh1,96,prollcov,501,TiDE,mae,0.1971793393354271
1,ETTh1,96,prollcorr,1251,TiDE,mae,0.1971793393354271
1,ETTh1,96,prollcov,1001,TiDE,mae,0.1971793393354271
1,ETTh1,96,prollcov,1251,TiDE,mae,0.1971793393354271
1,ETTh1,96,prollcov,751,TiDE,mae,0.1971793393354271
1,ETTh1,96,ipentropy,1501,TiDE,mae,0.1971793393354271
1,ETTh1,96,iprollcorr,1501,TiDE,mae,0.1971793393354271
1,ETTh1,96,iprollcorr,1001,TiDE,mae,0.1971793393354271
1,ETTh1,96,ipmutual_info,751,TiDE,mae,0.1971793393354271
1,ETTh1,96,prollcorr,1501,TiDE,mae,0.1971793393354271
1,ETTh1,96,pfarm,501,TiDE,mae,0.1971793393354271
1,ETTh1,96,identity,N/A,TiDE,mae,0.1971793393354271
1,ETTh1,96,ipentropy,501,TiDE,mae,0.1971793393354271
1,ETTh1,96,iprollcov,1251,TiDE,mae,0.1971793393354271
1,ETTh1,96,prollcov,1501,TiDE,mae,0.1971793393354271
1,ETTh1,96,pentropy,501,TiDE,mae,0.1971793393354271
1,ETTh1,96,pentropy,1501,TiDE,mae,0.1971793393354271
1,ETTh1,96,pentropy,1001,TiDE,mae,0.1971793393354271
1,ETTh1,96,iprollcov,1501,TiDE,mae,0.1971793393354271
1,ETTh1,96,ipentropy,1251,TiDE,mae,0.1971793393354271
1,ETTh1,96,ipentropy,751,TiDE,mae,0.1971793393354271
1,ETTh1,96,ipentropy,1001,TiDE,mae,0.1971793393354271
1,ETTh1,96,pmutual_info,1001,TiDE,mae,0.1971793393354271
1,ETTh1,96,pmutual_info,1251,TiDE,mae,0.1971793393354271
1,ETTh1,96,pmutual_info,501,TiDE,mae,0.1971793393354271
1,ETTh1,96,iprollcov,1001,TiDE,mae,0.1971793393354271
1,ETTh1,96,iprollcov,501,TiDE,mae,0.1971793393354271
1,ETTh1,96,iprollcov,751,TiDE,mae,0.1971793393354271
1,ETTh1,96,pmutual_info,1501,TiDE,mae,0.1971793393354271
1,ETTh1,96,pfarm,1001,TiDE,mae,0.1971793393354271
1,ETTh1,96,prollcorr,751,TiDE,mae,0.1971793393354271
1,ETTh1,96,pentropy,1251,TiDE,mae,0.1971793393354271
1,ETTh1,96,iprollcorr,501,TiDE,mae,0.1971793393354271
1,ETTh1,96,iprollcorr,751,TiDE,mae,0.1971793393354271
1,ETTh1,96,iprollcorr,1251,TiDE,mae,0.1971793393354271
1,ETTh1,96,ipmutual_info,1501,TiDE,mae,0.1971793393354271
1,ETTh1,96,ipmutual_info,1251,TiDE,mae,0.1971793393354271
1,ETTh1,96,ipmutual_info,501,TiDE,mae,0.1971793393354271
1,ETTh1,96,pmutual_info,751,TiDE,mae,0.1971793393354271
1,ETTh1,96,pentropy,751,TiDE,mae,0.1971793393354271
1,ETTh1,96,prollcorr,1001,TiDE,mae,0.1971793393354271
1,ETTh1,96,pfarm,1501,TiDE,mae,0.1971793393354271
1,ETTh1,96,prollcorr,501,TiDE,mae,0.1971793393354271
1,ETTh1,96,pfarm,1251,TiDE,mae,0.1971793393354271
1,ETTh1,96,pfarm,751,TiDE,mae,0.1971793393354271
1,ETTh1,96,ipmutual_info,1001,TiDE,mae,0.1971793393354271
3,ETTh1,720,ipmutual_info,1251,NBEATSx,mape,0.1971315798869616
3,ETTh1,720,iprollcov,751,NBEATSx,mape,0.1969908200935849
3,ETTh1,720,prollcorr,1001,NBEATSx,mape,0.1968997561027416
3,ETTh1,336,prollcorr,1251,NHITS,mape,0.1968699479951701
3,ETTh1,720,pentropy,1501,NBEATSx,mape,0.1968140985043466
1,ETTh1,96,ipentropy,1001,DeepNPTS,mae,0.1967679036675746
3,ETTh1,720,prollcov,1001,NBEATSx,mape,0.1966681274782144
1,ETTh1,96,ipmutual_info,751,DeepNPTS,mae,0.1965615534836999
1,ETTh1,96,identity,N/A,DeepNPTS,mae,0.1965024604621336
3,ETTh1,336,ipmutual_info,501,TCN,mape,0.1964862909663365
3,ETTh1,720,prollcorr,751,BiTCN,mape,0.1962180780977993
3,ETTh1,720,iprollcorr,501,BiTCN,mape,0.1961643326837719
3,ETTh1,720,ipmutual_info,751,BiTCN,mape,0.1959555303403315
3,ETTh1,720,pmutual_info,1251,NBEATSx,mape,0.1959096059044924
3,ETTh1,720,prollcorr,501,NBEATSx,mape,0.1958965919811442
3,ETTh1,192,prollcorr,1001,TFT,mape,0.1958463253676665
3,ETTh1,720,pentropy,501,BiTCN,mape,0.1957971528245312
3,ETTh1,720,prollcov,501,NBEATSx,mape,0.195755695554884
3,ETTh1,720,pmutual_info,1251,TFT,mape,0.195528492406628
3,ETTh1,192,prollcov,751,TFT,mape,0.1955178739743549
3,ETTh1,192,iprollcorr,1001,TFT,mape,0.195514411592663
3,ETTh1,336,iprollcorr,501,TCN,mape,0.195501365721844
0,ETTh1,720,iprollcorr,1001,BiTCN,mse,0.1954483547797487
3,ETTh1,336,prollcov,1251,TCN,mape,0.1953861147229105
3,ETTh1,192,pentropy,751,TFT,mape,0.1953730182031861
3,ETTh1,192,ipentropy,1501,TFT,mape,0.1953479665267792
3,ETTh1,336,iprollcov,751,TCN,mape,0.1953162306553205
3,ETTh1,336,iprollcov,501,TCN,mape,0.1952612745831285
3,ETTh1,192,pfarm,1501,TFT,mape,0.1952576007134837
3,ETTh1,720,pentropy,1001,NBEATSx,mape,0.1951774577928609
3,ETTh1,192,pfarm,1001,TFT,mape,0.1949844723370367
3,ETTh1,720,pfarm,751,BiTCN,mape,0.194941974979411
3,ETTh1,192,pentropy,1251,TFT,mape,0.1948453614461532
4,ETTh1,720,pmutual_info,1251,LSTM,smape,0.1946496654284768
3,ETTh1,720,identity,N/A,BiTCN,mape,0.1945600073192145
3,ETTh1,720,iprollcov,1501,BiTCN,mape,0.1945439551057362
3,ETTh1,720,identity,N/A,NBEATSx,mape,0.1945405993320869
3,ETTh1,336,prollcorr,1001,MLP,mape,0.1945156311068551
3,ETTh1,192,pfarm,501,TFT,mape,0.1944679537039846
3,ETTh1,336,ipmutual_info,751,TCN,mape,0.194464113151377
3,ETTh1,336,pmutual_info,501,TCN,mape,0.1943717368120984
4,ETTh1,720,prollcov,751,GRU,smape,0.1943410771596836
3,ETTh1,336,ipentropy,1001,TCN,mape,0.1942029676884348
3,ETTh1,336,prollcov,501,TCN,mape,0.1941674261521933
3,ETTh1,336,pentropy,751,TCN,mape,0.1940216893008235
3,ETTh1,336,prollcov,751,TCN,mape,0.1940050091391399
3,ETTh1,336,pmutual_info,751,TCN,mape,0.1938716766087803
3,ETTh1,720,iprollcorr,501,NBEATSx,mape,0.1938117163108283
3,ETTh1,720,ipentropy,1251,NBEATSx,mape,0.1937973320748302
3,ETTh1,336,prollcorr,1001,NHITS,mape,0.1937622969900986
3,ETTh1,336,iprollcorr,1501,TCN,mape,0.1936965856730837
3,ETTh1,720,prollcorr,501,BiTCN,mape,0.1935599197192759
3,ETTh1,336,pentropy,1501,TCN,mape,0.1934686388326157
3,ETTh1,720,pfarm,751,NBEATSx,mape,0.1933867364809893
3,ETTh1,720,pentropy,751,BiTCN,mape,0.1933786673880705
3,ETTh1,720,ipentropy,1001,BiTCN,mape,0.1932850986015154
3,ETTh1,336,ipentropy,501,TCN,mape,0.1932215182545706
3,ETTh1,720,iprollcov,1501,TCN,mape,0.1929413251462109
3,ETTh1,336,identity,N/A,TCN,mape,0.1928874180549816
3,ETTh1,336,iprollcorr,1001,TCN,mape,0.1928549039635747
3,ETTh1,336,prollcov,501,NHITS,mape,0.1928518736008501
3,ETTh1,336,prollcov,1001,NHITS,mape,0.192836169012959
3,ETTh1,192,prollcov,1001,TFT,mape,0.1927695317445489
3,ETTh1,336,prollcov,751,NHITS,mape,0.1927345272661029
3,ETTh1,720,iprollcorr,1251,BiTCN,mape,0.1927299593568205
3,ETTh1,720,prollcov,1251,NBEATSx,mape,0.1926420835274453
3,ETTh1,336,pfarm,501,TCN,mape,0.192618105751621
3,ETTh1,336,prollcorr,1251,BiTCN,mape,0.1926019207711243
3,ETTh1,336,ipentropy,1251,NHITS,mape,0.1925594714001894
3,ETTh1,720,iprollcorr,751,BiTCN,mape,0.1924212250091026
3,ETTh1,336,pmutual_info,1501,BiTCN,mape,0.1923873165202254
4,ETTh1,720,iprollcov,1501,GRU,smape,0.1923700742002026
3,ETTh1,336,pmutual_info,1251,TCN,mape,0.1923595656705981
3,ETTh1,336,pfarm,1251,NHITS,mape,0.1923593448667892
3,ETTh1,336,pfarm,1501,TCN,mape,0.1923415734124033
3,ETTh1,336,iprollcorr,1501,NHITS,mape,0.192327342161034
3,ETTh1,336,pmutual_info,1001,NHITS,mape,0.1922977424006288
3,ETTh1,336,ipentropy,1501,NHITS,mape,0.1922717948511129
3,ETTh1,336,prollcorr,1501,TCN,mape,0.1921684090668033
4,ETTh1,720,identity,N/A,GRU,smape,0.1920925439123031
3,ETTh1,336,pentropy,1251,TCN,mape,0.192083329835748
3,ETTh1,336,ipmutual_info,1001,NHITS,mape,0.1919349461373951
3,ETTh1,336,prollcov,1251,NHITS,mape,0.1919210003512293
3,ETTh1,336,ipmutual_info,1501,TCN,mape,0.1918746776221968
3,ETTh1,336,prollcorr,751,NHITS,mape,0.1918208882183214
3,ETTh1,336,pentropy,501,TCN,mape,0.1918172578475342
4,ETTh1,720,prollcorr,1251,GRU,smape,0.1917817782060351
3,ETTh1,720,ipmutual_info,1001,DeepNPTS,mape,0.1917747917832718
3,ETTh1,336,ipentropy,1501,TCN,mape,0.1917506849588232
3,ETTh1,336,ipmutual_info,1251,TCN,mape,0.1917417192033196
3,ETTh1,336,prollcorr,751,TCN,mape,0.191721324934708
3,ETTh1,336,prollcorr,1501,NHITS,mape,0.1916998705060288
3,ETTh1,336,pfarm,751,TCN,mape,0.1916363141816179
3,ETTh1,336,iprollcorr,751,TCN,mape,0.1916061497803549
3,ETTh1,720,ipmutual_info,501,DeepNPTS,mape,0.1915154328063387
4,ETTh1,720,pfarm,1501,LSTM,smape,0.1915077076336645
3,ETTh1,720,pfarm,751,DeepNPTS,mape,0.1914748177033185
3,ETTh1,336,prollcorr,501,NHITS,mape,0.1914615068526648
3,ETTh1,336,iprollcov,1001,TCN,mape,0.1914611791928379
3,ETTh1,336,prollcov,501,BiTCN,mape,0.1913625452011599
3,ETTh1,336,pmutual_info,1001,TCN,mape,0.1913501484875912
3,ETTh1,336,pmutual_info,751,MLP,mape,0.1913151871318605
3,ETTh1,336,pentropy,1001,TCN,mape,0.1912732686835547
3,ETTh1,336,prollcov,1501,TCN,mape,0.1912171445986847
3,ETTh1,336,ipentropy,1251,TCN,mape,0.1911591275673974
3,ETTh1,336,ipmutual_info,501,NHITS,mape,0.1911467301856798
3,ETTh1,720,pentropy,1251,DeepNPTS,mape,0.1911066281197339
3,ETTh1,336,prollcov,1501,NHITS,mape,0.1910974818894894
3,ETTh1,336,iprollcov,1501,TCN,mape,0.1910752097548537
3,ETTh1,720,pentropy,1001,TFT,mape,0.1910291828723522
3,ETTh1,336,pentropy,501,MLP,mape,0.1910051880501026
4,ETTh1,720,iprollcorr,751,LSTM,smape,0.1909906497509696
3,ETTh1,336,iprollcorr,501,NHITS,mape,0.1909700433438027
3,ETTh1,336,iprollcov,1501,NHITS,mape,0.1909577329042152
4,ETTh1,720,iprollcov,501,LSTM,smape,0.1909375955355305
3,ETTh1,336,iprollcov,501,NHITS,mape,0.1909088872264204
3,ETTh1,336,identity,N/A,NHITS,mape,0.1908714047377061
4,ETTh1,720,iprollcorr,1001,GRU,smape,0.1908473185644544
3,ETTh1,336,ipentropy,1001,NHITS,mape,0.1907533586526071
3,ETTh1,720,prollcorr,1501,BiTCN,mape,0.190738665354988
3,ETTh1,336,ipmutual_info,1001,TCN,mape,0.190736547972744
3,ETTh1,336,pmutual_info,1251,NHITS,mape,0.1907320048363696
3,ETTh1,720,iprollcov,1001,NBEATSx,mape,0.1906962462302852
3,ETTh1,192,pentropy,1001,TFT,mape,0.1905399140160763
3,ETTh1,336,ipentropy,751,TCN,mape,0.1904873733693002
3,ETTh1,336,iprollcorr,1251,NHITS,mape,0.1904845464827811
3,ETTh1,336,prollcov,1001,TCN,mape,0.1904048456582029
3,ETTh1,336,iprollcorr,1251,BiTCN,mape,0.1903276487481079
3,ETTh1,720,ipentropy,501,DeepNPTS,mape,0.1903261714651034
3,ETTh1,336,identity,N/A,TSMixerx,mape,0.1903238076897245
3,ETTh1,720,prollcov,501,BiTCN,mape,0.1903121735961856
3,ETTh1,336,ipentropy,1251,TSMixerx,mape,0.1902331526518195
3,ETTh1,336,prollcorr,1001,TCN,mape,0.1902301626783712
3,ETTh1,720,prollcorr,1251,DeepNPTS,mape,0.1901814607534674
3,ETTh1,336,pentropy,1501,NHITS,mape,0.1901622274750354
3,ETTh1,192,prollcorr,1501,LSTM,mape,0.1901294975203413
3,ETTh1,720,pmutual_info,1251,DeepNPTS,mape,0.1901143943069801
3,ETTh1,336,prollcorr,1251,TSMixerx,mape,0.1901045698581839
0,ETTh1,720,pfarm,1001,BiTCN,mse,0.1900791637338172
3,ETTh1,336,ipmutual_info,1251,TSMixerx,mape,0.1900330293380579
3,ETTh1,336,ipentropy,501,NHITS,mape,0.1900256280566736
3,ETTh1,336,iprollcorr,751,BiTCN,mape,0.1900194268822909
3,ETTh1,336,pfarm,751,TSMixerx,mape,0.1900121326467606
3,ETTh1,336,prollcorr,501,TFT,mape,0.1899921769842365
3,ETTh1,336,pentropy,1001,TSMixerx,mape,0.1899909652712084
3,ETTh1,336,iprollcov,751,TFT,mape,0.1899563267244859
3,ETTh1,336,iprollcov,1501,BiTCN,mape,0.1899321077454219
3,ETTh1,336,prollcorr,501,NBEATSx,mape,0.1898993066397415
3,ETTh1,336,pmutual_info,1501,TSMixerx,mape,0.1898843807290981
3,ETTh1,336,iprollcov,751,TSMixerx,mape,0.1898743470986681
3,ETTh1,336,prollcov,501,TSMixerx,mape,0.1898708629081218
3,ETTh1,336,prollcorr,1251,TCN,mape,0.1898567994871632
3,ETTh1,336,ipmutual_info,751,TSMixerx,mape,0.1898455520894466
3,ETTh1,336,pentropy,1251,TSMixerx,mape,0.1898440429235188
3,ETTh1,336,iprollcov,1251,NHITS,mape,0.1898431491068837
3,ETTh1,336,pfarm,1251,TCN,mape,0.1898413626758009
3,ETTh1,336,prollcorr,501,TSMixerx,mape,0.1898067421976389
3,ETTh1,336,pfarm,1251,BiTCN,mape,0.1897855217623725
3,ETTh1,336,pfarm,1001,TSMixerx,mape,0.1897741415805836
3,ETTh1,336,ipentropy,751,NHITS,mape,0.1897703720265794
3,ETTh1,336,prollcov,1251,TSMixerx,mape,0.1897304784232073
3,ETTh1,336,pfarm,1501,TSMixerx,mape,0.1897259096604314
3,ETTh1,336,iprollcorr,501,TSMixerx,mape,0.1897101534476108
3,ETTh1,336,ipmutual_info,751,NHITS,mape,0.1897056909671278
3,ETTh1,336,iprollcov,501,TSMixerx,mape,0.1896959928444619
3,ETTh1,336,prollcorr,751,TSMixerx,mape,0.1896858950333457
3,ETTh1,336,pmutual_info,751,NHITS,mape,0.1896584124691221
3,ETTh1,336,prollcov,1501,TSMixerx,mape,0.1896505117193227
3,ETTh1,336,ipentropy,501,TSMixerx,mape,0.189646311108709
3,ETTh1,336,pfarm,751,NHITS,mape,0.1896261473592432
3,ETTh1,720,pentropy,1501,DeepNPTS,mape,0.1896140676203403
3,ETTh1,336,pentropy,751,NHITS,mape,0.189585353459131
3,ETTh1,336,iprollcorr,1251,TCN,mape,0.1895750119121454
3,ETTh1,336,ipentropy,1001,TSMixerx,mape,0.1895466204077738
4,ETTh1,720,iprollcov,501,GRU,smape,0.1895324311432889
3,ETTh1,336,pfarm,1001,TCN,mape,0.1895160874176416
3,ETTh1,336,prollcorr,1501,TSMixerx,mape,0.1893795835425301
3,ETTh1,336,iprollcov,1001,TSMixerx,mape,0.1893728839185439
3,ETTh1,336,pfarm,1251,TSMixerx,mape,0.1893670248828353
3,ETTh1,336,iprollcorr,751,TSMixerx,mape,0.1893654090632362
3,ETTh1,336,ipmutual_info,1001,TSMixerx,mape,0.1893602716021137
3,ETTh1,336,pfarm,501,NHITS,mape,0.1893217832947526
3,ETTh1,720,iprollcorr,1501,DeepNPTS,mape,0.1892833774037929
3,ETTh1,720,ipentropy,1251,TFT,mape,0.1892349265618143
3,ETTh1,336,pmutual_info,501,TSMixerx,mape,0.1892165450090154
3,ETTh1,336,prollcov,1001,TSMixerx,mape,0.1891774013296021
3,ETTh1,336,iprollcorr,501,TFT,mape,0.1891690481360623
3,ETTh1,336,pentropy,501,TSMixerx,mape,0.1891653593084433
3,ETTh1,336,ipentropy,751,TSMixerx,mape,0.1891533364232841
3,ETTh1,336,iprollcorr,1251,TSMixerx,mape,0.1891424179904686
3,ETTh1,336,pentropy,751,TSMixerx,mape,0.1891416742247668
3,ETTh1,336,iprollcorr,1501,TSMixerx,mape,0.189139256253768
3,ETTh1,336,iprollcorr,1001,TSMixerx,mape,0.1891251079978201
3,ETTh1,336,ipentropy,1501,TSMixerx,mape,0.1891183115229516
3,ETTh1,336,pmutual_info,1251,TSMixerx,mape,0.1891131595351939
3,ETTh1,336,iprollcov,1501,TSMixerx,mape,0.1891131099970281
3,ETTh1,336,ipmutual_info,1501,TSMixerx,mape,0.1891128682842341
3,ETTh1,336,pmutual_info,1001,TSMixerx,mape,0.1891117717326784
3,ETTh1,336,ipmutual_info,501,TSMixerx,mape,0.1891095737577614
3,ETTh1,336,pmutual_info,751,TSMixerx,mape,0.1891043029299153
3,ETTh1,336,pentropy,1001,NHITS,mape,0.1891020750807806
3,ETTh1,336,iprollcov,1251,TSMixerx,mape,0.1890996438207039
3,ETTh1,336,ipentropy,751,BiTCN,mape,0.1890994355641027
3,ETTh1,336,prollcorr,1001,TSMixerx,mape,0.1890825909323361
3,ETTh1,336,pfarm,501,TSMixerx,mape,0.1890810220339515
3,ETTh1,336,pentropy,1501,TSMixerx,mape,0.189069789389373
3,ETTh1,336,ipentropy,1501,BiTCN,mape,0.1890611956974657
3,ETTh1,336,prollcov,751,TSMixerx,mape,0.1890491439225344
3,ETTh1,720,pmutual_info,1501,DeepNPTS,mape,0.189036161219527
3,ETTh1,336,iprollcov,1001,TFT,mape,0.1890311463095558
3,ETTh1,336,prollcorr,751,NBEATSx,mape,0.1889980146989451
3,ETTh1,336,prollcorr,501,TCN,mape,0.1889645338686097
3,ETTh1,720,pfarm,1001,DeepNPTS,mape,0.188958254940492
3,ETTh1,720,iprollcov,1501,DeepNPTS,mape,0.1889388393566445
3,ETTh1,336,ipmutual_info,751,BiTCN,mape,0.1888937409044998
3,ETTh1,336,prollcorr,501,BiTCN,mape,0.1888485010942566
3,ETTh1,336,ipentropy,1251,BiTCN,mape,0.1887965841732781
3,ETTh1,336,iprollcov,501,TFT,mape,0.1887460326518153
0,ETTh1,720,ipentropy,1501,NBEATSx,mse,0.1887446136599845
3,ETTh1,336,prollcorr,1251,NBEATSx,mape,0.1887399261749548
3,ETTh1,336,pfarm,1501,NHITS,mape,0.188669174750616
3,ETTh1,336,iprollcov,1251,TCN,mape,0.1886459091629797
3,ETTh1,720,prollcorr,1001,DeepNPTS,mape,0.1886313551586702
3,ETTh1,336,ipmutual_info,1001,LSTM,mape,0.1886275393662349
3,ETTh1,336,pentropy,501,NHITS,mape,0.1885808909957113
3,ETTh1,336,pentropy,1251,NHITS,mape,0.1885781762159167
3,ETTh1,336,pfarm,1001,NHITS,mape,0.1885515115807433
3,ETTh1,336,pentropy,751,NBEATSx,mape,0.18855059671826
3,ETTh1,720,ipmutual_info,1501,DeepNPTS,mape,0.188510421104762
3,ETTh1,336,iprollcov,1251,TFT,mape,0.1884807087361678
3,ETTh1,720,iprollcorr,1251,TFT,mape,0.1884715368302839
3,ETTh1,336,prollcov,751,NBEATSx,mape,0.1884398640667786
3,ETTh1,336,ipmutual_info,1001,BiTCN,mape,0.1883832573990513
4,ETTh1,720,prollcorr,501,GRU,smape,0.1883532653591682
3,ETTh1,336,pentropy,501,NBEATSx,mape,0.1883190729036882
3,ETTh1,720,prollcov,751,DeepNPTS,mape,0.1882911731930971
3,ETTh1,720,ipentropy,1251,DeepNPTS,mape,0.1882463174474169
3,ETTh1,720,pmutual_info,501,DeepNPTS,mape,0.1881789408377213
4,ETTh1,720,iprollcorr,501,GRU,smape,0.1881613156395502
3,ETTh1,336,iprollcorr,501,BiTCN,mape,0.1881585383909073
3,ETTh1,336,ipmutual_info,501,NBEATSx,mape,0.188155749259015
3,ETTh1,336,iprollcov,1001,MLP,mape,0.1881520611234054
3,ETTh1,720,prollcov,1501,DeepNPTS,mape,0.1880718834184651
3,ETTh1,336,prollcov,1001,TFT,mape,0.1880641775401593
3,ETTh1,336,pmutual_info,1501,NHITS,mape,0.1880525219931909
3,ETTh1,336,prollcov,501,NBEATSx,mape,0.1880383150844935
3,ETTh1,336,pentropy,1251,NBEATSx,mape,0.1880122929600238
3,ETTh1,336,pentropy,1501,NBEATSx,mape,0.1879733595599665
3,ETTh1,720,iprollcorr,751,DeepNPTS,mape,0.1879617602635971
3,ETTh1,720,pfarm,501,DeepNPTS,mape,0.1879171816243536
3,ETTh1,336,ipmutual_info,1251,NHITS,mape,0.187892724630834
3,ETTh1,336,pfarm,1251,NBEATSx,mape,0.187883706001456
3,ETTh1,336,prollcov,1251,NBEATSx,mape,0.1878823153753367
3,ETTh1,336,prollcorr,1001,TFT,mape,0.1878799576715417
3,ETTh1,336,pmutual_info,751,NBEATSx,mape,0.1878139885219235
3,ETTh1,336,pfarm,751,GRU,mape,0.1877876244360935
3,ETTh1,336,pmutual_info,1001,NBEATSx,mape,0.1877861665675022
3,ETTh1,720,prollcorr,1501,DeepNPTS,mape,0.1877667037874227
3,ETTh1,336,prollcov,1501,NBEATSx,mape,0.1877153471666995
3,ETTh1,720,pfarm,1501,DeepNPTS,mape,0.1876996425451316
3,ETTh1,720,ipentropy,1501,DeepNPTS,mape,0.187601928922197
3,ETTh1,336,ipmutual_info,1501,NHITS,mape,0.1875993626842301
3,ETTh1,336,ipmutual_info,1501,BiTCN,mape,0.1875508442999316
3,ETTh1,192,pmutual_info,1251,TSMixerx,mape,0.1875345473278756
3,ETTh1,336,ipentropy,501,TFT,mape,0.1874799512265575
3,ETTh1,336,iprollcov,1001,NBEATSx,mape,0.1874759594358145
3,ETTh1,336,pmutual_info,501,MLP,mape,0.1874429005894909
3,ETTh1,336,ipmutual_info,1501,TFT,mape,0.187439825811217
3,ETTh1,336,ipmutual_info,751,NBEATSx,mape,0.1874281826279984
3,ETTh1,720,prollcov,1001,DeepNPTS,mape,0.1874114700981059
3,ETTh1,336,ipmutual_info,1001,NBEATSx,mape,0.1873819760079214
3,ETTh1,720,iprollcov,1251,DeepNPTS,mape,0.1873776335126437
3,ETTh1,336,prollcov,1501,BiTCN,mape,0.1873329860452725
3,ETTh1,720,iprollcov,1001,TCN,mape,0.1873288925951678
3,ETTh1,720,pmutual_info,751,DeepNPTS,mape,0.187326941463979
3,ETTh1,336,iprollcorr,1001,NBEATSx,mape,0.1873166390804786
3,ETTh1,336,pmutual_info,1501,TFT,mape,0.1872776372092168
3,ETTh1,336,prollcov,1001,NBEATSx,mape,0.1872577395247334
3,ETTh1,336,pfarm,1001,NBEATSx,mape,0.1872566824750785
3,ETTh1,336,pentropy,751,TFT,mape,0.1872533478645981
3,ETTh1,336,pentropy,501,TFT,mape,0.1872131797735295
4,ETTh1,720,identity,N/A,LSTM,smape,0.187203042486766
3,ETTh1,720,iprollcorr,501,DeepNPTS,mape,0.1871939515643732
3,ETTh1,336,iprollcov,1001,BiTCN,mape,0.187183298100315
3,ETTh1,336,ipmutual_info,1501,NBEATSx,mape,0.1871433204764276
3,ETTh1,336,iprollcov,501,BiTCN,mape,0.1871302224683048
3,ETTh1,336,ipentropy,751,TFT,mape,0.1871280044271527
3,ETTh1,336,prollcorr,751,TFT,mape,0.1871161815851966
3,ETTh1,336,pfarm,1251,TFT,mape,0.1870996924713824
3,ETTh1,336,iprollcorr,1001,NHITS,mape,0.1870920491627319
3,ETTh1,336,iprollcorr,1501,NBEATSx,mape,0.1870875108873622
3,ETTh1,720,ipmutual_info,1251,DeepNPTS,mape,0.1870785412560319
3,ETTh1,336,identity,N/A,TFT,mape,0.1870769870145782
3,ETTh1,336,prollcov,501,TFT,mape,0.1870702950119437
3,ETTh1,336,prollcorr,1501,NBEATSx,mape,0.1870630385021215
3,ETTh1,720,pfarm,1251,DeepNPTS,mape,0.1870606723165478
3,ETTh1,720,ipentropy,1001,DeepNPTS,mape,0.1870300868147288
3,ETTh1,336,pmutual_info,501,NHITS,mape,0.1870228578908577
3,ETTh1,336,pmutual_info,501,NBEATSx,mape,0.1870217508194492
3,ETTh1,720,iprollcov,751,DeepNPTS,mape,0.1869450542339458
3,ETTh1,336,ipentropy,1501,NBEATSx,mape,0.1869395080810833
3,ETTh1,336,prollcorr,1251,MLP,mape,0.1869382532626326
3,ETTh1,336,iprollcorr,501,NBEATSx,mape,0.186927143125029
3,ETTh1,336,iprollcorr,751,NHITS,mape,0.1868636976929798
3,ETTh1,336,ipmutual_info,501,TFT,mape,0.1868491781696641
3,ETTh1,336,iprollcorr,751,TFT,mape,0.1868483693882885
3,ETTh1,336,identity,N/A,BiTCN,mape,0.1868243923817033
3,ETTh1,336,iprollcorr,1001,TFT,mape,0.186823413962244
3,ETTh1,336,iprollcov,1001,NHITS,mape,0.1867769145828385
3,ETTh1,720,identity,N/A,DeepNPTS,mape,0.1867345378332402
3,ETTh1,336,ipentropy,1251,NBEATSx,mape,0.1867304317968759
3,ETTh1,720,prollcov,1001,TCN,mape,0.1866970878130088
3,ETTh1,336,iprollcorr,1251,NBEATSx,mape,0.1866962167557274
3,ETTh1,336,identity,N/A,NBEATSx,mape,0.1866872404338344
3,ETTh1,720,pmutual_info,1001,BiTCN,mape,0.1866517278408846
3,ETTh1,336,ipmutual_info,1251,NBEATSx,mape,0.1866415485262353
3,ETTh1,720,prollcorr,751,DeepNPTS,mape,0.1866392518202368
3,ETTh1,192,pentropy,751,LSTM,mape,0.1866104303315088
3,ETTh1,336,pfarm,751,NBEATSx,mape,0.1866008368113492
3,ETTh1,336,ipentropy,1001,BiTCN,mape,0.1865941062976228
3,ETTh1,720,ipentropy,751,DeepNPTS,mape,0.1865898915860057
3,ETTh1,336,iprollcov,1251,NBEATSx,mape,0.1865648047135489
3,ETTh1,336,pmutual_info,1001,BiTCN,mape,0.1865633198100282
3,ETTh1,336,pfarm,1501,NBEATSx,mape,0.1865481258679391
3,ETTh1,336,iprollcov,751,NHITS,mape,0.1865146264728563
3,ETTh1,720,iprollcorr,1001,DeepNPTS,mape,0.186461261001871
3,ETTh1,336,pmutual_info,1001,MLP,mape,0.1864136495875835
3,ETTh1,336,iprollcov,501,NBEATSx,mape,0.1864033965019594
3,ETTh1,336,prollcorr,1001,NBEATSx,mape,0.1863796186515401
3,ETTh1,336,iprollcov,1251,BiTCN,mape,0.186373232921421
3,ETTh1,336,ipentropy,501,NBEATSx,mape,0.1863563049183293
3,ETTh1,336,ipentropy,1501,TFT,mape,0.186343902782496
3,ETTh1,336,ipmutual_info,1251,TFT,mape,0.1863364223737251
3,ETTh1,336,pfarm,501,MLP,mape,0.1863050694336654
3,ETTh1,720,prollcorr,501,DeepNPTS,mape,0.1862611261279812
3,ETTh1,336,prollcov,1501,TFT,mape,0.1862337918932095
3,ETTh1,336,pentropy,1001,BiTCN,mape,0.1861618813952301
3,ETTh1,336,pmutual_info,1501,NBEATSx,mape,0.1861125996188444
3,ETTh1,720,prollcov,1251,DeepNPTS,mape,0.1860737117114606
3,ETTh1,336,ipentropy,1001,NBEATSx,mape,0.1860564106101041
3,ETTh1,720,pmutual_info,1001,DeepNPTS,mape,0.1860043310881237
3,ETTh1,336,pmutual_info,1251,NBEATSx,mape,0.1859319938391974
3,ETTh1,336,ipentropy,751,NBEATSx,mape,0.1859129534393369
3,ETTh1,336,ipmutual_info,1001,TFT,mape,0.1858743332684396
3,ETTh1,336,pfarm,501,TFT,mape,0.1858340547136076
3,ETTh1,336,iprollcov,1501,NBEATSx,mape,0.185806184176178
3,ETTh1,720,iprollcorr,1251,DeepNPTS,mape,0.1857659056638999
3,ETTh1,336,pfarm,501,NBEATSx,mape,0.1857523386828622
3,ETTh1,720,pentropy,751,DeepNPTS,mape,0.1857438246860141
3,ETTh1,720,ipmutual_info,751,DeepNPTS,mape,0.1857301691477111
3,ETTh1,336,iprollcov,751,NBEATSx,mape,0.1857104722473119
4,ETTh1,720,ipentropy,751,LSTM,smape,0.1856783566340921
3,ETTh1,336,pfarm,751,TFT,mape,0.1856544480112996
3,ETTh1,336,pfarm,1001,TFT,mape,0.1856473639018373
3,ETTh1,336,prollcorr,1251,TFT,mape,0.1856382872852177
3,ETTh1,720,prollcov,501,DeepNPTS,mape,0.1856327883952337
3,ETTh1,336,pentropy,1251,TFT,mape,0.1856015895114526
3,ETTh1,720,iprollcov,1001,DeepNPTS,mape,0.1855660973383829
3,ETTh1,336,prollcov,1001,MLP,mape,0.1854209225217162
3,ETTh1,336,prollcov,1251,MLP,mape,0.1854065150817072
3,ETTh1,336,iprollcov,1501,MLP,mape,0.1853820308918104
3,ETTh1,336,iprollcorr,1501,MLP,mape,0.1853769441986609
3,ETTh1,336,iprollcorr,1501,TFT,mape,0.1853766246019265
3,ETTh1,336,ipentropy,1001,TFT,mape,0.1853712091741275
3,ETTh1,336,pmutual_info,1001,TFT,mape,0.1853628328485348
3,ETTh1,336,prollcov,1251,TFT,mape,0.1853527397824886
3,ETTh1,336,ipentropy,1251,MLP,mape,0.1853155960181463
3,ETTh1,336,iprollcorr,751,NBEATSx,mape,0.1852624834851289
3,ETTh1,720,ipmutual_info,1001,TFT,mape,0.1852484528198262
3,ETTh1,336,pentropy,1501,TFT,mape,0.1852142868309933
3,ETTh1,336,pmutual_info,1501,MLP,mape,0.1851741075626381
3,ETTh1,336,pmutual_info,1251,TFT,mape,0.1851620237473182
3,ETTh1,720,ipmutual_info,1251,BiTCN,mape,0.1851556872703647
3,ETTh1,336,ipmutual_info,1251,MLP,mape,0.1850937886279003
3,ETTh1,720,pentropy,1251,TCN,mape,0.1850898032048039
3,ETTh1,336,pentropy,1501,MLP,mape,0.1850805949984997
3,ETTh1,336,prollcov,1501,MLP,mape,0.1850692913773216
3,ETTh1,336,prollcov,751,TFT,mape,0.185039310024904
3,ETTh1,336,ipmutual_info,751,TFT,mape,0.1850301848635495
3,ETTh1,336,pentropy,501,BiTCN,mape,0.1850254100644842
3,ETTh1,336,iprollcorr,751,MLP,mape,0.1850239425731292
4,ETTh1,720,pentropy,1251,GRU,smape,0.1850209792846445
3,ETTh1,336,pfarm,751,MLP,mape,0.1850174844634086
3,ETTh1,720,pmutual_info,1501,TFT,mape,0.1850019179479126
3,ETTh1,336,pentropy,1001,TFT,mape,0.1849861303593747
3,ETTh1,336,ipmutual_info,1251,BiTCN,mape,0.1849434726623014
3,ETTh1,720,iprollcov,501,DeepNPTS,mape,0.1848830986260838
3,ETTh1,336,pentropy,1251,MLP,mape,0.1848628202076396
3,ETTh1,336,ipmutual_info,1001,MLP,mape,0.1848466513890725
3,ETTh1,336,pfarm,1501,TFT,mape,0.1848386242190886
3,ETTh1,336,iprollcov,751,MLP,mape,0.1846909526285154
3,ETTh1,336,pmutual_info,751,TFT,mape,0.1846625582569774
3,ETTh1,336,identity,N/A,MLP,mape,0.184656027258813
3,ETTh1,336,pmutual_info,1501,TCN,mape,0.1846342357419105
3,ETTh1,336,prollcorr,1501,MLP,mape,0.1846066081274291
3,ETTh1,336,pfarm,1251,MLP,mape,0.1846047516647365
3,ETTh1,336,pfarm,501,BiTCN,mape,0.184595240961748
3,ETTh1,336,iprollcov,1501,TFT,mape,0.1845949936104452
3,ETTh1,720,pentropy,501,DeepNPTS,mape,0.1845456620748419
3,ETTh1,720,prollcov,1501,TFT,mape,0.1845228053714726
3,ETTh1,336,ipentropy,1501,MLP,mape,0.1845119802528109
3,ETTh1,336,iprollcov,1251,MLP,mape,0.1844474346548789
3,ETTh1,336,prollcov,501,MLP,mape,0.1844354314652353
3,ETTh1,336,prollcorr,1501,TFT,mape,0.1844335011546702
3,ETTh1,720,prollcorr,1501,TSMixerx,mape,0.1844165636342675
3,ETTh1,720,pfarm,751,TCN,mape,0.1844093613521834
4,ETTh1,720,iprollcov,1001,LSTM,smape,0.1844047347683831
3,ETTh1,336,iprollcorr,1251,MLP,mape,0.1843907257453174
3,ETTh1,720,prollcov,751,TCN,mape,0.1843872815754344
4,ETTh1,720,ipentropy,1001,GRU,smape,0.1843720860247222
3,ETTh1,720,prollcov,751,TSMixerx,mape,0.1843692078420942
3,ETTh1,720,pentropy,1001,DeepNPTS,mape,0.1843353165921141
3,ETTh1,336,ipmutual_info,751,MLP,mape,0.1843315317323637
3,ETTh1,720,prollcorr,1501,TCN,mape,0.1842824307952181
3,ETTh1,336,pentropy,1001,NBEATSx,mape,0.1842065667321949
3,ETTh1,336,pentropy,751,MLP,mape,0.1841878855001575
3,ETTh1,720,ipentropy,1251,TCN,mape,0.1841849615783663
3,ETTh1,336,prollcorr,501,MLP,mape,0.184143907564372
3,ETTh1,720,ipmutual_info,1251,TCN,mape,0.1841403744057941
3,ETTh1,336,ipmutual_info,501,MLP,mape,0.1841101758773479
3,ETTh1,720,pmutual_info,751,TCN,mape,0.1841053457307198
3,ETTh1,336,iprollcorr,1251,TFT,mape,0.1840517700319004
3,ETTh1,720,ipmutual_info,751,TFT,mape,0.1840500716981213
3,ETTh1,720,iprollcorr,1001,TFT,mape,0.184047711864921
3,ETTh1,336,ipentropy,751,MLP,mape,0.1840421822922097
3,ETTh1,336,prollcov,1251,BiTCN,mape,0.1840330447478251
3,ETTh1,336,pfarm,1001,MLP,mape,0.1839803549424852
3,ETTh1,336,iprollcov,501,MLP,mape,0.183976737727944
3,ETTh1,336,pmutual_info,501,TFT,mape,0.1839513050582254
3,ETTh1,336,ipentropy,1001,MLP,mape,0.1839489105433067
3,ETTh1,192,ipmutual_info,751,TCN,mape,0.1839448411827809
3,ETTh1,336,pmutual_info,751,BiTCN,mape,0.1839161285166419
3,ETTh1,336,prollcov,751,MLP,mape,0.1838802791791293
3,ETTh1,336,iprollcov,751,BiTCN,mape,0.183849660047333
3,ETTh1,192,iprollcov,1251,TFT,mape,0.1838256328224219
4,ETTh1,720,iprollcorr,1001,LSTM,smape,0.1837743113492096
0,ETTh1,720,ipmutual_info,1501,BiTCN,mse,0.1837565975643097
3,ETTh1,720,ipentropy,1501,TFT,mape,0.1837305863702992
3,ETTh1,336,ipentropy,1251,TFT,mape,0.1837275601392197
3,ETTh1,336,iprollcov,1251,LSTM,mape,0.1836824676591114
3,ETTh1,720,iprollcorr,1501,TCN,mape,0.1836647905473749
3,ETTh1,720,prollcov,751,TFT,mape,0.1836486600249317
3,ETTh1,192,identity,N/A,LSTM,mape,0.1836427173273689
3,ETTh1,336,pfarm,1501,MLP,mape,0.1835737056807134
3,ETTh1,720,iprollcov,1251,TSMixerx,mape,0.1834541333568601
3,ETTh1,720,prollcov,1501,TCN,mape,0.1834408849786596
3,ETTh1,336,pfarm,751,BiTCN,mape,0.1834209055567124
3,ETTh1,336,iprollcorr,1501,BiTCN,mape,0.1834090299316309
3,ETTh1,336,iprollcorr,1001,MLP,mape,0.1834061081173855
3,ETTh1,336,ipmutual_info,1501,MLP,mape,0.1833974630653221
3,ETTh1,336,pentropy,1001,MLP,mape,0.1833924681737947
3,ETTh1,720,ipentropy,751,TFT,mape,0.1833825016993103
3,ETTh1,336,ipmutual_info,501,BiTCN,mape,0.1833730018312739
3,ETTh1,336,pmutual_info,501,BiTCN,mape,0.1833361887443251
3,ETTh1,336,prollcorr,751,BiTCN,mape,0.1833140571227213
3,ETTh1,720,ipmutual_info,751,TCN,mape,0.1833086468007282
3,ETTh1,336,ipmutual_info,1251,GRU,mape,0.1832481759726997
3,ETTh1,720,prollcorr,1251,TFT,mape,0.1832324385782101
3,ETTh1,336,pmutual_info,1251,BiTCN,mape,0.1831877917494018
3,ETTh1,336,ipentropy,501,MLP,mape,0.183144444375079
3,ETTh1,336,iprollcov,751,GRU,mape,0.1830659358352901
3,ETTh1,720,pfarm,1001,TCN,mape,0.1829496250967387
3,ETTh1,336,iprollcorr,501,MLP,mape,0.1829142928456592
3,ETTh1,192,identity,N/A,TCN,mape,0.182881522805176
3,ETTh1,336,ipentropy,1001,GRU,mape,0.1828277662308224
3,ETTh1,720,iprollcov,1501,TFT,mape,0.1828270156977406
3,ETTh1,720,pentropy,1001,TSMixerx,mape,0.1828124597168076
3,ETTh1,720,ipentropy,1001,TSMixerx,mape,0.1827711017050126
3,ETTh1,720,pmutual_info,1251,TCN,mape,0.1827482906827752
3,ETTh1,720,prollcorr,501,TCN,mape,0.1827386563855909
3,ETTh1,336,pentropy,751,BiTCN,mape,0.1827298659314702
3,ETTh1,720,pfarm,501,TCN,mape,0.182684219684167
3,ETTh1,720,prollcorr,1001,TCN,mape,0.1826763213936532
3,ETTh1,336,ipentropy,501,BiTCN,mape,0.1826486460860028
3,ETTh1,336,pmutual_info,1501,LSTM,mape,0.1826037529774789
3,ETTh1,720,prollcorr,1251,TCN,mape,0.1825945602776293
3,ETTh1,720,ipentropy,751,TCN,mape,0.1825917672055632
3,ETTh1,336,pmutual_info,501,LSTM,mape,0.182569765190951
3,ETTh1,720,prollcov,501,TFT,mape,0.1825530147983755
3,ETTh1,720,prollcov,501,TCN,mape,0.1825288209460154
3,ETTh1,336,ipmutual_info,1501,LSTM,mape,0.1825191805131174
3,ETTh1,720,ipmutual_info,751,TSMixerx,mape,0.1825161288961161
3,ETTh1,336,pmutual_info,1501,GRU,mape,0.182515284932516
3,ETTh1,720,prollcov,1251,TCN,mape,0.1824298052008283
3,ETTh1,720,iprollcorr,751,TCN,mape,0.1824266429646721
3,ETTh1,720,pfarm,1501,TFT,mape,0.1824159146948301
3,ETTh1,720,prollcov,1001,TSMixerx,mape,0.1823791521699242
3,ETTh1,720,iprollcorr,501,TFT,mape,0.182355114450852
3,ETTh1,336,pfarm,1001,BiTCN,mape,0.1823503332900067
3,ETTh1,336,ipentropy,751,GRU,mape,0.1823084103551638
3,ETTh1,720,ipentropy,1501,TSMixerx,mape,0.1823048257116986
4,ETTh1,720,ipentropy,1501,LSTM,smape,0.1823000567000872
3,ETTh1,720,iprollcorr,1001,TSMixerx,mape,0.1822908076743746
3,ETTh1,720,prollcorr,1001,TFT,mape,0.1822672706626275
3,ETTh1,720,identity,N/A,TFT,mape,0.182259544857148
3,ETTh1,192,iprollcorr,1501,LSTM,mape,0.1822557825126792
0,ETTh1,720,pfarm,501,BiTCN,mse,0.1821948857474858
3,ETTh1,720,iprollcov,501,TCN,mape,0.1821665855668029
3,ETTh1,720,prollcov,1251,TFT,mape,0.1821576639774824
3,ETTh1,720,pentropy,1251,TFT,mape,0.1821224891583587
3,ETTh1,192,prollcorr,1251,TCN,mape,0.1821218696888842
3,ETTh1,720,iprollcov,1251,TFT,mape,0.1821024496400788
3,ETTh1,720,pfarm,1251,TFT,mape,0.1820770873148579
3,ETTh1,336,prollcorr,1001,BiTCN,mape,0.1820638473775942
3,ETTh1,720,ipentropy,751,TSMixerx,mape,0.1820396235248258
3,ETTh1,720,pmutual_info,501,TFT,mape,0.1820346262699866
3,ETTh1,192,ipmutual_info,1001,TCN,mape,0.1820195958944128
3,ETTh1,192,pmutual_info,1251,TCN,mape,0.1820031052911166
3,ETTh1,336,iprollcov,1501,GRU,mape,0.1819896720071307
3,ETTh1,720,ipentropy,1501,TCN,mape,0.1819888515545021
3,ETTh1,192,ipmutual_info,1251,TCN,mape,0.1819678191725808
4,ETTh1,720,ipentropy,1251,LSTM,smape,0.1819553984394483
3,ETTh1,192,iprollcov,1251,TCN,mape,0.1819459945104389
3,ETTh1,192,ipentropy,1501,TCN,mape,0.1819246241400587
3,ETTh1,336,identity,N/A,GRU,mape,0.1819004962142057
3,ETTh1,336,pmutual_info,1001,DeepNPTS,mape,0.1818981246206076
3,ETTh1,192,pfarm,1251,TCN,mape,0.1818942776109947
3,ETTh1,720,iprollcorr,751,TSMixerx,mape,0.1818904075396349
3,ETTh1,720,iprollcov,501,TSMixerx,mape,0.1818753377214073
3,ETTh1,192,ipentropy,501,TCN,mape,0.1818596581888825
3,ETTh1,720,ipmutual_info,501,TFT,mape,0.1818454966052839
3,ETTh1,192,pentropy,1251,LSTM,mape,0.181830213068443
3,ETTh1,720,iprollcorr,501,TCN,mape,0.1818262498847702
3,ETTh1,192,iprollcov,1001,TCN,mape,0.1818174235091079
3,ETTh1,720,ipmutual_info,1251,TSMixerx,mape,0.1818141590102497
3,ETTh1,336,pmutual_info,1251,MLP,mape,0.1818041443327001
3,ETTh1,192,pentropy,1251,TCN,mape,0.1818032473170175
3,ETTh1,720,iprollcov,501,TFT,mape,0.1817938735953425
3,ETTh1,192,iprollcorr,1501,TCN,mape,0.1817888038781586
3,ETTh1,720,prollcorr,751,TCN,mape,0.1817770176357299
3,ETTh1,192,pentropy,501,TCN,mape,0.1817692900652567
0,ETTh1,720,pentropy,1501,BiTCN,mse,0.1817657920237
3,ETTh1,720,pentropy,1501,TFT,mape,0.1817614691536059
3,ETTh1,192,iprollcorr,1251,TCN,mape,0.1817463085755695
3,ETTh1,720,pentropy,1501,TCN,mape,0.1817408268187462
3,ETTh1,336,iprollcorr,1001,BiTCN,mape,0.1817346720630104
3,ETTh1,720,pmutual_info,1251,TSMixerx,mape,0.1817184362309739
3,ETTh1,720,ipentropy,1001,TCN,mape,0.1817121172537589
3,ETTh1,336,prollcov,751,BiTCN,mape,0.1817005766521791
3,ETTh1,720,iprollcorr,1501,TFT,mape,0.1816934720695351
3,ETTh1,720,ipentropy,501,TCN,mape,0.1816904829654599
3,ETTh1,720,iprollcov,751,TFT,mape,0.1816598430544992
3,ETTh1,192,iprollcorr,501,TCN,mape,0.181657537984566
3,ETTh1,192,pfarm,1001,TCN,mape,0.1816370139190106
3,ETTh1,336,iprollcov,1001,GRU,mape,0.1816329907789749
3,ETTh1,192,ipmutual_info,1501,LSTM,mape,0.1816121044186377
3,ETTh1,720,iprollcov,751,TCN,mape,0.1816034734406984
3,ETTh1,192,pmutual_info,501,TCN,mape,0.1815923168450302
3,ETTh1,192,pentropy,1001,TCN,mape,0.1815893783456825
3,ETTh1,192,prollcov,751,TCN,mape,0.1815858022204292
3,ETTh1,336,iprollcorr,1001,LSTM,mape,0.1815849660044928
3,ETTh1,720,iprollcov,1251,TCN,mape,0.181550934733894
3,ETTh1,720,iprollcov,1001,TSMixerx,mape,0.1815340973797942
3,ETTh1,720,pmutual_info,1501,TCN,mape,0.1815212722753337
3,ETTh1,720,prollcorr,751,TFT,mape,0.1815204471069429
3,ETTh1,336,iprollcorr,1251,DeepNPTS,mape,0.181517773714923
3,ETTh1,720,prollcorr,1001,TSMixerx,mape,0.1815164205799643
3,ETTh1,720,iprollcorr,1251,TSMixerx,mape,0.1814919309537496
3,ETTh1,336,pmutual_info,501,DeepNPTS,mape,0.1814697339105093
3,ETTh1,192,prollcov,1251,TCN,mape,0.1814438775292147
3,ETTh1,192,prollcov,501,TCN,mape,0.1814253267854193
3,ETTh1,720,pfarm,1001,TFT,mape,0.1814187492317776
3,ETTh1,720,pentropy,1251,TSMixerx,mape,0.1814147500678999
3,ETTh1,192,ipentropy,1001,TCN,mape,0.181393482299071
3,ETTh1,720,ipmutual_info,501,TCN,mape,0.1813923814534521
3,ETTh1,720,ipmutual_info,501,TSMixerx,mape,0.1813691617850408
3,ETTh1,336,pentropy,751,GRU,mape,0.1813614168504738
3,ETTh1,336,prollcorr,1501,GRU,mape,0.1813574627616927
3,ETTh1,720,ipmutual_info,1501,TFT,mape,0.181314118969985
3,ETTh1,720,prollcorr,501,TFT,mape,0.1813122195807587
3,ETTh1,720,pentropy,501,TFT,mape,0.181305534858078
3,ETTh1,192,ipentropy,501,TFT,mape,0.1812825897052953
3,ETTh1,720,pfarm,1251,TSMixerx,mape,0.1812727067255767
3,ETTh1,720,iprollcov,1001,TFT,mape,0.1812556513488821
3,ETTh1,192,ipentropy,751,TCN,mape,0.1812454667931275
3,ETTh1,192,pmutual_info,1501,TCN,mape,0.1812376138618237
3,ETTh1,192,pentropy,751,TCN,mape,0.1812346199467164
3,ETTh1,720,prollcorr,1251,TSMixerx,mape,0.1812191026994229
3,ETTh1,192,prollcorr,1001,TCN,mape,0.1812081480895259
3,ETTh1,720,pentropy,751,TFT,mape,0.181205658920128
3,ETTh1,192,iprollcorr,1001,TCN,mape,0.1811541319045695
3,ETTh1,192,pentropy,1501,TCN,mape,0.1811037955072313
3,ETTh1,192,iprollcov,501,TCN,mape,0.1810907248270135
3,ETTh1,336,pfarm,1501,BiTCN,mape,0.1810299294405086
3,ETTh1,336,pfarm,1001,GRU,mape,0.1810033272885238
3,ETTh1,192,pfarm,751,TFT,mape,0.1809843453940334
3,ETTh1,96,pentropy,1501,NBEATSx,mape,0.1809347666048199
3,ETTh1,720,iprollcorr,1251,TCN,mape,0.1808950395813479
3,ETTh1,96,ipmutual_info,501,NBEATSx,mape,0.1808797145581811
3,ETTh1,720,pfarm,751,TFT,mape,0.1808711627378926
3,ETTh1,192,iprollcov,501,LSTM,mape,0.180857639376898
3,ETTh1,720,pfarm,501,TFT,mape,0.180852635997868
3,ETTh1,720,prollcov,1001,TFT,mape,0.1808175533060383
3,ETTh1,336,pentropy,1251,GRU,mape,0.1808121771754117
3,ETTh1,720,iprollcorr,1001,TCN,mape,0.180801481976311
3,ETTh1,720,pmutual_info,751,TFT,mape,0.1807363303197408
3,ETTh1,336,pmutual_info,751,DeepNPTS,mape,0.1807305937048645
3,ETTh1,720,ipmutual_info,1501,TCN,mape,0.1807141138569122
3,ETTh1,720,pmutual_info,1001,TCN,mape,0.1807101283549086
3,ETTh1,720,pentropy,751,TCN,mape,0.1807053430516428
3,ETTh1,336,iprollcorr,501,DeepNPTS,mape,0.1806987420376014
3,ETTh1,720,ipmutual_info,1001,TCN,mape,0.1806810497972762
3,ETTh1,720,pfarm,1251,TCN,mape,0.180641732412016
3,ETTh1,336,pfarm,1001,DeepNPTS,mape,0.1806372993992805
3,ETTh1,720,ipmutual_info,1251,TFT,mape,0.1806339927570265
3,ETTh1,720,pentropy,1001,TCN,mape,0.180631328688303
3,ETTh1,192,pmutual_info,1501,TFT,mape,0.1806215346807589
3,ETTh1,720,pfarm,1501,TCN,mape,0.1806146856297066
3,ETTh1,336,ipmutual_info,501,GRU,mape,0.1806108297527114
3,ETTh1,720,prollcorr,1501,TFT,mape,0.1806024314557174
3,ETTh1,720,identity,N/A,TCN,mape,0.180586393982662
3,ETTh1,720,pmutual_info,501,TCN,mape,0.1805784048097067
3,ETTh1,336,pentropy,1501,BiTCN,mape,0.1805666669747441
4,ETTh1,720,prollcov,1001,LSTM,smape,0.18055457605111
3,ETTh1,720,pentropy,501,TCN,mape,0.1805403472393293
4,ETTh1,720,iprollcov,1501,LSTM,smape,0.1805068412086046
3,ETTh1,720,ipentropy,1001,TFT,mape,0.1805064233324496
3,ETTh1,720,pmutual_info,1001,TFT,mape,0.1805024136183142
3,ETTh1,336,pfarm,1501,LSTM,mape,0.1804767862231051
3,ETTh1,336,iprollcorr,1001,GRU,mape,0.1804668074194693
3,ETTh1,336,prollcov,1001,BiTCN,mape,0.1804232339555753
3,ETTh1,336,iprollcorr,751,GRU,mape,0.1803862442229977
3,ETTh1,336,prollcorr,1001,GRU,mape,0.180351703130809
3,ETTh1,336,ipmutual_info,1501,DeepNPTS,mape,0.1802919035854259
3,ETTh1,336,ipmutual_info,1001,GRU,mape,0.1802881170705685
3,ETTh1,336,iprollcov,501,GRU,mape,0.1802556880515144
3,ETTh1,336,ipmutual_info,1251,LSTM,mape,0.1802292449016719
3,ETTh1,336,pentropy,751,LSTM,mape,0.1802200069308674
3,ETTh1,336,prollcorr,1501,BiTCN,mape,0.1802085237196616
3,ETTh1,192,pfarm,501,LSTM,mape,0.1801300572909528
3,ETTh1,720,pfarm,501,MLP,mape,0.1801127658698621
3,ETTh1,336,ipentropy,1251,DeepNPTS,mape,0.1800692852626899
3,ETTh1,336,ipmutual_info,501,DeepNPTS,mape,0.1799940133971825
3,ETTh1,336,pentropy,1001,LSTM,mape,0.1799914296475454
3,ETTh1,192,pmutual_info,1001,TCN,mape,0.1799280756531706
3,ETTh1,336,pfarm,751,LSTM,mape,0.1799056699548379
3,ETTh1,336,prollcorr,501,LSTM,mape,0.1798688780036246
3,ETTh1,336,prollcorr,751,MLP,mape,0.1798664980208904
3,ETTh1,336,prollcov,501,DeepNPTS,mape,0.1798582345439361
3,ETTh1,336,prollcorr,501,GRU,mape,0.1798485393746349
3,ETTh1,192,pfarm,751,TCN,mape,0.179833024067745
3,ETTh1,336,prollcorr,751,DeepNPTS,mape,0.1798050846975978
3,ETTh1,192,ipmutual_info,1501,TCN,mape,0.1798019199561485
3,ETTh1,192,pmutual_info,751,TCN,mape,0.1797946195541805
3,ETTh1,192,ipentropy,1251,TCN,mape,0.179788663497309
0,ETTh1,720,prollcov,1501,BiTCN,mse,0.1797794869833932
3,ETTh1,192,prollcorr,501,TCN,mape,0.1797674856742033
4,ETTh1,720,iprollcorr,501,LSTM,smape,0.1797653595344519
3,ETTh1,192,prollcorr,1501,TFT,mape,0.1797525174305891
3,ETTh1,336,iprollcov,1251,GRU,mape,0.1797279677868341
3,ETTh1,192,prollcorr,751,TCN,mape,0.1797254427584679
3,ETTh1,192,iprollcorr,1501,TFT,mape,0.1797217442059765
3,ETTh1,336,pmutual_info,1251,GRU,mape,0.1797160463509622
3,ETTh1,192,prollcorr,1501,TCN,mape,0.1797126101121726
3,ETTh1,192,prollcov,1501,TCN,mape,0.1797095685831996
3,ETTh1,336,ipmutual_info,1251,DeepNPTS,mape,0.1796931474951321
3,ETTh1,720,pfarm,751,MLP,mape,0.1796812232830898
3,ETTh1,336,ipentropy,751,TiDE,mape,0.1796811010723508
3,ETTh1,336,ipentropy,1001,TiDE,mape,0.1796811010723508
3,ETTh1,336,pentropy,1001,TiDE,mape,0.1796811010723508
3,ETTh1,336,iprollcov,1501,TiDE,mape,0.1796811010723508
3,ETTh1,336,ipmutual_info,501,TiDE,mape,0.1796811010723508
3,ETTh1,336,pfarm,751,TiDE,mape,0.1796811010723508
3,ETTh1,336,ipentropy,1501,TiDE,mape,0.1796811010723508
3,ETTh1,336,ipmutual_info,1251,TiDE,mape,0.1796811010723508
3,ETTh1,336,ipentropy,1251,TiDE,mape,0.1796811010723508
3,ETTh1,336,ipmutual_info,751,TiDE,mape,0.1796811010723508
3,ETTh1,336,iprollcov,1001,TiDE,mape,0.1796811010723508
3,ETTh1,336,iprollcov,1251,TiDE,mape,0.1796811010723508
3,ETTh1,336,prollcorr,501,TiDE,mape,0.1796811010723508
3,ETTh1,336,pentropy,751,TiDE,mape,0.1796811010723508
3,ETTh1,336,pfarm,501,TiDE,mape,0.1796811010723508
3,ETTh1,336,pfarm,1001,TiDE,mape,0.1796811010723508
3,ETTh1,336,pmutual_info,1001,TiDE,mape,0.1796811010723508
3,ETTh1,336,pmutual_info,1251,TiDE,mape,0.1796811010723508
3,ETTh1,336,identity,N/A,TiDE,mape,0.1796811010723508
3,ETTh1,336,prollcov,501,TiDE,mape,0.1796811010723508
3,ETTh1,336,pmutual_info,751,TiDE,mape,0.1796811010723508
3,ETTh1,336,prollcov,1501,TiDE,mape,0.1796811010723508
3,ETTh1,336,prollcov,1251,TiDE,mape,0.1796811010723508
3,ETTh1,336,prollcorr,751,TiDE,mape,0.1796811010723508
3,ETTh1,336,prollcorr,1001,TiDE,mape,0.1796811010723508
3,ETTh1,336,prollcov,751,TiDE,mape,0.1796811010723508
3,ETTh1,336,prollcov,1001,TiDE,mape,0.1796811010723508
3,ETTh1,336,pmutual_info,501,TiDE,mape,0.1796811010723508
3,ETTh1,336,prollcorr,1251,TiDE,mape,0.1796811010723508
3,ETTh1,336,pentropy,501,TiDE,mape,0.1796811010723508
3,ETTh1,336,iprollcorr,1501,TiDE,mape,0.1796811010723508
3,ETTh1,336,pentropy,1251,TiDE,mape,0.1796811010723508
3,ETTh1,336,prollcorr,1501,TiDE,mape,0.1796811010723508
3,ETTh1,336,pentropy,1501,TiDE,mape,0.1796811010723508
3,ETTh1,336,pfarm,1251,TiDE,mape,0.1796811010723508
3,ETTh1,336,pfarm,1501,TiDE,mape,0.1796811010723508
3,ETTh1,336,iprollcorr,501,TiDE,mape,0.1796811010723508
3,ETTh1,336,ipmutual_info,1501,TiDE,mape,0.1796811010723508
3,ETTh1,336,iprollcov,751,TiDE,mape,0.1796811010723508
3,ETTh1,336,pmutual_info,1501,TiDE,mape,0.1796811010723508
3,ETTh1,336,ipmutual_info,1001,TiDE,mape,0.1796811010723508
3,ETTh1,336,iprollcorr,1001,TiDE,mape,0.1796811010723508
3,ETTh1,336,iprollcorr,1251,TiDE,mape,0.1796811010723508
3,ETTh1,336,iprollcorr,751,TiDE,mape,0.1796811010723508
3,ETTh1,336,iprollcov,501,TiDE,mape,0.1796811010723508
3,ETTh1,336,ipentropy,501,TiDE,mape,0.1796811010723508
3,ETTh1,192,iprollcov,751,TCN,mape,0.1796810565991471
3,ETTh1,336,iprollcorr,501,GRU,mape,0.1796628736622287
3,ETTh1,192,ipmutual_info,501,TCN,mape,0.1796621893578622
3,ETTh1,720,pfarm,1001,MLP,mape,0.1796548663864532
3,ETTh1,336,pfarm,501,DeepNPTS,mape,0.1796526663440032
3,ETTh1,192,iprollcov,1501,TCN,mape,0.1796481330224225
3,ETTh1,192,iprollcorr,751,TCN,mape,0.1796414331005373
3,ETTh1,336,prollcov,1251,DeepNPTS,mape,0.1796037421228156
3,ETTh1,336,pmutual_info,751,LSTM,mape,0.1795654059453284
3,ETTh1,192,pfarm,501,TCN,mape,0.1795239548514964
3,ETTh1,192,prollcorr,1001,LSTM,mape,0.1794819299397412
3,ETTh1,720,pentropy,1501,TSMixerx,mape,0.1794818069957961
3,ETTh1,336,pentropy,1501,DeepNPTS,mape,0.1794743943273369
3,ETTh1,336,ipmutual_info,1001,DeepNPTS,mape,0.1794739807138142
3,ETTh1,720,prollcorr,501,MLP,mape,0.1794516503214105
3,ETTh1,336,iprollcov,501,LSTM,mape,0.1794460756798424
3,ETTh1,336,prollcorr,1251,GRU,mape,0.1794446803122762
3,ETTh1,192,ipmutual_info,1001,LSTM,mape,0.179433131486279
3,ETTh1,336,pentropy,1251,DeepNPTS,mape,0.1794319111251858
3,ETTh1,336,pfarm,501,GRU,mape,0.1793924135185059
3,ETTh1,192,prollcov,1001,TCN,mape,0.1793893025308726
3,ETTh1,192,pfarm,1501,TCN,mape,0.1793464297858656
3,ETTh1,720,pfarm,1001,TSMixerx,mape,0.1793307621711051
3,ETTh1,720,pentropy,501,MLP,mape,0.1793182496198977
3,ETTh1,192,iprollcov,1001,LSTM,mape,0.1793173822908212
3,ETTh1,336,ipmutual_info,1501,GRU,mape,0.1793155233612398
3,ETTh1,720,iprollcorr,751,TFT,mape,0.1792877623832438
3,ETTh1,720,ipmutual_info,1001,TSMixerx,mape,0.179287456951789
3,ETTh1,336,ipentropy,501,DeepNPTS,mape,0.1792840363323032
3,ETTh1,336,pentropy,1501,GRU,mape,0.179281451166422
3,ETTh1,720,ipmutual_info,501,MLP,mape,0.1792813316963339
3,ETTh1,720,ipentropy,501,TSMixerx,mape,0.1792401350282561
3,ETTh1,720,identity,N/A,TSMixerx,mape,0.1792172231118536
3,ETTh1,720,pfarm,501,TSMixerx,mape,0.1792106330639065
3,ETTh1,720,prollcov,1251,TSMixerx,mape,0.1792013453297866
3,ETTh1,192,prollcov,1501,NHITS,mape,0.1792013054781297
3,ETTh1,192,pfarm,1501,LSTM,mape,0.1791746841399089
3,ETTh1,720,ipentropy,1251,TSMixerx,mape,0.1791671516326321
3,ETTh1,720,pfarm,751,TSMixerx,mape,0.1791637107809829
3,ETTh1,720,pmutual_info,501,TSMixerx,mape,0.1791619590555939
3,ETTh1,720,iprollcorr,501,TSMixerx,mape,0.1791575650748883
3,ETTh1,336,prollcorr,1001,DeepNPTS,mape,0.1791342209861733
3,ETTh1,336,prollcov,1001,GRU,mape,0.1791270623949685
3,ETTh1,720,prollcorr,1251,MLP,mape,0.1791252546398127
3,ETTh1,720,iprollcorr,1501,MLP,mape,0.1791230655307674
3,ETTh1,720,pfarm,1501,TSMixerx,mape,0.1791196953748089
3,ETTh1,336,pfarm,1501,GRU,mape,0.1791172765547389
3,ETTh1,720,pfarm,1251,MLP,mape,0.1791151216080849
3,ETTh1,96,pentropy,501,NBEATSx,mape,0.1791112768511351
3,ETTh1,720,pmutual_info,1501,TSMixerx,mape,0.179096733875273
3,ETTh1,720,iprollcorr,1001,MLP,mape,0.1790806432328238
3,ETTh1,720,prollcov,501,TSMixerx,mape,0.1790784519921414
3,ETTh1,192,pmutual_info,751,TFT,mape,0.1790744336997871
3,ETTh1,720,pentropy,1001,MLP,mape,0.1790561586027957
3,ETTh1,720,iprollcov,1001,MLP,mape,0.1790534448166864
3,ETTh1,336,iprollcorr,1001,DeepNPTS,mape,0.1790404026516293
3,ETTh1,720,prollcorr,501,TSMixerx,mape,0.179032365543919
3,ETTh1,336,ipentropy,1501,GRU,mape,0.1790241948602782
3,ETTh1,720,ipentropy,1251,MLP,mape,0.1790097454190592
3,ETTh1,336,ipentropy,751,DeepNPTS,mape,0.1790065439483073
3,ETTh1,720,prollcov,1501,TSMixerx,mape,0.1789982547601771
3,ETTh1,720,iprollcov,1501,TSMixerx,mape,0.1789966928768306
3,ETTh1,336,prollcov,751,GRU,mape,0.1789896581157513
3,ETTh1,720,pentropy,751,MLP,mape,0.1789820891037473
3,ETTh1,720,pentropy,501,TSMixerx,mape,0.1789509198691571
3,ETTh1,720,iprollcorr,1501,TSMixerx,mape,0.1789348990747059
3,ETTh1,720,pmutual_info,1001,TSMixerx,mape,0.1789347445851287
3,ETTh1,336,prollcov,501,GRU,mape,0.1789258761869863
3,ETTh1,720,iprollcov,751,TSMixerx,mape,0.1789159178697141
3,ETTh1,720,prollcov,501,MLP,mape,0.1789136805405825
3,ETTh1,720,pmutual_info,751,TSMixerx,mape,0.1788890285965508
3,ETTh1,336,pfarm,501,LSTM,mape,0.1788863919838764
3,ETTh1,336,pmutual_info,1501,DeepNPTS,mape,0.1788788555571152
3,ETTh1,720,pentropy,1251,MLP,mape,0.1788706604134669
3,ETTh1,336,prollcov,1001,DeepNPTS,mape,0.1788495340351181
3,ETTh1,720,ipmutual_info,1001,MLP,mape,0.1788478341185497
3,ETTh1,720,pentropy,751,TSMixerx,mape,0.1788421284366685
3,ETTh1,720,ipmutual_info,1501,TSMixerx,mape,0.1788397896263328
3,ETTh1,720,prollcorr,751,TSMixerx,mape,0.1788285310127659
3,ETTh1,336,pmutual_info,751,GRU,mape,0.1787644598335426
3,ETTh1,192,ipentropy,1251,LSTM,mape,0.1787601630307749
3,ETTh1,336,iprollcorr,1501,LSTM,mape,0.1787553159959681
3,ETTh1,336,ipmutual_info,751,GRU,mape,0.1787547339695652
4,ETTh1,720,pentropy,501,GRU,smape,0.1787503892851333
3,ETTh1,720,prollcorr,1501,MLP,mape,0.178741738301671
3,ETTh1,336,iprollcorr,1501,GRU,mape,0.1787299906881188
3,ETTh1,720,iprollcov,1501,MLP,mape,0.1787020121358183
3,ETTh1,336,ipentropy,1251,GRU,mape,0.178701996787874
3,ETTh1,720,pfarm,1501,MLP,mape,0.1786999158152525
3,ETTh1,336,iprollcov,1001,DeepNPTS,mape,0.1786926195336446
3,ETTh1,336,prollcorr,751,GRU,mape,0.1786726562021462
3,ETTh1,720,iprollcov,501,MLP,mape,0.1786650958485152
3,ETTh1,336,pfarm,1501,DeepNPTS,mape,0.1786606127379689
3,ETTh1,336,iprollcov,501,DeepNPTS,mape,0.1786401386686512
3,ETTh1,192,ipmutual_info,1251,NHITS,mape,0.1786305343194183
3,ETTh1,336,prollcorr,1251,DeepNPTS,mape,0.1786282667152454
3,ETTh1,720,ipentropy,1501,MLP,mape,0.1786144565915836
3,ETTh1,336,pentropy,1251,LSTM,mape,0.1786112565454964
3,ETTh1,336,pfarm,1001,LSTM,mape,0.1785842405475039
3,ETTh1,336,ipmutual_info,751,DeepNPTS,mape,0.1785374878776656
3,ETTh1,720,pentropy,1501,MLP,mape,0.1785366787931043
3,ETTh1,720,prollcorr,1001,MLP,mape,0.1785354196221551
3,ETTh1,720,iprollcorr,501,MLP,mape,0.1784962369419847
3,ETTh1,192,prollcorr,501,LSTM,mape,0.178483748585935
3,ETTh1,336,iprollcov,751,DeepNPTS,mape,0.1784782653700804
3,ETTh1,720,ipmutual_info,751,MLP,mape,0.178477030796037
3,ETTh1,720,ipentropy,501,MLP,mape,0.1784608345123385
3,ETTh1,720,iprollcov,1251,MLP,mape,0.1784486182381192
3,ETTh1,336,prollcorr,501,DeepNPTS,mape,0.1784143162046653
3,ETTh1,720,identity,N/A,MLP,mape,0.1784136266287938
3,ETTh1,720,ipmutual_info,1501,MLP,mape,0.1783986207195897
3,ETTh1,336,ipentropy,1001,DeepNPTS,mape,0.1783759708010818
3,ETTh1,720,prollcov,1251,MLP,mape,0.1783728779568921
3,ETTh1,720,prollcorr,751,MLP,mape,0.1783655205858702
3,ETTh1,720,prollcov,1501,MLP,mape,0.1783649169787304
3,ETTh1,192,prollcov,501,LSTM,mape,0.1783642081133617
3,ETTh1,336,iprollcorr,1251,LSTM,mape,0.1783587937654643
3,ETTh1,720,ipentropy,1001,MLP,mape,0.1783565398464055
3,ETTh1,720,iprollcorr,1251,MLP,mape,0.1783366188983163
3,ETTh1,336,pentropy,1001,GRU,mape,0.1783301760971511
3,ETTh1,336,pentropy,501,LSTM,mape,0.1783242460418779
3,ETTh1,192,iprollcov,1001,TFT,mape,0.17830876755959
3,ETTh1,720,pmutual_info,751,MLP,mape,0.1783069855654198
3,ETTh1,192,ipentropy,1251,NHITS,mape,0.1783064763945936
3,ETTh1,720,prollcov,1001,MLP,mape,0.178298267067527
3,ETTh1,720,ipentropy,751,MLP,mape,0.1782898030570425
3,ETTh1,720,iprollcorr,751,MLP,mape,0.1782701096661233
3,ETTh1,720,ipmutual_info,1251,MLP,mape,0.1782484898628346
3,ETTh1,336,prollcorr,1501,DeepNPTS,mape,0.1782268404486439
3,ETTh1,720,iprollcov,751,MLP,mape,0.1782124299093563
3,ETTh1,720,prollcov,751,MLP,mape,0.1781959915825341
3,ETTh1,336,iprollcov,1501,DeepNPTS,mape,0.1781922474623442
3,ETTh1,336,ipmutual_info,501,LSTM,mape,0.1781760399904743
3,ETTh1,336,pentropy,751,DeepNPTS,mape,0.1781529253707091
4,ETTh1,720,prollcov,1251,LSTM,smape,0.1781515401928221
3,ETTh1,192,prollcorr,1501,NHITS,mape,0.1781461043914153
3,ETTh1,336,pfarm,1251,DeepNPTS,mape,0.1781269733640418
4,ETTh1,720,pfarm,1251,LSTM,smape,0.178117714425869
3,ETTh1,336,ipentropy,501,GRU,mape,0.1780704645369202
3,ETTh1,336,pmutual_info,501,GRU,mape,0.1780462788826345
3,ETTh1,336,pentropy,501,DeepNPTS,mape,0.1779815951370918
3,ETTh1,192,prollcorr,1251,NBEATSx,mape,0.177975768686127
3,ETTh1,192,iprollcorr,751,TFT,mape,0.1779550872530029
3,ETTh1,336,pentropy,1501,LSTM,mape,0.1779442980958271
3,ETTh1,336,pfarm,751,DeepNPTS,mape,0.1779364139683992
3,ETTh1,336,prollcov,1501,GRU,mape,0.1779328576426607
3,ETTh1,336,prollcov,1501,DeepNPTS,mape,0.1779250152646486
3,ETTh1,192,pmutual_info,751,GRU,mape,0.1779226280710212
3,ETTh1,192,ipentropy,1001,TFT,mape,0.1778743297204766
3,ETTh1,336,iprollcov,1251,DeepNPTS,mape,0.1778635644356925
0,ETTh1,720,pmutual_info,501,BiTCN,mse,0.1778405105557077
3,ETTh1,192,pfarm,1501,NHITS,mape,0.1778319532644167
3,ETTh1,336,identity,N/A,DeepNPTS,mape,0.1778283581582995
3,ETTh1,192,pfarm,501,GRU,mape,0.1777661804151789
3,ETTh1,336,prollcov,751,DeepNPTS,mape,0.1777621458965659
3,ETTh1,192,iprollcov,501,NHITS,mape,0.1777593906179668
4,ETTh1,720,iprollcorr,1251,GRU,smape,0.1777546570316914
3,ETTh1,336,pfarm,1251,GRU,mape,0.1777016858626725
3,ETTh1,720,pmutual_info,1501,MLP,mape,0.1776438885906947
3,ETTh1,336,prollcov,1001,LSTM,mape,0.1776324863361832
3,ETTh1,192,pentropy,1501,GRU,mape,0.1776298876177873
3,ETTh1,720,pmutual_info,1251,MLP,mape,0.1775602788726712
3,ETTh1,336,pmutual_info,1001,GRU,mape,0.1775390303189844
3,ETTh1,192,identity,N/A,NHITS,mape,0.1774891151793241
3,ETTh1,192,ipentropy,1251,GRU,mape,0.1774728613060455
3,ETTh1,192,prollcorr,1001,GRU,mape,0.1774593068534361
3,ETTh1,192,iprollcorr,501,NHITS,mape,0.1774491537757963
3,ETTh1,192,prollcov,1001,GRU,mape,0.1774362603147939
3,ETTh1,192,ipmutual_info,1501,GRU,mape,0.1774272366891582
3,ETTh1,192,iprollcov,1501,LSTM,mape,0.1774213675938747
3,ETTh1,336,iprollcorr,1501,DeepNPTS,mape,0.1774209033741264
3,ETTh1,336,pmutual_info,1251,DeepNPTS,mape,0.1774199536737198
3,ETTh1,192,iprollcov,1501,GRU,mape,0.1774067674665674
3,ETTh1,192,ipentropy,1501,NHITS,mape,0.1773965701811942
3,ETTh1,336,pentropy,1001,DeepNPTS,mape,0.1773752560001024
3,ETTh1,192,iprollcov,1251,GRU,mape,0.1773424300091529
3,ETTh1,192,pfarm,1251,GRU,mape,0.1773283591902147
3,ETTh1,192,ipmutual_info,1001,GRU,mape,0.1773145266916472
3,ETTh1,192,ipmutual_info,501,GRU,mape,0.1773123707908213
3,ETTh1,192,iprollcov,751,GRU,mape,0.1773101903598176
3,ETTh1,192,prollcorr,501,GRU,mape,0.1772756772883887
3,ETTh1,192,iprollcorr,1501,GRU,mape,0.177274749949986
3,ETTh1,192,identity,N/A,GRU,mape,0.1772675713422812
3,ETTh1,720,pmutual_info,1001,MLP,mape,0.1772572900554593
3,ETTh1,192,pentropy,1001,GRU,mape,0.1772520063064131
3,ETTh1,192,ipmutual_info,1251,GRU,mape,0.1772459138252199
3,ETTh1,192,prollcov,501,GRU,mape,0.1772449262038703
3,ETTh1,336,iprollcorr,751,DeepNPTS,mape,0.1772408027431871
3,ETTh1,192,iprollcorr,751,GRU,mape,0.1772352113955372
3,ETTh1,192,iprollcorr,1251,GRU,mape,0.1772233124363895
3,ETTh1,192,pfarm,1001,GRU,mape,0.1772035367119456
3,ETTh1,192,prollcorr,1251,GRU,mape,0.1771939335852781
3,ETTh1,192,pentropy,501,GRU,mape,0.1771857841037177
3,ETTh1,192,iprollcorr,751,NHITS,mape,0.1771814598542884
3,ETTh1,192,ipmutual_info,751,GRU,mape,0.1771621006954467
3,ETTh1,192,pmutual_info,1001,NHITS,mape,0.1771160781498061
3,ETTh1,192,pmutual_info,1501,GRU,mape,0.1770912360855399
3,ETTh1,336,pentropy,501,GRU,mape,0.1770689192068349
3,ETTh1,192,iprollcorr,501,GRU,mape,0.1770590554454018
3,ETTh1,192,pentropy,751,GRU,mape,0.1770567619779137
3,ETTh1,192,prollcorr,1501,GRU,mape,0.1770337485494126
3,ETTh1,192,pmutual_info,501,TSMixerx,mape,0.1770297921103307
3,ETTh1,192,iprollcorr,1001,LSTM,mape,0.1770249612655857
3,ETTh1,192,ipentropy,501,GRU,mape,0.1770091019611075
3,ETTh1,192,ipentropy,751,GRU,mape,0.1770040304289247
3,ETTh1,720,pmutual_info,501,MLP,mape,0.1769779056150622
3,ETTh1,336,ipentropy,1501,DeepNPTS,mape,0.17693575751584
4,ETTh1,720,prollcorr,1501,LSTM,smape,0.1769220714692849
3,ETTh1,192,iprollcorr,1501,NBEATSx,mape,0.1769219237828558
3,ETTh1,192,pentropy,1501,NHITS,mape,0.1769037125536037
3,ETTh1,192,pmutual_info,1001,TSMixerx,mape,0.1768989442249076
3,ETTh1,192,pfarm,751,NHITS,mape,0.1768903745155707
3,ETTh1,192,prollcorr,1251,NHITS,mape,0.1768147743903871
3,ETTh1,192,prollcov,1251,TFT,mape,0.1768108103780705
3,ETTh1,192,ipentropy,1001,GRU,mape,0.1768056423220602
3,ETTh1,192,iprollcorr,1251,NHITS,mape,0.176786342491894
3,ETTh1,192,ipmutual_info,1501,NBEATSx,mape,0.1766669099056548
3,ETTh1,192,iprollcorr,1001,NHITS,mape,0.1766640794810557
3,ETTh1,192,prollcov,751,LSTM,mape,0.1766585964547319
3,ETTh1,192,iprollcov,751,LSTM,mape,0.1766495673184508
3,ETTh1,192,ipmutual_info,501,NBEATSx,mape,0.1765725165634636
3,ETTh1,192,pmutual_info,501,GRU,mape,0.1765280239370319
3,ETTh1,192,ipmutual_info,1501,NHITS,mape,0.1765265249151062
3,ETTh1,192,pfarm,1501,GRU,mape,0.1765216349385753
3,ETTh1,192,pentropy,1251,GRU,mape,0.1765116348802501
3,ETTh1,192,pmutual_info,1001,GRU,mape,0.1765031285579149
3,ETTh1,720,iprollcorr,1251,TiDE,mape,0.1764645895400113
3,ETTh1,720,prollcov,751,TiDE,mape,0.1764645895400113
3,ETTh1,720,prollcorr,1001,TiDE,mape,0.1764645895400113
3,ETTh1,720,prollcorr,501,TiDE,mape,0.1764645895400113
3,ETTh1,720,prollcorr,1251,TiDE,mape,0.1764645895400113
3,ETTh1,720,prollcorr,1501,TiDE,mape,0.1764645895400113
3,ETTh1,720,pfarm,1501,TiDE,mape,0.1764645895400113
3,ETTh1,720,iprollcorr,751,TiDE,mape,0.1764645895400113
3,ETTh1,720,prollcov,501,TiDE,mape,0.1764645895400113
3,ETTh1,720,pentropy,1501,TiDE,mape,0.1764645895400113
3,ETTh1,720,iprollcov,1001,TiDE,mape,0.1764645895400113
3,ETTh1,720,ipmutual_info,1251,TiDE,mape,0.1764645895400113
3,ETTh1,720,pentropy,751,TiDE,mape,0.1764645895400113
3,ETTh1,720,ipentropy,1001,TiDE,mape,0.1764645895400113
3,ETTh1,720,iprollcov,1501,TiDE,mape,0.1764645895400113
3,ETTh1,720,pentropy,1251,TiDE,mape,0.1764645895400113
3,ETTh1,720,pmutual_info,501,TiDE,mape,0.1764645895400113
3,ETTh1,720,pmutual_info,1001,TiDE,mape,0.1764645895400113
3,ETTh1,720,pentropy,501,TiDE,mape,0.1764645895400113
3,ETTh1,720,pmutual_info,751,TiDE,mape,0.1764645895400113
3,ETTh1,720,prollcorr,751,TiDE,mape,0.1764645895400113
3,ETTh1,720,pfarm,1001,TiDE,mape,0.1764645895400113
3,ETTh1,720,pfarm,751,TiDE,mape,0.1764645895400113
3,ETTh1,720,pfarm,501,TiDE,mape,0.1764645895400113
3,ETTh1,720,pfarm,1251,TiDE,mape,0.1764645895400113
3,ETTh1,720,prollcov,1251,TiDE,mape,0.1764645895400113
3,ETTh1,720,iprollcorr,1001,TiDE,mape,0.1764645895400113
3,ETTh1,720,ipmutual_info,1501,TiDE,mape,0.1764645895400113
3,ETTh1,720,pmutual_info,1251,TiDE,mape,0.1764645895400113
3,ETTh1,720,prollcov,1501,TiDE,mape,0.1764645895400113
3,ETTh1,720,identity,N/A,TiDE,mape,0.1764645895400113
3,ETTh1,720,prollcov,1001,TiDE,mape,0.1764645895400113
3,ETTh1,720,ipentropy,501,TiDE,mape,0.1764645895400113
3,ETTh1,720,iprollcov,1251,TiDE,mape,0.1764645895400113
3,ETTh1,720,iprollcov,751,TiDE,mape,0.1764645895400113
3,ETTh1,720,iprollcorr,1501,TiDE,mape,0.1764645895400113
3,ETTh1,720,iprollcov,501,TiDE,mape,0.1764645895400113
3,ETTh1,720,ipmutual_info,501,TiDE,mape,0.1764645895400113
3,ETTh1,720,ipentropy,1251,TiDE,mape,0.1764645895400113
3,ETTh1,720,ipentropy,751,TiDE,mape,0.1764645895400113
3,ETTh1,720,ipmutual_info,751,TiDE,mape,0.1764645895400113
3,ETTh1,720,pentropy,1001,TiDE,mape,0.1764645895400113
3,ETTh1,720,pmutual_info,1501,TiDE,mape,0.1764645895400113
3,ETTh1,720,iprollcorr,501,TiDE,mape,0.1764645895400113
3,ETTh1,720,ipentropy,1501,TiDE,mape,0.1764645895400113
3,ETTh1,720,ipmutual_info,1001,TiDE,mape,0.1764645895400113
3,ETTh1,192,ipentropy,501,NHITS,mape,0.1764604932402072
3,ETTh1,192,ipmutual_info,1251,TFT,mape,0.17643289085357
3,ETTh1,192,prollcorr,751,GRU,mape,0.176428069056436
3,ETTh1,96,pmutual_info,1001,NBEATSx,mape,0.1764242597422019
3,ETTh1,192,ipentropy,501,LSTM,mape,0.1763625581510076
3,ETTh1,192,ipmutual_info,1501,TFT,mape,0.1763609691444124
3,ETTh1,192,ipmutual_info,501,NHITS,mape,0.1763503091172327
4,ETTh1,720,pfarm,1501,GRU,smape,0.1763349084860501
3,ETTh1,192,prollcorr,751,LSTM,mape,0.1763321461970492
3,ETTh1,192,iprollcorr,1001,NBEATSx,mape,0.176316373252244
3,ETTh1,192,prollcov,1501,GRU,mape,0.1762638492763778
3,ETTh1,192,pmutual_info,1501,TSMixerx,mape,0.1762388286129135
3,ETTh1,192,ipentropy,1501,NBEATSx,mape,0.1762270781816013
3,ETTh1,192,iprollcov,1501,TFT,mape,0.1762256189199473
3,ETTh1,192,ipentropy,1501,GRU,mape,0.1761913779171395
3,ETTh1,192,pfarm,1251,NBEATSx,mape,0.1761869575395213
3,ETTh1,192,identity,N/A,NBEATSx,mape,0.1761731667380595
3,ETTh1,192,ipentropy,1251,NBEATSx,mape,0.1761451544085601
3,ETTh1,192,prollcov,751,GRU,mape,0.1761145128468081
3,ETTh1,192,iprollcov,1001,NBEATSx,mape,0.1760930239587043
3,ETTh1,192,pfarm,1001,NBEATSx,mape,0.1760789609256928
3,ETTh1,192,prollcov,1251,GRU,mape,0.1760744660522974
3,ETTh1,192,iprollcov,1001,GRU,mape,0.1760297073455784
3,ETTh1,192,iprollcorr,1001,GRU,mape,0.1760241200209696
3,ETTh1,192,pfarm,751,GRU,mape,0.1760184235273433
3,ETTh1,192,pentropy,1251,NHITS,mape,0.176003289717291
3,ETTh1,192,ipmutual_info,751,NHITS,mape,0.1759910925032352
3,ETTh1,192,iprollcov,501,GRU,mape,0.175989654853311
3,ETTh1,192,ipmutual_info,501,MLP,mape,0.1759541689362161
3,ETTh1,192,pmutual_info,1251,GRU,mape,0.1758941187051154
4,ETTh1,720,pfarm,1001,GRU,smape,0.1758899620841004
3,ETTh1,192,prollcorr,751,NHITS,mape,0.1758811427137542
3,ETTh1,192,pfarm,1501,NBEATSx,mape,0.1758565478333409
3,ETTh1,192,prollcorr,751,NBEATSx,mape,0.1758497581578812
3,ETTh1,192,pmutual_info,501,LSTM,mape,0.1758305911893239
3,ETTh1,192,prollcov,1001,NBEATSx,mape,0.1757841288605509
3,ETTh1,192,iprollcov,1251,NHITS,mape,0.1757505775077336
3,ETTh1,192,iprollcov,501,NBEATSx,mape,0.1757409869205186
3,ETTh1,192,prollcov,751,NHITS,mape,0.1757183526673587
3,ETTh1,192,pfarm,1251,NHITS,mape,0.1756110115918852
3,ETTh1,192,iprollcov,1501,NHITS,mape,0.1755915503250949
3,ETTh1,192,prollcov,1251,NHITS,mape,0.1755623894288972
4,ETTh1,720,pmutual_info,501,GRU,smape,0.1755173280253926
3,ETTh1,192,prollcorr,1501,NBEATSx,mape,0.1754954755991578
3,ETTh1,192,pfarm,1001,LSTM,mape,0.1754589951405
3,ETTh1,192,pmutual_info,1501,LSTM,mape,0.1754487703395781
3,ETTh1,192,iprollcov,1501,NBEATSx,mape,0.1754424727436648
3,ETTh1,192,pfarm,501,NBEATSx,mape,0.1754353200049007
3,ETTh1,192,iprollcorr,1501,NHITS,mape,0.1753959109694521
3,ETTh1,192,prollcorr,501,NBEATSx,mape,0.1753885940644766
3,ETTh1,192,ipentropy,751,NBEATSx,mape,0.1753855482044321
4,ETTh1,720,pentropy,1001,LSTM,smape,0.1753778337442923
3,ETTh1,192,prollcorr,1001,NBEATSx,mape,0.1753432398014898
3,ETTh1,192,pmutual_info,1501,NHITS,mape,0.1753282852167804
3,ETTh1,192,ipentropy,1001,NHITS,mape,0.1753128018152584
3,ETTh1,192,pentropy,501,TFT,mape,0.1752789531063005
3,ETTh1,192,pentropy,1501,NBEATSx,mape,0.1752382464162919
3,ETTh1,192,iprollcov,751,NBEATSx,mape,0.1752153355509862
3,ETTh1,192,pfarm,1001,NHITS,mape,0.175208994089957
3,ETTh1,192,prollcov,501,TSMixerx,mape,0.1751705753931823
3,ETTh1,192,prollcov,501,NBEATSx,mape,0.1751464878932451
3,ETTh1,192,ipentropy,1001,MLP,mape,0.1751099382331019
3,ETTh1,192,pmutual_info,1001,NBEATSx,mape,0.1750990608911473
3,ETTh1,192,iprollcorr,501,TFT,mape,0.175047665655958
3,ETTh1,192,ipentropy,1001,NBEATSx,mape,0.1750368451835949
4,ETTh1,720,pmutual_info,1501,LSTM,smape,0.1750169390317535
3,ETTh1,192,ipentropy,751,NHITS,mape,0.1750073334833441
3,ETTh1,192,pmutual_info,1251,NHITS,mape,0.1750071547748219
3,ETTh1,192,pentropy,1251,NBEATSx,mape,0.1749337908589122
3,ETTh1,192,pmutual_info,1251,MLP,mape,0.1748507755442572
3,ETTh1,192,ipentropy,501,NBEATSx,mape,0.1748453143728258
3,ETTh1,192,prollcorr,501,TFT,mape,0.1748150093500865
4,ETTh1,720,ipentropy,1501,GRU,smape,0.174755406242635
3,ETTh1,192,prollcorr,1251,TFT,mape,0.1747410784113601
3,ETTh1,192,iprollcov,751,TFT,mape,0.1747276320979028
3,ETTh1,192,iprollcorr,751,LSTM,mape,0.1747134623782477
3,ETTh1,192,iprollcov,1251,LSTM,mape,0.1747132128807139
3,ETTh1,192,pentropy,501,TSMixerx,mape,0.1746744996503825
3,ETTh1,192,pfarm,1001,MLP,mape,0.1746534265533175
3,ETTh1,192,ipentropy,1501,MLP,mape,0.174631654262762
3,ETTh1,192,iprollcov,1001,NHITS,mape,0.1746120981706385
4,ETTh1,720,ipentropy,501,LSTM,smape,0.1746097332272465
3,ETTh1,192,pmutual_info,501,NBEATSx,mape,0.1745842107752598
4,ETTh1,720,iprollcorr,1501,LSTM,smape,0.1745205558562025
3,ETTh1,192,iprollcov,1251,NBEATSx,mape,0.1744870828178344
3,ETTh1,192,pfarm,501,NHITS,mape,0.1744491891355948
3,ETTh1,192,pmutual_info,1251,LSTM,mape,0.1743992680512478
3,ETTh1,192,prollcov,1001,NHITS,mape,0.1743180325014093
3,ETTh1,96,pfarm,1501,NBEATSx,mape,0.1743005032494174
3,ETTh1,192,ipentropy,1001,LSTM,mape,0.1742726300156951
3,ETTh1,192,pmutual_info,751,TSMixerx,mape,0.1742104048983389
3,ETTh1,96,pentropy,751,NBEATSx,mape,0.1741707264576014
3,ETTh1,192,pfarm,501,MLP,mape,0.1741623885100388
3,ETTh1,192,pmutual_info,751,LSTM,mape,0.174105266442551
3,ETTh1,192,ipmutual_info,1001,NHITS,mape,0.1740729790261609
4,ETTh1,720,iprollcov,1251,GRU,smape,0.1740112819498905
3,ETTh1,192,iprollcorr,1251,MLP,mape,0.1739693227906374
3,ETTh1,192,prollcorr,1251,TSMixerx,mape,0.1738887095368653
3,ETTh1,192,prollcorr,751,TSMixerx,mape,0.1738211546001629
3,ETTh1,192,pentropy,1001,NHITS,mape,0.1737495992460266
3,ETTh1,192,pmutual_info,1501,MLP,mape,0.1737326893214876
3,ETTh1,192,iprollcorr,501,MLP,mape,0.1737056494339604
3,ETTh1,192,pentropy,501,LSTM,mape,0.1736677043976731
4,ETTh1,720,pentropy,751,LSTM,smape,0.1735908268922341
3,ETTh1,192,pmutual_info,1501,NBEATSx,mape,0.1735810722304342
3,ETTh1,192,prollcov,1251,TSMixerx,mape,0.1735777361208677
0,ETTh1,720,iprollcov,1001,BiTCN,mse,0.1735634045796103
3,ETTh1,192,identity,N/A,TFT,mape,0.1734951667609937
3,ETTh1,192,prollcov,501,TFT,mape,0.1734665102563539
3,ETTh1,192,ipmutual_info,1251,MLP,mape,0.1734631222160131
3,ETTh1,192,pentropy,1001,MLP,mape,0.173405797299889
4,ETTh1,720,prollcov,501,GRU,smape,0.1733807874470191
3,ETTh1,192,prollcorr,1251,LSTM,mape,0.1733712309498302
3,ETTh1,192,pmutual_info,751,MLP,mape,0.173344413623578
3,ETTh1,192,ipmutual_info,751,NBEATSx,mape,0.1733332252334537
4,ETTh1,720,prollcorr,751,LSTM,smape,0.1733301688277105
3,ETTh1,192,iprollcov,1501,MLP,mape,0.1732776826879225
3,ETTh1,192,ipentropy,751,MLP,mape,0.1732596238999518
3,ETTh1,192,ipentropy,751,TFT,mape,0.1732438793839186
3,ETTh1,192,prollcov,501,NHITS,mape,0.1732173601520625
3,ETTh1,192,iprollcov,751,NHITS,mape,0.1731948357443425
3,ETTh1,192,ipmutual_info,751,MLP,mape,0.173076928158563
3,ETTh1,192,ipmutual_info,1251,NBEATSx,mape,0.1730275455310602
3,ETTh1,192,pmutual_info,751,NBEATSx,mape,0.173009874624569
3,ETTh1,192,pmutual_info,1001,TFT,mape,0.1729990069863911
3,ETTh1,192,ipmutual_info,501,LSTM,mape,0.172948235815806
3,ETTh1,192,ipmutual_info,1501,MLP,mape,0.1729155120143048
3,ETTh1,192,ipmutual_info,1001,NBEATSx,mape,0.1728715542830935
3,ETTh1,192,pentropy,1501,LSTM,mape,0.172785278035843
3,ETTh1,192,prollcov,1251,NBEATSx,mape,0.1727250454599241
3,ETTh1,192,pentropy,1251,MLP,mape,0.1727175712225708
3,ETTh1,192,prollcov,1501,NBEATSx,mape,0.1726703290988026
3,ETTh1,192,prollcov,1501,LSTM,mape,0.1726615300641412
3,ETTh1,192,pfarm,1251,TFT,mape,0.1726593739080941
3,ETTh1,96,prollcov,1501,NBEATSx,mape,0.1726475201876162
3,ETTh1,192,iprollcorr,501,TSMixerx,mape,0.172623821468581
3,ETTh1,192,iprollcorr,1501,MLP,mape,0.1726197989972338
3,ETTh1,192,pfarm,1251,LSTM,mape,0.1726040236174385
3,ETTh1,192,prollcorr,501,NHITS,mape,0.1725084747577191
3,ETTh1,192,prollcov,751,TSMixerx,mape,0.172499743164187
3,ETTh1,192,iprollcorr,501,LSTM,mape,0.1724722085669737
3,ETTh1,192,ipentropy,751,LSTM,mape,0.1724710580676545
3,ETTh1,192,pentropy,1001,LSTM,mape,0.1724372275048226
3,ETTh1,192,identity,N/A,MLP,mape,0.172430416274242
3,ETTh1,192,prollcorr,1001,NHITS,mape,0.172321442874585
3,ETTh1,192,pmutual_info,1001,LSTM,mape,0.172304164924238
3,ETTh1,192,iprollcorr,1251,TFT,mape,0.1722882507584403
3,ETTh1,192,iprollcorr,1251,NBEATSx,mape,0.1722768379349502
3,ETTh1,192,pentropy,751,NBEATSx,mape,0.1722302028676358
3,ETTh1,192,iprollcorr,1251,LSTM,mape,0.1722279140616011
3,ETTh1,192,ipmutual_info,1001,MLP,mape,0.1720639328025995
3,ETTh1,192,iprollcorr,751,MLP,mape,0.1720396339961762
4,ETTh1,720,prollcov,1501,LSTM,smape,0.1720332314790021
3,ETTh1,192,pfarm,751,NBEATSx,mape,0.1719680683895111
3,ETTh1,192,prollcov,1001,MLP,mape,0.1719482526818829
3,ETTh1,192,pmutual_info,1251,TFT,mape,0.1719143207888776
3,ETTh1,192,pentropy,501,NBEATSx,mape,0.1718972988602042
3,ETTh1,192,pentropy,501,MLP,mape,0.1718713856607165
3,ETTh1,192,iprollcorr,751,NBEATSx,mape,0.1718518163814203
3,ETTh1,192,ipmutual_info,501,TFT,mape,0.1717378133597301
3,ETTh1,192,iprollcorr,501,NBEATSx,mape,0.1716945465976374
3,ETTh1,192,prollcorr,751,MLP,mape,0.171678648655206
3,ETTh1,192,pentropy,1001,NBEATSx,mape,0.1716690036848455
3,ETTh1,96,prollcorr,1251,NBEATSx,mape,0.1716465355608754
3,ETTh1,192,prollcov,751,NBEATSx,mape,0.1715999875256642
3,ETTh1,192,pmutual_info,1001,MLP,mape,0.1714531028920403
3,ETTh1,192,prollcorr,1251,MLP,mape,0.1714498426811015
3,ETTh1,192,ipentropy,1501,LSTM,mape,0.1713779447237158
3,ETTh1,192,prollcov,1501,MLP,mape,0.1713670816275657
3,ETTh1,192,ipmutual_info,751,LSTM,mape,0.1713038418706058
3,ETTh1,192,iprollcov,501,TSMixerx,mape,0.171286420810008
3,ETTh1,96,pfarm,501,NBEATSx,mape,0.171270456032225
3,ETTh1,192,ipentropy,1251,TFT,mape,0.1712624033662756
3,ETTh1,192,prollcorr,751,TFT,mape,0.1712312434113922
3,ETTh1,192,iprollcov,1501,TSMixerx,mape,0.1710692907117006
3,ETTh1,192,pentropy,1501,TFT,mape,0.1710125852772857
3,ETTh1,192,prollcorr,501,TSMixerx,mape,0.1709493695554625
3,ETTh1,192,iprollcov,751,MLP,mape,0.1709392302848922
3,ETTh1,192,prollcov,1001,LSTM,mape,0.1708907843361796
3,ETTh1,192,pmutual_info,501,TFT,mape,0.17088781680236
3,ETTh1,192,pentropy,751,NHITS,mape,0.1708768786820986
3,ETTh1,192,prollcov,501,MLP,mape,0.1708285413253991
3,ETTh1,192,ipmutual_info,501,TSMixerx,mape,0.1708259463117384
3,ETTh1,192,iprollcov,1001,MLP,mape,0.1707947219639026
3,ETTh1,192,pmutual_info,1251,NBEATSx,mape,0.1707334161585833
3,ETTh1,192,prollcorr,1501,MLP,mape,0.1707301181391243
3,ETTh1,192,pfarm,751,MLP,mape,0.1706800056276045
3,ETTh1,192,iprollcorr,1501,TSMixerx,mape,0.1706382998799938
3,ETTh1,96,prollcorr,501,NBEATSx,mape,0.1704315749394692
3,ETTh1,192,pentropy,751,TSMixerx,mape,0.1703970602703607
3,ETTh1,192,ipmutual_info,751,TFT,mape,0.1703508322529042
3,ETTh1,192,pfarm,1251,MLP,mape,0.1703455744170805
3,ETTh1,192,pmutual_info,501,MLP,mape,0.1702873918341404
3,ETTh1,192,iprollcov,1501,DeepNPTS,mape,0.1701701126738667
3,ETTh1,192,pfarm,1501,DeepNPTS,mape,0.1701475077647289
3,ETTh1,192,prollcov,1251,LSTM,mape,0.1701110001243188
3,ETTh1,192,pmutual_info,501,DeepNPTS,mape,0.1700226534186371
3,ETTh1,192,pfarm,1001,DeepNPTS,mape,0.1700134463005772
3,ETTh1,192,pentropy,501,NHITS,mape,0.1699969863303612
3,ETTh1,192,iprollcov,501,TFT,mape,0.1699243787224852
3,ETTh1,192,prollcov,1001,TSMixerx,mape,0.1699239235770571
3,ETTh1,96,pentropy,1251,NBEATSx,mape,0.1698915246560208
3,ETTh1,192,iprollcov,1251,MLP,mape,0.1698845897035614
3,ETTh1,192,ipmutual_info,1501,TSMixerx,mape,0.1698780044654463
3,ETTh1,192,prollcorr,501,MLP,mape,0.1698742110621601
3,ETTh1,192,pentropy,1251,TSMixerx,mape,0.1698648916456429
3,ETTh1,192,pfarm,501,TSMixerx,mape,0.1697772709331548
3,ETTh1,192,prollcov,1501,TFT,mape,0.1697601598634249
3,ETTh1,192,prollcorr,1001,TSMixerx,mape,0.1697509799564471
3,ETTh1,192,prollcov,751,MLP,mape,0.1697412658657687
3,ETTh1,192,prollcorr,1001,DeepNPTS,mape,0.169728505563758
3,ETTh1,192,ipentropy,501,MLP,mape,0.169719573191122
3,ETTh1,192,prollcov,1251,MLP,mape,0.16969459658803
3,ETTh1,192,ipmutual_info,1251,LSTM,mape,0.1696324753146338
3,ETTh1,192,iprollcov,1001,TSMixerx,mape,0.1696286770530561
3,ETTh1,192,iprollcorr,1001,TSMixerx,mape,0.1695958624479031
3,ETTh1,192,pmutual_info,1001,DeepNPTS,mape,0.1695956065688283
3,ETTh1,192,pentropy,1251,DeepNPTS,mape,0.1695622510224227
4,ETTh1,720,iprollcov,1251,LSTM,smape,0.1695406613724195
3,ETTh1,96,prollcov,1251,NBEATSx,mape,0.1695368164906753
3,ETTh1,192,ipmutual_info,1001,TSMixerx,mape,0.1694941588332917
3,ETTh1,192,iprollcorr,1001,MLP,mape,0.1694155865212827
3,ETTh1,96,pfarm,751,LSTM,mape,0.169366426257114
4,ETTh1,720,prollcov,751,LSTM,smape,0.169348838285695
3,ETTh1,192,ipentropy,1251,MLP,mape,0.1693048777732673
3,ETTh1,192,pentropy,501,DeepNPTS,mape,0.1692709122409784
3,ETTh1,192,iprollcorr,1501,DeepNPTS,mape,0.1692568494102454
3,ETTh1,192,pfarm,1501,TSMixerx,mape,0.169255970003273
3,ETTh1,192,prollcov,1501,TSMixerx,mape,0.1692321356985024
3,ETTh1,192,prollcorr,501,DeepNPTS,mape,0.1691972950822286
3,ETTh1,192,pfarm,1501,MLP,mape,0.1691868691466784
3,ETTh1,192,prollcov,751,DeepNPTS,mape,0.1691626853847807
3,ETTh1,96,iprollcorr,501,NHITS,mape,0.1691514691279707
3,ETTh1,192,pfarm,751,TSMixerx,mape,0.1691477188610369
3,ETTh1,192,iprollcov,501,MLP,mape,0.169143826664149
0,ETTh1,720,pfarm,1251,BiTCN,mse,0.1691197257892361
3,ETTh1,192,iprollcov,1251,TSMixerx,mape,0.1691177998309291
3,ETTh1,192,pfarm,751,LSTM,mape,0.1690855177162125
3,ETTh1,192,ipentropy,1251,TSMixerx,mape,0.1690816624968275
3,ETTh1,192,ipentropy,1251,DeepNPTS,mape,0.1690289955145849
3,ETTh1,192,pentropy,1001,TSMixerx,mape,0.1690005095684124
3,ETTh1,192,ipmutual_info,1001,DeepNPTS,mape,0.16899871365943
3,ETTh1,192,iprollcorr,1251,DeepNPTS,mape,0.1689368171575642
3,ETTh1,192,pentropy,1501,MLP,mape,0.1688953162553475
3,ETTh1,192,prollcorr,1001,MLP,mape,0.1688813629024405
3,ETTh1,192,ipmutual_info,1251,DeepNPTS,mape,0.1688183119820162
3,ETTh1,96,ipentropy,501,NBEATSx,mape,0.1688157581396486
3,ETTh1,192,identity,N/A,TSMixerx,mape,0.168802589040526
3,ETTh1,192,prollcorr,751,DeepNPTS,mape,0.1687936151754248
3,ETTh1,192,ipentropy,501,TSMixerx,mape,0.1687669140756661
3,ETTh1,192,ipentropy,1001,TSMixerx,mape,0.1687656972780298
3,ETTh1,192,ipmutual_info,751,TSMixerx,mape,0.1687023252869679
3,ETTh1,192,iprollcov,751,TSMixerx,mape,0.1686961104466144
3,ETTh1,192,ipmutual_info,1251,TSMixerx,mape,0.1686896769221988
3,ETTh1,192,iprollcorr,501,DeepNPTS,mape,0.1686879172049399
3,ETTh1,192,prollcorr,1501,TSMixerx,mape,0.1686046141514325
4,ETTh1,720,ipentropy,1001,LSTM,smape,0.1685859817370304
3,ETTh1,192,pmutual_info,501,BiTCN,mape,0.1685617329843321
3,ETTh1,96,iprollcov,501,NBEATSx,mape,0.168558265153752
3,ETTh1,192,pfarm,1251,TSMixerx,mape,0.1685231758278161
3,ETTh1,192,pentropy,751,BiTCN,mape,0.1685172276959717
3,ETTh1,192,ipentropy,751,TSMixerx,mape,0.1684922236079236
3,ETTh1,192,iprollcorr,1251,TSMixerx,mape,0.1684835907233967
4,ETTh1,720,pentropy,1251,LSTM,smape,0.1683960418482104
3,ETTh1,192,identity,N/A,DeepNPTS,mape,0.1683946913546058
4,ETTh1,720,iprollcorr,751,GRU,smape,0.1683352698479729
3,ETTh1,192,pentropy,501,BiTCN,mape,0.1683076762422341
3,ETTh1,192,iprollcorr,751,TSMixerx,mape,0.1682709748278627
3,ETTh1,192,pfarm,1001,TSMixerx,mape,0.1682631031419807
3,ETTh1,192,pentropy,1001,BiTCN,mape,0.1681903899767511
3,ETTh1,192,iprollcorr,501,BiTCN,mape,0.1681372277556103
3,ETTh1,192,iprollcorr,1501,BiTCN,mape,0.1680733211676513
3,ETTh1,192,ipmutual_info,1501,BiTCN,mape,0.1680721672873912
3,ETTh1,192,ipmutual_info,1251,BiTCN,mape,0.1680480791720476
3,ETTh1,192,pentropy,1501,BiTCN,mape,0.1680471991147019
3,ETTh1,192,ipmutual_info,1001,BiTCN,mape,0.1680399382420778
3,ETTh1,192,ipmutual_info,501,BiTCN,mape,0.1680274431887358
3,ETTh1,192,iprollcorr,1251,BiTCN,mape,0.1680242241758712
3,ETTh1,192,iprollcov,1501,BiTCN,mape,0.1680231690746046
3,ETTh1,192,pentropy,1251,BiTCN,mape,0.168019483319145
3,ETTh1,96,prollcov,751,NBEATSx,mape,0.1680152068600864
3,ETTh1,192,iprollcorr,751,BiTCN,mape,0.1680056675815566
3,ETTh1,192,iprollcov,1001,BiTCN,mape,0.1680043023977845
3,ETTh1,192,iprollcov,1251,BiTCN,mape,0.1679938444357895
3,ETTh1,192,prollcov,1251,DeepNPTS,mape,0.1679715364150112
3,ETTh1,192,ipentropy,1251,BiTCN,mape,0.16796830483119
3,ETTh1,192,prollcorr,1501,BiTCN,mape,0.1679486944160275
3,ETTh1,192,pmutual_info,751,NHITS,mape,0.167944044255466
3,ETTh1,192,pfarm,751,BiTCN,mape,0.1679383178624878
3,ETTh1,192,pentropy,751,MLP,mape,0.1679323532905323
3,ETTh1,192,iprollcov,501,BiTCN,mape,0.1679175075857522
3,ETTh1,192,prollcov,501,BiTCN,mape,0.1679152544698962
3,ETTh1,192,ipmutual_info,751,BiTCN,mape,0.1679142191552483
3,ETTh1,192,prollcorr,1251,BiTCN,mape,0.1679111596455176
3,ETTh1,192,iprollcorr,1001,BiTCN,mape,0.1679013782117291
3,ETTh1,192,iprollcov,751,BiTCN,mape,0.1678904830015879
3,ETTh1,192,prollcov,1501,BiTCN,mape,0.1678866305078048
3,ETTh1,192,pfarm,1001,BiTCN,mape,0.1678777329262216
3,ETTh1,192,ipentropy,1001,BiTCN,mape,0.1678632492105002
0,ETTh1,720,prollcov,751,BiTCN,mse,0.1678474267758795
3,ETTh1,192,ipentropy,751,BiTCN,mape,0.1678259789896787
3,ETTh1,192,ipentropy,1501,BiTCN,mape,0.1678084944975315
3,ETTh1,192,pentropy,1501,TSMixerx,mape,0.1678027201539098
3,ETTh1,192,pfarm,1501,BiTCN,mape,0.1677765848780967
3,ETTh1,192,pfarm,1251,BiTCN,mape,0.1677544666070399
3,ETTh1,192,prollcorr,1001,BiTCN,mape,0.1677531142857999
3,ETTh1,192,identity,N/A,BiTCN,mape,0.1677253124218907
4,ETTh1,720,prollcorr,1001,LSTM,smape,0.1677022197357542
3,ETTh1,192,prollcov,751,BiTCN,mape,0.1676938907992699
3,ETTh1,192,prollcov,1001,BiTCN,mape,0.1676855553334625
3,ETTh1,192,ipentropy,1501,TSMixerx,mape,0.1676850973442459
3,ETTh1,192,prollcorr,501,BiTCN,mape,0.1676839458184207
3,ETTh1,192,prollcov,1251,BiTCN,mape,0.167657681025852
3,ETTh1,192,pmutual_info,1501,BiTCN,mape,0.1676418443619842
3,ETTh1,192,iprollcorr,751,DeepNPTS,mape,0.1676133253842349
3,ETTh1,192,prollcorr,751,BiTCN,mape,0.1675775319467595
3,ETTh1,192,ipentropy,501,BiTCN,mape,0.1675503945466383
3,ETTh1,96,iprollcorr,1251,NHITS,mape,0.1675473011029386
3,ETTh1,192,pfarm,501,BiTCN,mape,0.1675185762740962
3,ETTh1,192,pmutual_info,751,BiTCN,mape,0.1675065242064751
3,ETTh1,192,ipentropy,1001,DeepNPTS,mape,0.1674872998589603
0,ETTh1,720,pentropy,501,NHITS,mse,0.1674254279759412
4,ETTh1,720,ipmutual_info,1501,GRU,smape,0.1674217266826906
3,ETTh1,192,pmutual_info,1251,DeepNPTS,mape,0.1673670078442984
3,ETTh1,192,pmutual_info,1001,BiTCN,mape,0.1673463925779181
3,ETTh1,192,pmutual_info,1251,BiTCN,mape,0.1672808134636808
3,ETTh1,192,pmutual_info,501,NHITS,mape,0.1672799317269237
3,ETTh1,96,ipmutual_info,1251,NBEATSx,mape,0.1672326351202292
3,ETTh1,192,ipentropy,1501,DeepNPTS,mape,0.1672213184573036
3,ETTh1,96,ipentropy,1501,NBEATSx,mape,0.1671612961283651
3,ETTh1,192,iprollcorr,1001,DeepNPTS,mape,0.1671126812032334
3,ETTh1,192,prollcov,1001,DeepNPTS,mape,0.1671080237999475
3,ETTh1,192,prollcorr,1501,DeepNPTS,mape,0.1670014701329739
3,ETTh1,192,pmutual_info,751,DeepNPTS,mape,0.1669966617133407
0,ETTh1,720,ipentropy,1251,BiTCN,mse,0.1669885313821428
3,ETTh1,192,iprollcov,1251,DeepNPTS,mape,0.1668919634697841
3,ETTh1,96,prollcov,1501,TCN,mape,0.1667403177304251
0,ETTh1,720,pmutual_info,751,BiTCN,mse,0.1666455390213548
3,ETTh1,192,ipentropy,501,DeepNPTS,mape,0.1666052137481492
3,ETTh1,192,pmutual_info,501,TiDE,mape,0.1665970238882665
3,ETTh1,192,pmutual_info,751,TiDE,mape,0.1665970238882665
3,ETTh1,192,iprollcov,751,TiDE,mape,0.1665970238882665
3,ETTh1,192,ipmutual_info,1501,TiDE,mape,0.1665970238882665
3,ETTh1,192,iprollcov,501,TiDE,mape,0.1665970238882665
3,ETTh1,192,pentropy,1501,TiDE,mape,0.1665970238882665
3,ETTh1,192,prollcorr,1501,TiDE,mape,0.1665970238882665
3,ETTh1,192,prollcorr,1001,TiDE,mape,0.1665970238882665
3,ETTh1,192,iprollcorr,1501,TiDE,mape,0.1665970238882665
3,ETTh1,192,iprollcorr,1001,TiDE,mape,0.1665970238882665
3,ETTh1,192,iprollcorr,501,TiDE,mape,0.1665970238882665
3,ETTh1,192,prollcov,1001,TiDE,mape,0.1665970238882665
3,ETTh1,192,pfarm,1501,TiDE,mape,0.1665970238882665
3,ETTh1,192,prollcorr,501,TiDE,mape,0.1665970238882665
3,ETTh1,192,ipentropy,1001,TiDE,mape,0.1665970238882665
3,ETTh1,192,prollcov,1251,TiDE,mape,0.1665970238882665
3,ETTh1,192,iprollcov,1251,TiDE,mape,0.1665970238882665
3,ETTh1,192,ipmutual_info,1251,TiDE,mape,0.1665970238882665
3,ETTh1,192,iprollcov,1001,TiDE,mape,0.1665970238882665
3,ETTh1,192,pmutual_info,1501,TiDE,mape,0.1665970238882665
3,ETTh1,192,pentropy,1251,TiDE,mape,0.1665970238882665
3,ETTh1,192,ipentropy,501,TiDE,mape,0.1665970238882665
3,ETTh1,192,pentropy,751,TiDE,mape,0.1665970238882665
3,ETTh1,192,iprollcorr,751,TiDE,mape,0.1665970238882665
3,ETTh1,192,prollcov,1501,TiDE,mape,0.1665970238882665
3,ETTh1,192,pentropy,501,TiDE,mape,0.1665970238882665
3,ETTh1,192,iprollcorr,1251,TiDE,mape,0.1665970238882665
3,ETTh1,192,pentropy,1001,TiDE,mape,0.1665970238882665
3,ETTh1,192,pfarm,751,TiDE,mape,0.1665970238882665
3,ETTh1,192,iprollcov,1501,TiDE,mape,0.1665970238882665
3,ETTh1,192,pfarm,1001,TiDE,mape,0.1665970238882665
3,ETTh1,192,pfarm,501,TiDE,mape,0.1665970238882665
3,ETTh1,192,ipmutual_info,751,TiDE,mape,0.1665970238882665
3,ETTh1,192,ipmutual_info,1001,TiDE,mape,0.1665970238882665
3,ETTh1,192,ipmutual_info,501,TiDE,mape,0.1665970238882665
3,ETTh1,192,ipentropy,1251,TiDE,mape,0.1665970238882665
3,ETTh1,192,ipentropy,1501,TiDE,mape,0.1665970238882665
3,ETTh1,192,pmutual_info,1001,TiDE,mape,0.1665970238882665
3,ETTh1,192,pmutual_info,1251,TiDE,mape,0.1665970238882665
3,ETTh1,192,ipentropy,751,TiDE,mape,0.1665970238882665
3,ETTh1,192,prollcov,501,TiDE,mape,0.1665970238882665
3,ETTh1,192,pfarm,1251,TiDE,mape,0.1665970238882665
3,ETTh1,192,identity,N/A,TiDE,mape,0.1665970238882665
3,ETTh1,192,prollcorr,1251,TiDE,mape,0.1665970238882665
3,ETTh1,192,prollcorr,751,TiDE,mape,0.1665970238882665
3,ETTh1,192,prollcov,751,TiDE,mape,0.1665970238882665
3,ETTh1,192,pfarm,1251,DeepNPTS,mape,0.1664871561380087
3,ETTh1,192,pentropy,1001,DeepNPTS,mape,0.1663556127967271
4,ETTh1,720,pentropy,1501,GRU,smape,0.1663523113440552
3,ETTh1,192,iprollcov,1001,DeepNPTS,mape,0.1663349347547419
3,ETTh1,192,ipmutual_info,751,DeepNPTS,mape,0.1662655318269244
3,ETTh1,96,iprollcov,751,LSTM,mape,0.1661118386626553
3,ETTh1,192,pentropy,751,DeepNPTS,mape,0.1659632157510025
3,ETTh1,192,pmutual_info,1501,DeepNPTS,mape,0.1658620410045045
3,ETTh1,192,ipentropy,751,DeepNPTS,mape,0.1658003784420104
3,ETTh1,192,ipmutual_info,1501,DeepNPTS,mape,0.1657838050283264
4,ETTh1,720,prollcorr,1251,LSTM,smape,0.1657697236640755
0,ETTh1,720,iprollcorr,1501,NBEATSx,mse,0.1657542887075724
4,ETTh1,720,ipentropy,1251,GRU,smape,0.1657389371329158
3,ETTh1,192,iprollcov,751,DeepNPTS,mape,0.1657384337966055
4,ETTh1,720,ipmutual_info,501,LSTM,smape,0.1657104795058672
3,ETTh1,192,ipmutual_info,501,DeepNPTS,mape,0.1656014722689389
3,ETTh1,192,prollcov,1501,DeepNPTS,mape,0.165580358156809
3,ETTh1,192,pfarm,501,DeepNPTS,mape,0.1654898258909479
3,ETTh1,192,pentropy,1501,DeepNPTS,mape,0.165481437108116
3,ETTh1,192,pfarm,751,DeepNPTS,mape,0.1653303837683764
3,ETTh1,96,prollcorr,751,NBEATSx,mape,0.1652909306585955
3,ETTh1,192,prollcorr,1251,DeepNPTS,mape,0.165274729939806
3,ETTh1,192,prollcov,501,DeepNPTS,mape,0.1650197807266307
3,ETTh1,96,ipmutual_info,1001,NBEATSx,mape,0.1649193182637701
4,ETTh1,720,prollcorr,751,GRU,smape,0.1648475475185867
3,ETTh1,192,iprollcov,501,DeepNPTS,mape,0.164780685244414
3,ETTh1,96,prollcov,1001,NBEATSx,mape,0.1647179836390223
0,ETTh1,720,pfarm,1501,BiTCN,mse,0.1647024922709491
3,ETTh1,96,ipmutual_info,751,NBEATSx,mape,0.1646231777646695
3,ETTh1,96,prollcorr,501,LSTM,mape,0.1645631439985647
3,ETTh1,96,prollcorr,751,NHITS,mape,0.1645491649644885
3,ETTh1,96,ipmutual_info,751,LSTM,mape,0.1645341068138034
3,ETTh1,96,iprollcorr,1501,LSTM,mape,0.1644958494241502
4,ETTh1,720,iprollcov,751,LSTM,smape,0.1644372761612905
3,ETTh1,96,pmutual_info,751,NBEATSx,mape,0.1643945518975016
3,ETTh1,96,iprollcorr,501,NBEATSx,mape,0.1643704797016581
0,ETTh1,720,pmutual_info,1501,BiTCN,mse,0.1643654676800347
3,ETTh1,96,pfarm,501,LSTM,mape,0.1642910877978986
3,ETTh1,96,pfarm,1251,NBEATSx,mape,0.1642751650218097
3,ETTh1,96,pmutual_info,501,LSTM,mape,0.1640494190593574
3,ETTh1,96,ipmutual_info,501,NHITS,mape,0.1640482760679367
3,ETTh1,96,ipentropy,1001,LSTM,mape,0.163995572816421
3,ETTh1,96,ipmutual_info,1501,NBEATSx,mape,0.1638470815558188
3,ETTh1,96,prollcorr,501,GRU,mape,0.1638037551190425
3,ETTh1,96,pentropy,501,LSTM,mape,0.1637761903911037
3,ETTh1,96,prollcorr,1251,LSTM,mape,0.1637160901032312
3,ETTh1,96,pfarm,751,NBEATSx,mape,0.1636353066477845
0,ETTh1,720,prollcorr,501,NHITS,mse,0.1636291220501309
3,ETTh1,96,pfarm,501,NHITS,mape,0.1635784042537277
3,ETTh1,96,iprollcorr,501,LSTM,mape,0.1635514138444672
3,ETTh1,96,ipentropy,751,TCN,mape,0.1635081319645668
0,ETTh1,720,pentropy,751,NHITS,mse,0.163507140939817
3,ETTh1,96,iprollcorr,751,LSTM,mape,0.1634755871104004
4,ETTh1,720,pmutual_info,1501,GRU,smape,0.163460108094082
3,ETTh1,96,pentropy,1501,LSTM,mape,0.1634590440415496
3,ETTh1,96,pmutual_info,1001,GRU,mape,0.1634324251725001
3,ETTh1,96,pentropy,501,GRU,mape,0.1632497459260713
3,ETTh1,96,ipentropy,1501,LSTM,mape,0.1632348165842413
3,ETTh1,96,prollcorr,1001,LSTM,mape,0.1632270582039775
4,ETTh1,720,prollcorr,501,LSTM,smape,0.1631855750399641
3,ETTh1,96,iprollcov,1001,LSTM,mape,0.1631430560889631
3,ETTh1,96,ipmutual_info,1501,GRU,mape,0.1631222532747047
4,ETTh1,720,prollcorr,1001,GRU,smape,0.1630303869938232
3,ETTh1,96,ipmutual_info,1251,GRU,mape,0.163000098853304
4,ETTh1,720,ipentropy,501,GRU,smape,0.1629776575166315
3,ETTh1,96,ipentropy,751,GRU,mape,0.1629461120065768
3,ETTh1,96,pentropy,751,NHITS,mape,0.16293310024799
3,ETTh1,96,pmutual_info,1001,LSTM,mape,0.1629302530112809
4,ETTh1,720,ipmutual_info,1501,LSTM,smape,0.1629292552079116
3,ETTh1,96,prollcorr,1501,GRU,mape,0.1628954715848258
3,ETTh1,96,pentropy,1501,GRU,mape,0.1628789611139138
3,ETTh1,96,prollcorr,751,GRU,mape,0.1628476812862861
3,ETTh1,96,iprollcov,501,GRU,mape,0.1628459307913494
3,ETTh1,96,iprollcov,1001,NBEATSx,mape,0.16283312260492
3,ETTh1,96,prollcov,1251,GRU,mape,0.1627787568510102
3,ETTh1,96,prollcorr,1501,NBEATSx,mape,0.1627529024306257
3,ETTh1,96,prollcorr,1001,GRU,mape,0.1627344824260207
3,ETTh1,96,iprollcov,1001,GRU,mape,0.1627178160014736
3,ETTh1,96,ipmutual_info,1001,GRU,mape,0.16268787680091
3,ETTh1,96,ipmutual_info,501,GRU,mape,0.1626827847181636
3,ETTh1,96,iprollcorr,751,GRU,mape,0.1626816410580692
3,ETTh1,96,iprollcov,1251,GRU,mape,0.162672029728528
3,ETTh1,96,iprollcorr,1251,GRU,mape,0.1626564769802488
3,ETTh1,96,prollcov,1501,GRU,mape,0.1626501319463819
3,ETTh1,96,prollcorr,1251,GRU,mape,0.1626147399556272
3,ETTh1,96,iprollcorr,1251,NBEATSx,mape,0.1626086267084686
3,ETTh1,96,ipentropy,1251,GRU,mape,0.1625902473895996
3,ETTh1,96,iprollcov,751,GRU,mape,0.1625710347637604
3,ETTh1,96,ipentropy,751,LSTM,mape,0.1625704924318181
3,ETTh1,96,ipentropy,501,GRU,mape,0.162568937736158
3,ETTh1,96,iprollcov,501,LSTM,mape,0.1625488219821952
3,ETTh1,96,identity,N/A,GRU,mape,0.162502602048743
3,ETTh1,96,prollcov,1001,GRU,mape,0.1624993845890039
3,ETTh1,96,pfarm,1501,NHITS,mape,0.162468805828056
3,ETTh1,96,ipentropy,1501,GRU,mape,0.162448703177049
3,ETTh1,96,ipmutual_info,751,GRU,mape,0.1624394145287918
3,ETTh1,96,iprollcorr,1001,GRU,mape,0.1624375714938773
3,ETTh1,96,prollcov,501,NBEATSx,mape,0.1624170337375564
3,ETTh1,96,ipmutual_info,1251,LSTM,mape,0.1624088988022861
3,ETTh1,96,iprollcorr,1501,GRU,mape,0.1624024034616106
3,ETTh1,96,pfarm,751,GRU,mape,0.1623607588028792
3,ETTh1,96,ipentropy,1001,GRU,mape,0.1623517479211132
3,ETTh1,96,pfarm,1501,GRU,mape,0.1623496082228458
3,ETTh1,96,pfarm,1251,GRU,mape,0.1623235949838471
3,ETTh1,96,pmutual_info,1251,GRU,mape,0.1622841090067589
3,ETTh1,96,ipentropy,1251,LSTM,mape,0.1622738639535974
3,ETTh1,96,pfarm,1001,GRU,mape,0.1622331887443766
0,ETTh1,720,iprollcov,1501,NBEATSx,mse,0.162225743427139
3,ETTh1,96,prollcov,501,TCN,mape,0.1622169000904686
3,ETTh1,96,ipmutual_info,1001,TCN,mape,0.1622031777555894
3,ETTh1,96,pentropy,1251,TCN,mape,0.1621905861225424
3,ETTh1,96,prollcorr,1001,TCN,mape,0.1621848746373753
3,ETTh1,96,prollcov,1001,TCN,mape,0.1621731850577019
3,ETTh1,96,pfarm,1501,TCN,mape,0.1621627433125041
3,ETTh1,96,pmutual_info,1001,TCN,mape,0.1621607839585256
3,ETTh1,96,iprollcov,751,TCN,mape,0.1621601384721937
3,ETTh1,96,iprollcorr,751,TCN,mape,0.1621579733695261
3,ETTh1,96,prollcorr,501,TCN,mape,0.1621576051818943
3,ETTh1,96,pmutual_info,1501,TCN,mape,0.162155319245044
3,ETTh1,96,pfarm,751,TCN,mape,0.1621520660090118
3,ETTh1,96,iprollcov,501,TCN,mape,0.1621433610558045
3,ETTh1,96,ipentropy,1001,TCN,mape,0.162140930538903
3,ETTh1,96,iprollcorr,1501,TCN,mape,0.1621396828523056
3,ETTh1,96,iprollcov,1001,TCN,mape,0.1621365305811388
3,ETTh1,96,iprollcov,1501,TCN,mape,0.1621345029782743
3,ETTh1,96,iprollcorr,501,TCN,mape,0.1621334022292276
3,ETTh1,96,pfarm,501,TCN,mape,0.1621316533470378
3,ETTh1,96,iprollcorr,1251,TCN,mape,0.1621311825788209
3,ETTh1,96,pentropy,1501,TCN,mape,0.1621298178753645
3,ETTh1,96,pfarm,1251,TCN,mape,0.1621295909444994
3,ETTh1,96,iprollcorr,1001,TCN,mape,0.1621291230108505
3,ETTh1,96,ipmutual_info,751,TCN,mape,0.1621251447000481
3,ETTh1,96,iprollcov,1251,TCN,mape,0.1621245935315594
3,ETTh1,96,pentropy,1001,TCN,mape,0.1621194609856317
3,ETTh1,96,ipmutual_info,501,TCN,mape,0.1621146937328221
3,ETTh1,96,pfarm,501,GRU,mape,0.1620887546533752
3,ETTh1,96,prollcorr,1501,LSTM,mape,0.1620080936212214
3,ETTh1,96,iprollcov,1501,NBEATSx,mape,0.1618971325158149
3,ETTh1,96,ipentropy,501,LSTM,mape,0.1618880650904735
3,ETTh1,96,pmutual_info,501,GRU,mape,0.1618677726969023
3,ETTh1,96,prollcov,1501,LSTM,mape,0.1618274705436434
3,ETTh1,96,prollcov,1001,LSTM,mape,0.161756547391548
3,ETTh1,96,ipmutual_info,1501,LSTM,mape,0.1617240103852979
3,ETTh1,96,prollcov,1251,LSTM,mape,0.1616468104510176
4,ETTh1,720,pfarm,1001,LSTM,smape,0.1616250745381721
3,ETTh1,96,pfarm,1001,LSTM,mape,0.1615716930485813
3,ETTh1,96,prollcorr,751,LSTM,mape,0.1615043585260159
3,ETTh1,96,prollcov,1501,NHITS,mape,0.1614576940183917
3,ETTh1,96,pentropy,1001,LSTM,mape,0.1614248287274573
3,ETTh1,96,ipmutual_info,1001,LSTM,mape,0.1614187447742634
3,ETTh1,96,prollcov,751,LSTM,mape,0.1612816975554674
3,ETTh1,96,iprollcorr,751,NBEATSx,mape,0.1612785775964909
3,ETTh1,96,prollcov,501,LSTM,mape,0.1612455979745344
3,ETTh1,96,prollcorr,1501,NHITS,mape,0.161226166514334
3,ETTh1,96,pmutual_info,501,NHITS,mape,0.1611468877638351
3,ETTh1,96,pentropy,1251,LSTM,mape,0.1611388790108642
3,ETTh1,96,pmutual_info,1251,NBEATSx,mape,0.1611120091238551
3,ETTh1,96,iprollcorr,1501,NBEATSx,mape,0.1610976846867742
3,ETTh1,96,pentropy,501,NHITS,mape,0.1610340923315789
3,ETTh1,96,iprollcov,1251,NBEATSx,mape,0.1610065421087947
3,ETTh1,96,pmutual_info,751,TCN,mape,0.1609670619247403
0,ETTh1,720,iprollcov,1251,BiTCN,mse,0.1609433052048993
3,ETTh1,96,pentropy,1001,GRU,mape,0.1609101316331013
3,ETTh1,96,iprollcorr,501,GRU,mape,0.1608403207083051
3,ETTh1,96,prollcorr,1001,NBEATSx,mape,0.1608353623283436
3,ETTh1,96,pfarm,1251,LSTM,mape,0.1608087613660037
3,ETTh1,96,ipentropy,751,NBEATSx,mape,0.1607427255753986
3,ETTh1,96,pentropy,1251,GRU,mape,0.1607420862099967
4,ETTh1,720,ipmutual_info,1001,GRU,smape,0.1607255975424241
3,ETTh1,96,pentropy,751,GRU,mape,0.1606511395741432
3,ETTh1,96,pmutual_info,751,LSTM,mape,0.160557343215382
3,ETTh1,96,prollcov,501,GRU,mape,0.160519505035611
3,ETTh1,96,pentropy,751,LSTM,mape,0.1603936835736198
3,ETTh1,96,iprollcov,751,NBEATSx,mape,0.1602933830825431
3,ETTh1,96,ipmutual_info,751,NHITS,mape,0.1602785046488485
3,ETTh1,96,iprollcorr,1001,LSTM,mape,0.1602015361642534
3,ETTh1,96,pmutual_info,1501,GRU,mape,0.160144331601168
3,ETTh1,96,ipmutual_info,501,LSTM,mape,0.1601386275154662
3,ETTh1,96,iprollcorr,1251,LSTM,mape,0.1601263024523841
3,ETTh1,96,ipentropy,1251,NBEATSx,mape,0.16009616833222
3,ETTh1,96,pfarm,1501,LSTM,mape,0.1600584324846758
4,ETTh1,720,pentropy,1501,LSTM,smape,0.1599668691644057
3,ETTh1,96,pfarm,1001,NBEATSx,mape,0.1599096953109645
3,ETTh1,96,iprollcov,1251,LSTM,mape,0.1598975153999294
3,ETTh1,96,iprollcov,1501,LSTM,mape,0.1598956904126849
3,ETTh1,96,identity,N/A,LSTM,mape,0.1598734539911093
3,ETTh1,96,iprollcov,501,NHITS,mape,0.1596015069366985
3,ETTh1,96,ipmutual_info,1251,TCN,mape,0.159589066902169
3,ETTh1,96,prollcov,1001,NHITS,mape,0.1593792764995189
3,ETTh1,96,pmutual_info,1501,LSTM,mape,0.1593563925304208
3,ETTh1,96,pmutual_info,501,TSMixerx,mape,0.1593050991868977
3,ETTh1,96,pmutual_info,1251,LSTM,mape,0.159298198297507
3,ETTh1,96,iprollcov,1251,NHITS,mape,0.1592389210188999
3,ETTh1,96,pmutual_info,501,NBEATSx,mape,0.1592024451277112
0,ETTh1,720,iprollcov,751,BiTCN,mse,0.1591810165679752
3,ETTh1,96,iprollcov,1501,GRU,mape,0.1591734853062569
3,ETTh1,96,prollcov,751,GRU,mape,0.1591480121492456
3,ETTh1,96,pentropy,1251,NHITS,mape,0.1590631162341792
0,ETTh1,720,ipmutual_info,1001,BiTCN,mse,0.1590508883409975
0,ETTh1,720,prollcorr,751,NHITS,mse,0.1590027065483188
3,ETTh1,96,pmutual_info,751,GRU,mape,0.1589883601499035
4,ETTh1,720,pentropy,501,LSTM,smape,0.1588699898018835
3,ETTh1,96,ipentropy,751,NHITS,mape,0.1587661296751536
3,ETTh1,96,pentropy,1501,NHITS,mape,0.1586127161497039
0,ETTh1,720,prollcov,501,NHITS,mse,0.1585408993521666
3,ETTh1,96,ipentropy,1501,NHITS,mape,0.1583506232851649
3,ETTh1,96,pmutual_info,1001,NHITS,mape,0.1581511297172874
4,ETTh1,720,pmutual_info,1001,LSTM,smape,0.1580906793914312
3,ETTh1,96,pentropy,1001,NBEATSx,mape,0.1577513174759415
3,ETTh1,96,iprollcorr,1501,NHITS,mape,0.1577310735239576
3,ETTh1,96,prollcorr,501,NHITS,mape,0.1577062706908265
3,ETTh1,96,iprollcorr,751,NHITS,mape,0.1576752012358254
3,ETTh1,96,ipentropy,1001,TFT,mape,0.1575708720232011
3,ETTh1,96,prollcov,1251,NHITS,mape,0.1575570208043457
3,ETTh1,96,prollcorr,1251,TCN,mape,0.1574022506468398
3,ETTh1,96,iprollcov,1501,DeepNPTS,mape,0.1573522158134083
3,ETTh1,96,pmutual_info,751,NHITS,mape,0.1572661726952338
3,ETTh1,96,pmutual_info,1501,NHITS,mape,0.1572082403181281
4,ETTh1,720,ipmutual_info,1251,LSTM,smape,0.1571612646326774
3,ETTh1,96,identity,N/A,NHITS,mape,0.1570577397026789
3,ETTh1,96,pmutual_info,751,TFT,mape,0.1570228405145153
4,ETTh1,720,pmutual_info,751,LSTM,smape,0.1569612849708864
3,ETTh1,96,ipentropy,1251,NHITS,mape,0.1569074856113888
3,ETTh1,96,pmutual_info,1001,MLP,mape,0.1567208654439908
0,ETTh1,720,ipmutual_info,751,NHITS,mse,0.1565676827914958
3,ETTh1,96,pfarm,1251,NHITS,mape,0.1565144842351825
3,ETTh1,96,pentropy,1001,NHITS,mape,0.156430196017444
4,ETTh1,720,ipmutual_info,1001,LSTM,smape,0.1563767179769729
3,ETTh1,96,prollcov,751,NHITS,mape,0.1562437370342589
3,ETTh1,96,ipentropy,1001,NBEATSx,mape,0.1561536182826204
0,ETTh1,720,ipmutual_info,1251,NHITS,mse,0.1561514863349707
3,ETTh1,96,ipentropy,1001,NHITS,mape,0.1561010114177905
3,ETTh1,96,iprollcov,751,DeepNPTS,mape,0.1560910820959838
3,ETTh1,96,prollcov,751,TCN,mape,0.1560598008194798
3,ETTh1,96,iprollcov,1501,NHITS,mape,0.1560468681949368
3,ETTh1,96,ipentropy,501,TCN,mape,0.1557820737214602
0,ETTh1,720,ipmutual_info,501,BiTCN,mse,0.1557371434440367
3,ETTh1,96,pmutual_info,751,TSMixerx,mape,0.1557308101203066
3,ETTh1,96,prollcorr,1001,NHITS,mape,0.1556344349719181
3,ETTh1,96,ipmutual_info,1501,NHITS,mape,0.1555497573286546
3,ETTh1,96,identity,N/A,NBEATSx,mape,0.1555178941476972
3,ETTh1,96,iprollcov,1001,NHITS,mape,0.1554035499547328
3,ETTh1,96,pfarm,1251,DeepNPTS,mape,0.1553680050565862
3,ETTh1,96,prollcorr,1251,TFT,mape,0.1553574302544175
3,ETTh1,96,pfarm,1001,NHITS,mape,0.1553371437098913
3,ETTh1,96,pfarm,1001,TCN,mape,0.1553071951313079
0,ETTh1,720,pfarm,751,NHITS,mse,0.1552884104675108
0,ETTh1,720,ipmutual_info,501,NHITS,mse,0.1552469862306734
3,ETTh1,96,prollcov,501,NHITS,mape,0.1552023031884654
0,ETTh1,720,prollcov,751,NHITS,mse,0.1551521775108205
4,ETTh1,720,pmutual_info,751,GRU,smape,0.1551140660892612
3,ETTh1,96,ipmutual_info,1501,DeepNPTS,mape,0.1549225606480097
3,ETTh1,96,ipentropy,501,NHITS,mape,0.1548966067559881
0,ETTh1,720,prollcorr,1001,NHITS,mse,0.1547203419654887
0,ETTh1,720,ipmutual_info,1001,NHITS,mse,0.154642897385667
3,ETTh1,96,pentropy,1251,DeepNPTS,mape,0.1545494927749643
3,ETTh1,96,prollcorr,1251,NHITS,mape,0.154511661913074
3,ETTh1,96,ipmutual_info,1001,DeepNPTS,mape,0.154413786768263
4,ETTh1,720,ipmutual_info,751,LSTM,smape,0.1544029283003464
3,ETTh1,96,pmutual_info,1251,TFT,mape,0.1543322118107314
3,ETTh1,96,pfarm,751,NHITS,mape,0.1543253574644414
3,ETTh1,96,iprollcov,1501,TSMixerx,mape,0.1543250627935896
3,ETTh1,96,pmutual_info,1001,DeepNPTS,mape,0.1542553907665742
3,ETTh1,96,ipmutual_info,501,DeepNPTS,mape,0.1542313331929263
3,ETTh1,96,pmutual_info,501,DeepNPTS,mape,0.1542026260430737
0,ETTh1,720,pfarm,501,NBEATSx,mse,0.1541990122401601
3,ETTh1,96,pfarm,1001,DeepNPTS,mape,0.1541161893466555
3,ETTh1,96,pentropy,1001,DeepNPTS,mape,0.1539930912862435
3,ETTh1,96,iprollcov,751,TSMixerx,mape,0.1539547171447536
3,ETTh1,96,pmutual_info,501,MLP,mape,0.153935219441865
4,ETTh1,720,ipmutual_info,1251,GRU,smape,0.1539279946035875
0,ETTh1,720,ipmutual_info,1501,NHITS,mse,0.1539212824898119
3,ETTh1,96,iprollcorr,1001,NBEATSx,mape,0.1539137226077694
3,ETTh1,96,pmutual_info,1251,DeepNPTS,mape,0.1539025017718321
3,ETTh1,96,ipentropy,501,DeepNPTS,mape,0.153830673252612
3,ETTh1,96,prollcorr,501,TFT,mape,0.1538234754992322
3,ETTh1,96,iprollcov,501,DeepNPTS,mape,0.1537545994201405
4,ETTh1,720,ipentropy,751,GRU,smape,0.1536989784105504
0,ETTh1,336,pentropy,1251,BiTCN,mse,0.1536528344835903
3,ETTh1,96,ipmutual_info,1001,NHITS,mape,0.1536508923180251
3,ETTh1,96,iprollcorr,1501,TSMixerx,mape,0.153638459191186
3,ETTh1,96,iprollcorr,1001,NHITS,mape,0.1536327541882492
0,ETTh1,720,prollcov,1501,NHITS,mse,0.1536279109105793
3,ETTh1,96,prollcov,1251,DeepNPTS,mape,0.1535945958596372
3,ETTh1,96,pentropy,501,TCN,mape,0.1535326036204045
3,ETTh1,96,ipmutual_info,501,TSMixerx,mape,0.1534197510964027
0,ETTh1,720,pfarm,1001,NHITS,mse,0.1533627691823644
3,ETTh1,96,prollcov,751,DeepNPTS,mape,0.1533271638089062
3,ETTh1,96,pmutual_info,1501,NBEATSx,mape,0.1532842876560677
3,ETTh1,96,pfarm,501,DeepNPTS,mape,0.1531403843436486
3,ETTh1,96,ipmutual_info,1251,DeepNPTS,mape,0.1531106831936841
0,ETTh1,720,ipentropy,1251,NHITS,mse,0.1531043470770409
3,ETTh1,96,prollcov,1001,DeepNPTS,mape,0.1530532257841731
3,ETTh1,96,iprollcorr,751,TSMixerx,mape,0.1530446682650934
3,ETTh1,96,pentropy,501,TFT,mape,0.1529336000083672
3,ETTh1,96,prollcorr,751,DeepNPTS,mape,0.1528510817130237
3,ETTh1,96,prollcorr,501,TSMixerx,mape,0.1528259726859488
3,ETTh1,96,pentropy,751,TCN,mape,0.1528184025954818
3,ETTh1,96,pentropy,501,DeepNPTS,mape,0.152795800116518
3,ETTh1,96,ipmutual_info,1501,TCN,mape,0.1527606282332609
3,ETTh1,96,prollcorr,1251,MLP,mape,0.1527442368120609
3,ETTh1,96,ipmutual_info,1251,NHITS,mape,0.1526415975265643
3,ETTh1,96,pfarm,1251,TFT,mape,0.1526346367149468
3,ETTh1,96,iprollcorr,501,DeepNPTS,mape,0.1526345720007496
3,ETTh1,96,prollcov,1501,TFT,mape,0.1526018715514699
0,ETTh1,720,prollcorr,1501,NHITS,mse,0.1525735021387567
3,ETTh1,96,ipentropy,1501,TCN,mape,0.1525432220172225
3,ETTh1,96,ipentropy,501,TFT,mape,0.1525086767878042
0,ETTh1,720,pentropy,1001,NHITS,mse,0.1524924516744245
0,ETTh1,720,iprollcorr,1251,NHITS,mse,0.1524833468525276
3,ETTh1,96,identity,N/A,TFT,mape,0.1524829082960517
3,ETTh1,96,pmutual_info,1501,TSMixerx,mape,0.1524823032412167
3,ETTh1,96,prollcorr,1501,MLP,mape,0.1524594384529412
0,ETTh1,720,pfarm,1251,NHITS,mse,0.1524586165224953
3,ETTh1,96,pentropy,1501,TFT,mape,0.1524478816668927
0,ETTh1,720,prollcov,1251,NHITS,mse,0.1524338009298185
3,ETTh1,96,pmutual_info,1001,TSMixerx,mape,0.152409530903968
0,ETTh1,720,iprollcov,1251,NHITS,mse,0.1523699736608914
3,ETTh1,96,iprollcov,1501,TFT,mape,0.1523290219773267
0,ETTh1,720,prollcov,751,NBEATSx,mse,0.1522800591318018
3,ETTh1,96,ipmutual_info,1001,TFT,mape,0.152276327155636
3,ETTh1,96,ipentropy,751,TSMixerx,mape,0.1522652235977962
3,ETTh1,96,prollcorr,1001,TFT,mape,0.1522260744480114
3,ETTh1,96,iprollcorr,501,TSMixerx,mape,0.1522139548697771
3,ETTh1,96,iprollcorr,1501,DeepNPTS,mape,0.1521855351298655
0,ETTh1,720,iprollcorr,501,NHITS,mse,0.1521573890940186
3,ETTh1,96,iprollcov,1251,DeepNPTS,mape,0.1521405390026802
3,ETTh1,96,prollcov,501,TFT,mape,0.1521199430940373
3,ETTh1,96,iprollcov,1251,TFT,mape,0.1521144464375806
3,ETTh1,96,pfarm,501,MLP,mape,0.1520801060124397
3,ETTh1,96,pfarm,1001,TSMixerx,mape,0.1520722287758354
3,ETTh1,96,pfarm,751,DeepNPTS,mape,0.1520580677156958
3,ETTh1,96,ipentropy,1501,TFT,mape,0.1520572061634018
3,ETTh1,96,prollcorr,1251,TSMixerx,mape,0.1520488471499784
3,ETTh1,96,pfarm,1501,TSMixerx,mape,0.1520365766353928
3,ETTh1,96,ipentropy,501,TSMixerx,mape,0.1520233848613421
3,ETTh1,96,pfarm,1251,MLP,mape,0.1520198105701492
3,ETTh1,96,pmutual_info,1501,TFT,mape,0.1520111354821825
3,ETTh1,96,iprollcov,501,TFT,mape,0.1520091569901368
3,ETTh1,96,iprollcorr,1501,TFT,mape,0.1519897327034969
3,ETTh1,96,prollcov,501,TSMixerx,mape,0.1519827020304712
3,ETTh1,96,prollcov,751,TFT,mape,0.151961626774267
3,ETTh1,96,ipmutual_info,1251,MLP,mape,0.1519596585913208
3,ETTh1,96,ipmutual_info,751,MLP,mape,0.1519570578553015
3,ETTh1,96,prollcov,1251,TSMixerx,mape,0.151950733521079
3,ETTh1,96,pmutual_info,1251,TCN,mape,0.1519135293373654
0,ETTh1,720,prollcov,1001,BiTCN,mse,0.1519076896274421
3,ETTh1,96,prollcorr,501,DeepNPTS,mape,0.1519069287554959
3,ETTh1,96,ipentropy,1001,TSMixerx,mape,0.1519015801371613
3,ETTh1,96,ipmutual_info,751,TFT,mape,0.1518809881735401
3,ETTh1,96,prollcov,1001,TSMixerx,mape,0.151877572008038
0,ETTh1,720,pfarm,501,NHITS,mse,0.1518664940007888
3,ETTh1,96,ipmutual_info,1001,MLP,mape,0.1518660684650268
3,ETTh1,96,prollcov,1001,TFT,mape,0.15186326398434
3,ETTh1,96,iprollcov,1001,DeepNPTS,mape,0.1518615846932934
3,ETTh1,96,identity,N/A,TSMixerx,mape,0.1518590478526595
3,ETTh1,96,iprollcov,501,TSMixerx,mape,0.1518533749549991
0,ETTh1,720,iprollcov,501,NHITS,mse,0.1518530133154138
3,ETTh1,96,prollcov,1251,TFT,mape,0.1518340586850618
3,ETTh1,96,ipmutual_info,1501,TSMixerx,mape,0.1518166017985709
3,ETTh1,96,prollcorr,1001,MLP,mape,0.1518134991159112
3,ETTh1,96,pmutual_info,1501,MLP,mape,0.1517884071447199
3,ETTh1,96,ipmutual_info,1251,TFT,mape,0.1517842777813858
3,ETTh1,96,pfarm,501,TFT,mape,0.1517700677732336
0,ETTh1,720,pentropy,1251,NHITS,mse,0.1517593693839495
3,ETTh1,96,pfarm,501,TSMixerx,mape,0.1517311592719232
3,ETTh1,96,prollcorr,1501,TSMixerx,mape,0.1517185624217101
3,ETTh1,96,pentropy,501,TSMixerx,mape,0.1516740030141311
3,ETTh1,96,pmutual_info,1251,MLP,mape,0.1516671875252584
3,ETTh1,96,iprollcorr,751,TFT,mape,0.1516478168078043
3,ETTh1,96,pentropy,1501,TSMixerx,mape,0.1516452476229881
3,ETTh1,96,pfarm,1251,TSMixerx,mape,0.1516226421386505
3,ETTh1,96,pfarm,1501,MLP,mape,0.1516095026750646
3,ETTh1,96,ipentropy,1501,MLP,mape,0.151606980091307
3,ETTh1,96,prollcorr,501,MLP,mape,0.1516031605974206
3,ETTh1,96,prollcov,1501,MLP,mape,0.151597363153555
3,ETTh1,96,prollcorr,1501,TFT,mape,0.1515883777607282
4,ETTh1,720,pmutual_info,1251,GRU,smape,0.1515861904018669
3,ETTh1,96,prollcov,1501,TSMixerx,mape,0.15157836806432
3,ETTh1,96,ipentropy,1251,TFT,mape,0.1515707284049182
3,ETTh1,96,prollcov,1251,MLP,mape,0.1515641504140214
3,ETTh1,96,pfarm,751,TFT,mape,0.1515600967768628
3,ETTh1,96,pentropy,751,TFT,mape,0.1515531260602278
3,ETTh1,96,iprollcorr,1001,TFT,mape,0.1515410517555714
3,ETTh1,96,pmutual_info,501,TCN,mape,0.1515359174369724
3,ETTh1,96,pentropy,1251,TSMixerx,mape,0.1515194725134791
3,ETTh1,96,ipentropy,1251,TSMixerx,mape,0.1515187635755766
3,ETTh1,96,ipmutual_info,501,TFT,mape,0.1515154090488246
3,ETTh1,96,pfarm,751,TSMixerx,mape,0.1515035505804303
3,ETTh1,96,prollcov,501,MLP,mape,0.151500424795193
3,ETTh1,96,iprollcorr,501,MLP,mape,0.1514901444977413
3,ETTh1,96,pentropy,751,MLP,mape,0.1514862788314376
3,ETTh1,96,iprollcorr,1251,TFT,mape,0.1514815755845802
3,ETTh1,96,prollcorr,751,MLP,mape,0.1514797583491969
0,ETTh1,720,ipentropy,501,BiTCN,mse,0.1514759050496966
3,ETTh1,96,pmutual_info,1251,NHITS,mape,0.1514585354030149
3,ETTh1,96,iprollcorr,751,DeepNPTS,mape,0.1514472451252526
3,ETTh1,96,iprollcorr,1251,DeepNPTS,mape,0.1514461742886918
3,ETTh1,96,ipentropy,1501,TSMixerx,mape,0.1514375029333704
3,ETTh1,96,pmutual_info,1001,TFT,mape,0.1514154834137933
3,ETTh1,96,ipmutual_info,1501,MLP,mape,0.1514109609440048
3,ETTh1,96,iprollcorr,501,TFT,mape,0.1513851449287375
3,ETTh1,96,identity,N/A,MLP,mape,0.1513845762589987
3,ETTh1,96,prollcorr,1001,TSMixerx,mape,0.151382527020722
3,ETTh1,96,prollcorr,1501,TCN,mape,0.1513696684339507
3,ETTh1,96,iprollcov,751,TFT,mape,0.1513637333778196
3,ETTh1,96,prollcorr,751,TSMixerx,mape,0.1513614839721359
3,ETTh1,96,prollcov,751,TSMixerx,mape,0.1513500683550075
3,ETTh1,96,ipmutual_info,1251,TSMixerx,mape,0.1513497954004576
3,ETTh1,96,ipmutual_info,1501,TFT,mape,0.1513446439180397
0,ETTh1,720,ipentropy,1501,BiTCN,mse,0.1513142929465879
3,ETTh1,96,pmutual_info,1501,DeepNPTS,mape,0.151292332291194
3,ETTh1,96,pfarm,1001,TFT,mape,0.1512876642462308
3,ETTh1,96,prollcorr,1001,DeepNPTS,mape,0.1512722303788834
3,ETTh1,96,ipentropy,1251,DeepNPTS,mape,0.1512686241320557
3,ETTh1,96,pentropy,1501,DeepNPTS,mape,0.1512638109957866
3,ETTh1,96,pmutual_info,501,TFT,mape,0.1512597333420333
3,ETTh1,96,ipentropy,751,MLP,mape,0.1512505382441124
3,ETTh1,96,pfarm,1501,TFT,mape,0.1512487286743021
3,ETTh1,96,ipmutual_info,1001,TSMixerx,mape,0.1512159676801772
3,ETTh1,96,ipentropy,1001,MLP,mape,0.1512068576003592
3,ETTh1,96,pfarm,1001,MLP,mape,0.1512040713207569
3,ETTh1,96,prollcov,751,MLP,mape,0.1511947342025462
3,ETTh1,96,pentropy,1501,MLP,mape,0.1511934817464143
3,ETTh1,96,pentropy,1001,MLP,mape,0.1511864581600794
3,ETTh1,96,ipmutual_info,501,MLP,mape,0.1511846380512644
3,ETTh1,96,pentropy,751,TSMixerx,mape,0.1511780706018717
3,ETTh1,96,iprollcov,501,MLP,mape,0.1511741253311142
3,ETTh1,96,prollcorr,751,TFT,mape,0.1511515235265
3,ETTh1,96,prollcov,1001,MLP,mape,0.1511291954955998
3,ETTh1,96,iprollcorr,751,MLP,mape,0.1511263163845708
3,ETTh1,96,pentropy,1001,TSMixerx,mape,0.1511166194104583
3,ETTh1,96,pentropy,1251,TFT,mape,0.151110995763172
3,ETTh1,96,iprollcov,1001,TSMixerx,mape,0.1510664942880094
3,ETTh1,96,iprollcorr,1001,TSMixerx,mape,0.1510663163566855
3,ETTh1,96,ipentropy,501,MLP,mape,0.1510636841637225
3,ETTh1,96,pfarm,751,MLP,mape,0.1510630403232416
3,ETTh1,96,identity,N/A,TCN,mape,0.1510374325500798
3,ETTh1,96,iprollcov,1001,TFT,mape,0.150998236696393
3,ETTh1,96,pentropy,1251,MLP,mape,0.1509808297567941
3,ETTh1,96,iprollcorr,1251,MLP,mape,0.1509252914417765
3,ETTh1,96,iprollcorr,1001,DeepNPTS,mape,0.1508934545618902
3,ETTh1,96,ipmutual_info,751,TSMixerx,mape,0.1508797165624492
3,ETTh1,96,iprollcov,1251,TSMixerx,mape,0.1508154777262983
3,ETTh1,96,iprollcov,1251,MLP,mape,0.1508030014056342
3,ETTh1,96,pentropy,1001,TFT,mape,0.1507999771682799
0,ETTh1,720,ipentropy,501,NHITS,mse,0.1507977826843336
3,ETTh1,96,prollcorr,1251,DeepNPTS,mape,0.1507654214536982
3,ETTh1,96,ipentropy,751,TFT,mape,0.1507471784894112
0,ETTh1,720,prollcorr,1251,NHITS,mse,0.1507429465431574
0,ETTh1,720,iprollcorr,1501,NHITS,mse,0.1507264569035077
3,ETTh1,96,iprollcov,751,MLP,mape,0.1506800688265044
0,ETTh1,720,pfarm,1501,NHITS,mse,0.1506790978129115
0,ETTh1,720,identity,N/A,NHITS,mse,0.1506662430119553
3,ETTh1,96,pentropy,501,MLP,mape,0.1506043088264192
0,ETTh1,720,pentropy,1001,BiTCN,mse,0.1505929440933276
3,ETTh1,96,iprollcov,1001,MLP,mape,0.1505615228656634
0,ETTh1,720,pmutual_info,751,NBEATSx,mse,0.1505490550261241
3,ETTh1,96,ipentropy,1251,MLP,mape,0.15047480244371
0,ETTh1,720,prollcov,1001,NHITS,mse,0.1504585217621924
3,ETTh1,96,prollcov,1251,TCN,mape,0.1504511865574908
0,ETTh1,720,ipentropy,1501,NHITS,mse,0.1504416532199415
3,ETTh1,96,iprollcov,1501,BiTCN,mape,0.1504392949774026
3,ETTh1,96,iprollcorr,1001,BiTCN,mape,0.1504254397110932
0,ETTh1,720,ipentropy,1001,NHITS,mse,0.1504142799654555
3,ETTh1,96,iprollcorr,1001,MLP,mape,0.1503901616913952
3,ETTh1,96,ipentropy,1251,TCN,mape,0.1503831954956545
3,ETTh1,96,iprollcorr,1251,TSMixerx,mape,0.1503798665614092
3,ETTh1,96,ipentropy,1501,DeepNPTS,mape,0.1503110495805815
3,ETTh1,96,pfarm,1501,DeepNPTS,mape,0.1503044527670869
3,ETTh1,96,pentropy,751,BiTCN,mape,0.1502995590052899
3,ETTh1,96,ipmutual_info,751,BiTCN,mape,0.1502553930840709
3,ETTh1,96,iprollcov,1501,MLP,mape,0.1502148977255977
3,ETTh1,96,iprollcorr,1251,BiTCN,mape,0.1501905450852971
3,ETTh1,96,pmutual_info,501,BiTCN,mape,0.1500887393375549
0,ETTh1,720,prollcov,1251,BiTCN,mse,0.1500487502520144
3,ETTh1,96,prollcorr,1251,BiTCN,mape,0.1499478387682288
3,ETTh1,96,iprollcorr,751,BiTCN,mape,0.1499428115932998
4,ETTh1,720,pentropy,751,GRU,smape,0.149934555623494
3,ETTh1,96,identity,N/A,BiTCN,mape,0.1498921562889414
3,ETTh1,96,prollcov,751,BiTCN,mape,0.1498355597231454
3,ETTh1,96,prollcov,501,DeepNPTS,mape,0.1498166227969684
0,ETTh1,720,pentropy,1501,NHITS,mse,0.1497647806470519
3,ETTh1,96,prollcov,1251,BiTCN,mape,0.1497528795986041
3,ETTh1,96,prollcorr,751,TCN,mape,0.149724504407524
3,ETTh1,96,pentropy,751,DeepNPTS,mape,0.1496696496334854
3,ETTh1,96,iprollcorr,1501,MLP,mape,0.1496044926484667
3,ETTh1,96,prollcorr,1501,DeepNPTS,mape,0.1495788180684542
3,ETTh1,96,iprollcov,751,NHITS,mape,0.1495648035251202
3,ETTh1,96,ipentropy,501,BiTCN,mape,0.1495487455984585
3,ETTh1,96,pmutual_info,1001,BiTCN,mape,0.1495422071338457
3,ETTh1,96,ipentropy,751,DeepNPTS,mape,0.1495262602116513
3,ETTh1,96,pmutual_info,1251,TSMixerx,mape,0.1493004558302489
3,ETTh1,96,ipmutual_info,1501,BiTCN,mape,0.1492574980851469
3,ETTh1,96,ipentropy,1001,BiTCN,mape,0.1492334314117217
3,ETTh1,96,pfarm,501,BiTCN,mape,0.1492273021188432
3,ETTh1,96,ipmutual_info,1251,BiTCN,mape,0.1492017871769297
3,ETTh1,96,pmutual_info,1251,BiTCN,mape,0.1491783240243751
0,ETTh1,720,ipentropy,751,NHITS,mse,0.1491495292698954
3,ETTh1,96,ipmutual_info,1001,BiTCN,mape,0.1491455776631474
3,ETTh1,96,pentropy,501,BiTCN,mape,0.1490612926003702
3,ETTh1,96,iprollcov,1001,BiTCN,mape,0.1490556596017444
3,ETTh1,96,prollcorr,501,BiTCN,mape,0.1490140168697202
3,ETTh1,96,prollcorr,1001,BiTCN,mape,0.1489883130883176
3,ETTh1,96,prollcov,1501,DeepNPTS,mape,0.1489395833787848
0,ETTh1,720,iprollcov,1501,NHITS,mse,0.1489259932895592
3,ETTh1,96,prollcov,501,BiTCN,mape,0.1489176366707218
3,ETTh1,96,prollcorr,1501,BiTCN,mape,0.1489130918601169
3,ETTh1,96,iprollcov,1251,BiTCN,mape,0.148870601931825
3,ETTh1,96,iprollcorr,1501,BiTCN,mape,0.1488472727476763
3,ETTh1,96,pmutual_info,751,MLP,mape,0.1487452224355957
3,ETTh1,96,prollcov,1501,BiTCN,mape,0.1487260864350542
3,ETTh1,96,pentropy,1501,BiTCN,mape,0.1486895774962355
3,ETTh1,96,pmutual_info,751,DeepNPTS,mape,0.148688850393194
3,ETTh1,96,ipmutual_info,501,BiTCN,mape,0.1486722147101354
3,ETTh1,96,iprollcov,751,BiTCN,mape,0.1486622999071661
3,ETTh1,96,iprollcorr,501,BiTCN,mape,0.1486343494930147
3,ETTh1,96,identity,N/A,DeepNPTS,mape,0.1486142226543451
3,ETTh1,96,prollcov,1001,BiTCN,mape,0.148610181440347
3,ETTh1,96,pmutual_info,751,BiTCN,mape,0.1485952595701514
3,ETTh1,96,iprollcov,501,BiTCN,mape,0.1485862922537681
4,ETTh1,720,pfarm,501,LSTM,smape,0.1485595929197544
3,ETTh1,96,pfarm,1251,BiTCN,mape,0.1485349450222641
3,ETTh1,96,pfarm,1501,BiTCN,mape,0.1484975338091938
3,ETTh1,96,ipentropy,1501,BiTCN,mape,0.1484936637683062
3,ETTh1,96,ipentropy,1251,BiTCN,mape,0.148481663402677
0,ETTh1,720,ipentropy,501,TFT,mse,0.1484787030546768
3,ETTh1,96,pfarm,1001,BiTCN,mape,0.1484764892544886
3,ETTh1,96,prollcorr,751,BiTCN,mape,0.1484618566967878
3,ETTh1,96,pfarm,751,BiTCN,mape,0.1484395276645619
3,ETTh1,96,pentropy,1251,BiTCN,mape,0.1484067571677757
3,ETTh1,96,ipentropy,751,BiTCN,mape,0.1483428955899481
3,ETTh1,96,ipentropy,1001,DeepNPTS,mape,0.148262056266354
3,ETTh1,96,pentropy,1001,BiTCN,mape,0.1482459139253774
0,ETTh1,720,iprollcov,501,BiTCN,mse,0.1481947192218614
3,ETTh1,96,pmutual_info,1501,BiTCN,mape,0.1480101004530909
3,ETTh1,96,pmutual_info,751,TiDE,mape,0.1478724417234468
3,ETTh1,96,iprollcorr,1501,TiDE,mape,0.1478724417234468
3,ETTh1,96,iprollcorr,1251,TiDE,mape,0.1478724417234468
3,ETTh1,96,pmutual_info,1001,TiDE,mape,0.1478724417234468
3,ETTh1,96,ipentropy,1251,TiDE,mape,0.1478724417234468
3,ETTh1,96,iprollcorr,751,TiDE,mape,0.1478724417234468
3,ETTh1,96,pmutual_info,501,TiDE,mape,0.1478724417234468
3,ETTh1,96,identity,N/A,TiDE,mape,0.1478724417234468
3,ETTh1,96,iprollcov,1251,TiDE,mape,0.1478724417234468
3,ETTh1,96,prollcov,501,TiDE,mape,0.1478724417234468
3,ETTh1,96,prollcov,751,TiDE,mape,0.1478724417234468
3,ETTh1,96,prollcov,1001,TiDE,mape,0.1478724417234468
3,ETTh1,96,iprollcorr,1001,TiDE,mape,0.1478724417234468
3,ETTh1,96,ipmutual_info,1251,TiDE,mape,0.1478724417234468
3,ETTh1,96,ipmutual_info,1501,TiDE,mape,0.1478724417234468
3,ETTh1,96,ipmutual_info,501,TiDE,mape,0.1478724417234468
3,ETTh1,96,iprollcov,1501,TiDE,mape,0.1478724417234468
3,ETTh1,96,pfarm,501,TiDE,mape,0.1478724417234468
3,ETTh1,96,ipentropy,1001,TiDE,mape,0.1478724417234468
3,ETTh1,96,pentropy,1001,TiDE,mape,0.1478724417234468
3,ETTh1,96,ipmutual_info,1001,TiDE,mape,0.1478724417234468
3,ETTh1,96,ipentropy,1501,TiDE,mape,0.1478724417234468
3,ETTh1,96,pfarm,751,TiDE,mape,0.1478724417234468
3,ETTh1,96,pfarm,1001,TiDE,mape,0.1478724417234468
3,ETTh1,96,ipentropy,751,TiDE,mape,0.1478724417234468
3,ETTh1,96,prollcorr,1501,TiDE,mape,0.1478724417234468
3,ETTh1,96,prollcorr,1001,TiDE,mape,0.1478724417234468
3,ETTh1,96,ipentropy,501,TiDE,mape,0.1478724417234468
3,ETTh1,96,pfarm,1251,TiDE,mape,0.1478724417234468
3,ETTh1,96,prollcov,1251,TiDE,mape,0.1478724417234468
3,ETTh1,96,prollcov,1501,TiDE,mape,0.1478724417234468
3,ETTh1,96,pentropy,1251,TiDE,mape,0.1478724417234468
3,ETTh1,96,pentropy,751,TiDE,mape,0.1478724417234468
3,ETTh1,96,pmutual_info,1251,TiDE,mape,0.1478724417234468
3,ETTh1,96,pmutual_info,1501,TiDE,mape,0.1478724417234468
3,ETTh1,96,iprollcorr,501,TiDE,mape,0.1478724417234468
3,ETTh1,96,iprollcov,501,TiDE,mape,0.1478724417234468
3,ETTh1,96,iprollcov,751,TiDE,mape,0.1478724417234468
3,ETTh1,96,iprollcov,1001,TiDE,mape,0.1478724417234468
3,ETTh1,96,pentropy,1501,TiDE,mape,0.1478724417234468
3,ETTh1,96,prollcorr,1251,TiDE,mape,0.1478724417234468
3,ETTh1,96,ipmutual_info,751,TiDE,mape,0.1478724417234468
3,ETTh1,96,prollcorr,501,TiDE,mape,0.1478724417234468
3,ETTh1,96,prollcorr,751,TiDE,mape,0.1478724417234468
3,ETTh1,96,pfarm,1501,TiDE,mape,0.1478724417234468
3,ETTh1,96,pentropy,501,TiDE,mape,0.1478724417234468
0,ETTh1,720,ipmutual_info,501,NBEATSx,mse,0.1478700249975864
3,ETTh1,96,ipmutual_info,751,DeepNPTS,mape,0.1470818389941545
0,ETTh1,720,pmutual_info,1001,NHITS,mse,0.1469995286477862
0,ETTh1,720,iprollcov,751,NHITS,mse,0.1464836580289609
0,ETTh1,720,pmutual_info,1501,NHITS,mse,0.1464745013067102
0,ETTh1,720,ipmutual_info,751,NBEATSx,mse,0.1461277051409945
4,ETTh1,720,pentropy,1001,GRU,smape,0.1459618261038259
0,ETTh1,720,ipentropy,751,BiTCN,mse,0.1458842932201478
0,ETTh1,720,prollcorr,1251,BiTCN,mse,0.1457970956949584
0,ETTh1,720,iprollcorr,1001,NBEATSx,mse,0.1457881451829587
0,ETTh1,720,pfarm,1501,NBEATSx,mse,0.1455536305776468
0,ETTh1,720,iprollcorr,751,NHITS,mse,0.1453797644517156
0,ETTh1,720,pmutual_info,1251,BiTCN,mse,0.1452696904733179
0,ETTh1,720,pmutual_info,1251,NHITS,mse,0.144822875273101
0,ETTh1,720,iprollcov,1001,NHITS,mse,0.1442257007632295
0,ETTh1,720,iprollcov,1251,NBEATSx,mse,0.1442139537256124
0,ETTh1,720,iprollcorr,1001,NHITS,mse,0.1440506625397134
0,ETTh1,720,prollcorr,1001,BiTCN,mse,0.1439199773921012
0,ETTh1,720,iprollcorr,1501,BiTCN,mse,0.1437396454996795
0,ETTh1,720,pfarm,1251,NBEATSx,mse,0.1426506375964314
4,ETTh1,720,prollcov,501,LSTM,smape,0.1426365939782396
0,ETTh1,720,ipmutual_info,1501,NBEATSx,mse,0.1424269619822334
0,ETTh1,720,pentropy,1251,BiTCN,mse,0.1422829794529861
4,ETTh1,720,pfarm,751,LSTM,smape,0.1420593312196232
0,ETTh1,720,pmutual_info,1501,NBEATSx,mse,0.1412802091782132
0,ETTh1,720,pmutual_info,751,NHITS,mse,0.1409376407401133
4,ETTh1,720,iprollcorr,1001,BiTCN,smape,0.1405677098266509
0,ETTh1,720,pentropy,501,NBEATSx,mse,0.1404519427103153
0,ETTh1,720,prollcorr,1251,NBEATSx,mse,0.1397146940112031
0,ETTh1,720,pmutual_info,501,NHITS,mse,0.1389441235449417
0,ETTh1,720,pmutual_info,501,NBEATSx,mse,0.1386791231970864
0,ETTh1,720,iprollcorr,501,BiTCN,mse,0.1384967416850694
0,ETTh1,720,iprollcorr,1251,NBEATSx,mse,0.1382699857519926
0,ETTh1,720,pmutual_info,1001,NBEATSx,mse,0.1381577022253693
0,ETTh1,720,pfarm,1001,NBEATSx,mse,0.1381236797734326
4,ETTh1,720,pmutual_info,501,LSTM,smape,0.1379039020414672
0,ETTh1,720,pmutual_info,1251,TFT,mse,0.1373996563654896
0,ETTh1,720,iprollcov,501,NBEATSx,mse,0.1373817164471409
0,ETTh1,720,ipmutual_info,751,BiTCN,mse,0.1372333221311779
0,ETTh1,720,prollcorr,751,BiTCN,mse,0.1372323339007941
0,ETTh1,720,iprollcorr,751,NBEATSx,mse,0.136182343591145
0,ETTh1,720,pentropy,501,BiTCN,mse,0.1361664659330926
0,ETTh1,720,pfarm,751,BiTCN,mse,0.1360912621822882
0,ETTh1,720,iprollcov,1501,BiTCN,mse,0.1352407049731032
0,ETTh1,720,identity,N/A,BiTCN,mse,0.1352068775306339
0,ETTh1,720,pentropy,751,BiTCN,mse,0.1351882278892372
4,ETTh1,720,pfarm,1001,BiTCN,smape,0.1344911420243212
0,ETTh1,720,ipmutual_info,1001,NBEATSx,mse,0.1342831356259254
0,ETTh1,720,pentropy,1251,NBEATSx,mse,0.1342641405455097
0,ETTh1,720,prollcorr,1001,NBEATSx,mse,0.1341663424086273
0,ETTh1,720,ipentropy,501,NBEATSx,mse,0.1341451985619754
0,ETTh1,720,prollcorr,1501,NBEATSx,mse,0.1340169971953897
4,ETTh1,720,ipentropy,1501,NBEATSx,smape,0.1339578027236869
4,ETTh1,720,pentropy,1501,BiTCN,smape,0.1336693910509377
4,ETTh1,720,ipmutual_info,1501,BiTCN,smape,0.1335685657945738
0,ETTh1,720,ipentropy,1001,BiTCN,mse,0.1335248368797557
0,ETTh1,720,prollcov,1001,NBEATSx,mse,0.133481230583799
0,ETTh1,720,iprollcorr,1251,BiTCN,mse,0.1334797431647353
0,ETTh1,720,ipmutual_info,1251,NBEATSx,mse,0.1331346249635232
0,ETTh1,720,ipentropy,1001,NBEATSx,mse,0.1325694699555822
0,ETTh1,720,pentropy,1501,NBEATSx,mse,0.13233222746325
4,ETTh1,720,pfarm,501,BiTCN,smape,0.1319401759118943
0,ETTh1,720,iprollcorr,501,NBEATSx,mse,0.1317424768154111
0,ETTh1,720,prollcorr,501,BiTCN,mse,0.1311018875035329
4,ETTh1,720,pmutual_info,501,BiTCN,smape,0.1308958190647833
4,ETTh1,720,prollcov,1501,BiTCN,smape,0.1308050824648573
0,ETTh1,720,pmutual_info,1251,NBEATSx,mse,0.1302555607749169
0,ETTh1,720,prollcorr,751,NBEATSx,mse,0.1302460036725678
0,ETTh1,720,pentropy,1001,TFT,mse,0.1302251693572669
0,ETTh1,720,pentropy,751,NBEATSx,mse,0.1301681860831122
0,ETTh1,720,ipmutual_info,1001,DeepNPTS,mse,0.129996710998354
0,ETTh1,720,iprollcorr,751,BiTCN,mse,0.1299638502755912
0,ETTh1,720,prollcorr,501,NBEATSx,mse,0.1298222779443525
0,ETTh1,720,ipentropy,751,NBEATSx,mse,0.1298089586109886
0,ETTh1,720,ipmutual_info,501,DeepNPTS,mse,0.1296523537358706
0,ETTh1,720,pentropy,1251,DeepNPTS,mse,0.1295595511097853
0,ETTh1,720,pfarm,751,DeepNPTS,mse,0.1295398449503791
0,ETTh1,720,ipentropy,1251,NBEATSx,mse,0.1292632449561318
0,ETTh1,720,pfarm,751,NBEATSx,mse,0.1292022264825194
0,ETTh1,720,iprollcov,751,NBEATSx,mse,0.1290770571053704
0,ETTh1,720,iprollcov,1501,TCN,mse,0.1288003663814083
0,ETTh1,720,ipentropy,501,DeepNPTS,mse,0.1286651101636983
0,ETTh1,720,prollcov,501,BiTCN,mse,0.1286057948340652
0,ETTh1,720,prollcorr,1251,DeepNPTS,mse,0.1285442276141399
0,ETTh1,720,prollcorr,1501,BiTCN,mse,0.1283393698980121
0,ETTh1,720,pmutual_info,1251,DeepNPTS,mse,0.1283385075484847
0,ETTh1,720,prollcov,501,NBEATSx,mse,0.1282211475242875
0,ETTh1,192,pmutual_info,1251,TSMixerx,mse,0.1281604913112541
0,ETTh1,720,pentropy,1001,NBEATSx,mse,0.1280951817792618
0,ETTh1,720,pentropy,1501,DeepNPTS,mse,0.1280141843897296
0,ETTh1,720,identity,N/A,NBEATSx,mse,0.1278605266729339
0,ETTh1,336,prollcorr,1001,MLP,mse,0.1272883864297876
0,ETTh1,720,prollcov,1251,NBEATSx,mse,0.1271047784704233
0,ETTh1,720,iprollcorr,1501,DeepNPTS,mse,0.1269474152465236
0,ETTh1,336,prollcorr,1251,NHITS,mse,0.1268255108443278
0,ETTh1,720,prollcov,1501,NBEATSx,mse,0.1267177075244884
0,ETTh1,720,iprollcov,1501,DeepNPTS,mse,0.126577873598787
0,ETTh1,720,pfarm,1001,DeepNPTS,mse,0.1265151735426458
0,ETTh1,336,prollcorr,1251,BiTCN,mse,0.1264684785783666
0,ETTh1,720,ipentropy,1251,TFT,mse,0.1264575273711177
4,ETTh1,720,iprollcov,1001,BiTCN,smape,0.126403966061675
0,ETTh1,336,pmutual_info,751,MLP,mse,0.1262852555746281
0,ETTh1,720,ipmutual_info,1501,DeepNPTS,mse,0.1262786121063893
0,ETTh1,336,iprollcorr,1251,BiTCN,mse,0.1260558396698939
0,ETTh1,720,prollcorr,1501,DeepNPTS,mse,0.1257807368010063
0,ETTh1,720,pmutual_info,1501,DeepNPTS,mse,0.1257219198495394
0,ETTh1,720,iprollcorr,1251,TFT,mse,0.1257176165177604
0,ETTh1,720,ipentropy,1251,DeepNPTS,mse,0.1256776787079216
0,ETTh1,720,pfarm,1501,DeepNPTS,mse,0.1256042299171343
4,ETTh1,720,pfarm,1251,BiTCN,smape,0.1255902232385363
0,ETTh1,720,prollcov,1501,DeepNPTS,mse,0.125552068063975
0,ETTh1,720,prollcorr,1001,DeepNPTS,mse,0.1255171032998588
0,ETTh1,336,prollcorr,1001,NHITS,mse,0.1254071070203428
0,ETTh1,720,prollcov,751,DeepNPTS,mse,0.1253257758757045
0,ETTh1,720,iprollcorr,751,DeepNPTS,mse,0.1253212758116993
4,ETTh1,720,pentropy,501,NHITS,smape,0.1252865844714741
0,ETTh1,336,pentropy,501,MLP,mse,0.1251488079231481
4,ETTh1,720,prollcov,751,BiTCN,smape,0.1251120617345656
0,ETTh1,336,iprollcorr,1501,NHITS,mse,0.1250071420313384
0,ETTh1,720,ipmutual_info,1251,DeepNPTS,mse,0.1247938227477452
0,ETTh1,720,pmutual_info,501,DeepNPTS,mse,0.1247538248277752
0,ETTh1,720,prollcov,1001,DeepNPTS,mse,0.124674098529253
0,ETTh1,720,ipentropy,1501,DeepNPTS,mse,0.1246664314348203
0,ETTh1,720,pfarm,501,DeepNPTS,mse,0.1245500467530215
0,ETTh1,720,pmutual_info,751,DeepNPTS,mse,0.1244827746658651
4,ETTh1,720,iprollcorr,1501,NBEATSx,smape,0.1244161924626403
0,ETTh1,336,prollcov,1001,NHITS,mse,0.1241691057579734
4,ETTh1,720,ipentropy,1251,BiTCN,smape,0.1241036825560123
0,ETTh1,720,iprollcov,1001,NBEATSx,mse,0.1240090740626458
4,ETTh1,720,pfarm,1501,BiTCN,smape,0.1239373087507099
0,ETTh1,720,ipentropy,1001,DeepNPTS,mse,0.1238363230333515
0,ETTh1,720,iprollcov,1251,DeepNPTS,mse,0.1238311062743645
0,ETTh1,720,iprollcorr,501,DeepNPTS,mse,0.1238163992588269
0,ETTh1,720,identity,N/A,DeepNPTS,mse,0.1237730639867143
0,ETTh1,720,iprollcov,751,DeepNPTS,mse,0.1237605326436592
0,ETTh1,336,pfarm,1251,BiTCN,mse,0.1236456549781412
0,ETTh1,720,pfarm,1251,DeepNPTS,mse,0.1235363092555489
0,ETTh1,720,prollcorr,751,DeepNPTS,mse,0.1234443996077979
4,ETTh1,720,prollcorr,501,NHITS,smape,0.123278201751341
0,ETTh1,720,ipentropy,751,DeepNPTS,mse,0.123273652047208
0,ETTh1,336,iprollcov,1501,NHITS,mse,0.1231576189032997
4,ETTh1,720,pmutual_info,1501,BiTCN,smape,0.1230855809587034
4,ETTh1,720,pmutual_info,751,BiTCN,smape,0.123077393241322
0,ETTh1,336,pmutual_info,1001,NHITS,mse,0.1230531744217716
0,ETTh1,336,prollcov,501,NHITS,mse,0.1230030000207349
4,ETTh1,720,pentropy,751,NHITS,smape,0.1229882760095781
0,ETTh1,336,iprollcorr,501,BiTCN,mse,0.1229818946001204
0,ETTh1,720,prollcorr,501,DeepNPTS,mse,0.1229151241404689
0,ETTh1,336,prollcov,501,BiTCN,mse,0.1228828248331647
0,ETTh1,336,ipentropy,751,BiTCN,mse,0.1226771660673013
0,ETTh1,336,ipentropy,1501,NHITS,mse,0.1226317293414343
0,ETTh1,336,prollcov,751,NHITS,mse,0.1226185163037163
0,ETTh1,720,iprollcorr,1001,DeepNPTS,mse,0.1225687428833005
0,ETTh1,336,identity,N/A,BiTCN,mse,0.1223916924854384
0,ETTh1,720,pmutual_info,1001,DeepNPTS,mse,0.1223502300648507
0,ETTh1,336,ipmutual_info,751,BiTCN,mse,0.1223500609801323
0,ETTh1,336,prollcorr,751,NHITS,mse,0.1222085994538746
0,ETTh1,720,pentropy,751,DeepNPTS,mse,0.122139310563607
0,ETTh1,336,iprollcorr,501,NHITS,mse,0.1221178461022972
0,ETTh1,336,prollcorr,501,NHITS,mse,0.1221046938690167
0,ETTh1,336,iprollcorr,751,BiTCN,mse,0.1221005157828747
0,ETTh1,720,ipmutual_info,751,DeepNPTS,mse,0.122066233672717
0,ETTh1,336,prollcorr,1501,NHITS,mse,0.1219395472679983
0,ETTh1,336,iprollcov,501,NHITS,mse,0.1219037246060769
0,ETTh1,336,ipentropy,1251,BiTCN,mse,0.1218987855976547
0,ETTh1,720,iprollcov,1001,TCN,mse,0.1218916490580039
0,ETTh1,336,ipmutual_info,1501,BiTCN,mse,0.1217282328865154
4,ETTh1,720,iprollcov,1501,NBEATSx,smape,0.1216343973434082
0,ETTh1,720,prollcov,501,DeepNPTS,mse,0.1216223355990734
0,ETTh1,720,prollcov,1251,DeepNPTS,mse,0.1216191035948426
0,ETTh1,336,prollcorr,501,BiTCN,mse,0.1215467022799794
4,ETTh1,720,iprollcov,1251,BiTCN,smape,0.1214873048307778
0,ETTh1,336,ipentropy,1251,NHITS,mse,0.121464765970962
0,ETTh1,720,iprollcorr,1251,DeepNPTS,mse,0.1214646039950712
0,ETTh1,336,pfarm,1251,NHITS,mse,0.1213756991796046
0,ETTh1,336,ipentropy,1501,BiTCN,mse,0.1213289287544389
0,ETTh1,336,ipmutual_info,1501,TFT,mse,0.1213202756698601
0,ETTh1,720,iprollcov,501,DeepNPTS,mse,0.1212347746203182
4,ETTh1,720,iprollcov,751,BiTCN,smape,0.1212275058316987
0,ETTh1,336,prollcov,1251,NHITS,mse,0.121218466478457
0,ETTh1,336,ipentropy,1001,NHITS,mse,0.1212039306273901
0,ETTh1,336,ipmutual_info,1001,NHITS,mse,0.1211707458820547
0,ETTh1,336,pmutual_info,1501,BiTCN,mse,0.1211192889192979
0,ETTh1,720,iprollcov,1001,DeepNPTS,mse,0.121068461834744
0,ETTh1,720,pmutual_info,1001,BiTCN,mse,0.1210171569577292
0,ETTh1,336,pmutual_info,1001,BiTCN,mse,0.1209765724681606
0,ETTh1,336,iprollcov,501,BiTCN,mse,0.1207743336611661
0,ETTh1,336,iprollcorr,751,TFT,mse,0.1207461830831103
0,ETTh1,336,iprollcov,1251,BiTCN,mse,0.1207330821300214
0,ETTh1,336,ipentropy,501,NHITS,mse,0.1206835132440033
0,ETTh1,336,pmutual_info,751,NHITS,mse,0.1206740645641955
0,ETTh1,336,iprollcov,1001,MLP,mse,0.120667696280424
4,ETTh1,720,prollcorr,751,NHITS,smape,0.1206663314555573
0,ETTh1,336,pfarm,751,NHITS,mse,0.1206444951868739
4,ETTh1,720,prollcov,501,NHITS,smape,0.120572365457602
0,ETTh1,336,iprollcov,1001,BiTCN,mse,0.1205046016034193
0,ETTh1,336,iprollcorr,1251,NHITS,mse,0.1205014043604539
0,ETTh1,720,pentropy,501,DeepNPTS,mse,0.1204334925603959
0,ETTh1,336,iprollcov,1251,NHITS,mse,0.1204240702019601
0,ETTh1,336,pmutual_info,1251,NHITS,mse,0.1204160196280581
0,ETTh1,720,pentropy,1001,DeepNPTS,mse,0.1203353393101863
0,ETTh1,336,prollcov,1501,NHITS,mse,0.1203214574162086
0,ETTh1,336,ipentropy,751,NHITS,mse,0.1202315107459383
0,ETTh1,720,prollcov,1001,TCN,mse,0.1201163533012451
0,ETTh1,336,iprollcov,1501,BiTCN,mse,0.1200469831604984
0,ETTh1,336,iprollcov,751,TFT,mse,0.1199978379982909
0,ETTh1,336,ipmutual_info,1001,BiTCN,mse,0.1199841580147897
4,ETTh1,720,ipmutual_info,1001,BiTCN,smape,0.1198934994685808
0,ETTh1,336,ipmutual_info,501,NHITS,mse,0.1198083248043257
0,ETTh1,336,pfarm,1501,NHITS,mse,0.1197799961793903
0,ETTh1,336,pentropy,501,NHITS,mse,0.1196292573409371
0,ETTh1,336,prollcorr,751,TFT,mse,0.1196037248806247
0,ETTh1,336,pentropy,1251,NHITS,mse,0.1195815443332896
4,ETTh1,720,ipmutual_info,751,NHITS,smape,0.1194082636783783
0,ETTh1,336,pfarm,1001,NHITS,mse,0.1193981528101986
4,ETTh1,720,ipmutual_info,501,BiTCN,smape,0.1193830057513914
0,ETTh1,720,ipmutual_info,1001,TFT,mse,0.1192783427572263
0,ETTh1,336,identity,N/A,NHITS,mse,0.1192497450667156
4,ETTh1,720,ipmutual_info,1251,NHITS,smape,0.1190517819355613
4,ETTh1,336,pentropy,1251,BiTCN,smape,0.1188971631546926
4,ETTh1,720,prollcov,751,NHITS,smape,0.1187174602783464
4,ETTh1,720,ipmutual_info,501,NHITS,smape,0.1186278140339537
0,ETTh1,336,pmutual_info,501,NHITS,mse,0.1186241449161309
0,ETTh1,336,pentropy,1001,NHITS,mse,0.1185990768946455
0,ETTh1,336,ipentropy,1001,BiTCN,mse,0.1185734908848828
0,ETTh1,336,pentropy,1501,NHITS,mse,0.1185734058895884
4,ETTh1,720,pfarm,751,NHITS,smape,0.1184273432292654
4,ETTh1,720,prollcorr,1001,NHITS,smape,0.118406824345653
0,ETTh1,336,pentropy,501,BiTCN,mse,0.1183848361293487
0,ETTh1,336,pentropy,751,NHITS,mse,0.1183477510354669
4,ETTh1,720,ipmutual_info,1001,NHITS,smape,0.1183040457335323
0,ETTh1,336,ipmutual_info,501,TCN,mse,0.1182933106070306
0,ETTh1,336,ipmutual_info,1251,NHITS,mse,0.1182610019487581
0,ETTh1,336,pentropy,1001,BiTCN,mse,0.1181689738948826
0,ETTh1,720,pmutual_info,1501,TFT,mse,0.1180202431372487
4,ETTh1,720,prollcov,1501,NHITS,smape,0.1180158620399816
0,ETTh1,720,prollcov,751,TSMixerx,mse,0.1180120235600826
0,ETTh1,336,prollcov,1501,BiTCN,mse,0.1178589662800944
0,ETTh1,336,iprollcorr,751,NHITS,mse,0.1178005355844476
0,ETTh1,720,prollcorr,1501,TSMixerx,mse,0.1177713199240784
4,ETTh1,720,ipmutual_info,1501,NHITS,smape,0.1177318843997226
0,ETTh1,336,ipmutual_info,751,NHITS,mse,0.1177279296105585
0,ETTh1,336,iprollcov,751,TCN,mse,0.1176711676242927
4,ETTh1,720,ipentropy,1251,NHITS,smape,0.1175507558444167
0,ETTh1,336,iprollcov,751,NHITS,mse,0.1174984931109155
0,ETTh1,336,iprollcov,1001,NHITS,mse,0.1174768911079182
4,ETTh1,720,pfarm,1001,NHITS,smape,0.1174764775058013
0,ETTh1,336,prollcorr,1251,TCN,mse,0.1174604169642959
4,ETTh1,720,prollcorr,1501,NHITS,smape,0.1173273911113079
0,ETTh1,336,iprollcorr,501,TCN,mse,0.117275269646548
4,ETTh1,720,pentropy,1001,NHITS,smape,0.117231332877553
4,ETTh1,720,prollcov,1251,NHITS,smape,0.1172276941365189
4,ETTh1,720,iprollcorr,1251,NHITS,smape,0.1171719514905425
0,ETTh1,336,pfarm,501,NHITS,mse,0.1171645050238534
4,ETTh1,720,prollcov,1001,BiTCN,smape,0.1171267063046403
0,ETTh1,336,iprollcorr,1001,NHITS,mse,0.1170891728785355
4,ETTh1,720,pfarm,1251,NHITS,smape,0.1170639063836882
4,ETTh1,720,iprollcov,1251,NHITS,smape,0.1170206335729481
4,ETTh1,720,pentropy,1001,BiTCN,smape,0.1169910205243617
0,ETTh1,720,prollcov,751,TCN,mse,0.1169573650685137
4,ETTh1,720,iprollcorr,501,NHITS,smape,0.1169564546154766
4,ETTh1,720,ipentropy,1501,BiTCN,smape,0.1168994332163891
4,ETTh1,720,pfarm,501,NBEATSx,smape,0.1168969478489892
4,ETTh1,720,ipentropy,501,BiTCN,smape,0.116875225784515
4,ETTh1,720,pentropy,1251,NHITS,smape,0.1168209822492129
0,ETTh1,336,pmutual_info,1501,NHITS,mse,0.1167983132244967
4,ETTh1,720,iprollcov,501,NHITS,smape,0.1167899405594419
4,ETTh1,720,pfarm,501,NHITS,smape,0.1167854247828526
0,ETTh1,336,pmutual_info,501,TCN,mse,0.1166950603807903
0,ETTh1,336,ipmutual_info,751,TCN,mse,0.1166039316361805
0,ETTh1,720,ipmutual_info,1251,TCN,mse,0.1165717239224452
0,ETTh1,336,pmutual_info,751,NBEATSx,mse,0.1165374516903636
0,ETTh1,720,pentropy,1251,TCN,mse,0.1164689473643072
0,ETTh1,336,iprollcov,751,MLP,mse,0.1164605643471857
0,ETTh1,336,ipentropy,1001,TCN,mse,0.1164526408599947
0,ETTh1,336,pfarm,501,MLP,mse,0.1164427261008043
0,ETTh1,720,ipmutual_info,1251,BiTCN,mse,0.1164369120312743
0,ETTh1,336,iprollcov,501,TCN,mse,0.1164366211626196
0,ETTh1,720,iprollcov,1251,TSMixerx,mse,0.1163212612159354
0,ETTh1,336,iprollcorr,1001,TCN,mse,0.1163047637014835
0,ETTh1,720,pfarm,751,TCN,mse,0.1162962685098524
4,ETTh1,720,prollcorr,1251,NHITS,smape,0.1162891129191051
4,ETTh1,720,prollcov,1251,BiTCN,smape,0.1162540751147057
0,ETTh1,336,ipentropy,501,TCN,mse,0.1162280361794718
0,ETTh1,336,iprollcorr,1501,TCN,mse,0.1161761280337676
0,ETTh1,336,pfarm,1251,TFT,mse,0.1161427521027985
4,ETTh1,720,identity,N/A,NHITS,smape,0.1161327537535363
4,ETTh1,720,ipentropy,1001,NHITS,smape,0.1161173057930989
0,ETTh1,336,prollcov,501,TCN,mse,0.1161090161881528
4,ETTh1,720,pfarm,1501,NHITS,smape,0.1161046945062823
4,ETTh1,720,prollcov,1001,NHITS,smape,0.1160569070845501
4,ETTh1,720,ipentropy,501,NHITS,smape,0.1160550870840784
4,ETTh1,720,iprollcorr,1501,NHITS,smape,0.116033355415329
0,ETTh1,336,identity,N/A,TCN,mse,0.1159626491319268
0,ETTh1,336,pentropy,751,TCN,mse,0.1159458423327156
0,ETTh1,720,iprollcov,1251,TFT,mse,0.1159199942211595
0,ETTh1,336,ipmutual_info,1501,NHITS,mse,0.1159076413142991
0,ETTh1,720,iprollcorr,1501,TCN,mse,0.1158775356116158
0,ETTh1,336,prollcorr,501,TCN,mse,0.1158472156679991
0,ETTh1,336,iprollcorr,1001,TFT,mse,0.1158221931062042
4,ETTh1,720,ipentropy,1501,NHITS,smape,0.1157651545674645
0,ETTh1,336,pmutual_info,501,MLP,mse,0.1157591073384755
0,ETTh1,336,iprollcov,1251,TCN,mse,0.1157494845552738
0,ETTh1,336,pmutual_info,1251,TCN,mse,0.1157294231645463
0,ETTh1,336,pentropy,1501,TCN,mse,0.1156513272286678
0,ETTh1,336,prollcov,751,TCN,mse,0.1156304463937497
0,ETTh1,336,prollcorr,1251,NBEATSx,mse,0.1155496927934986
0,ETTh1,336,iprollcorr,751,MLP,mse,0.1155437218297579
0,ETTh1,336,prollcorr,1251,MLP,mse,0.1155153101208344
0,ETTh1,336,iprollcov,751,BiTCN,mse,0.1155128083464992
4,ETTh1,720,pentropy,1501,NHITS,smape,0.1155024611937523
0,ETTh1,336,ipmutual_info,501,NBEATSx,mse,0.1154699188864803
0,ETTh1,336,iprollcorr,751,TCN,mse,0.1154511376708652
0,ETTh1,336,pfarm,1251,TCN,mse,0.1154372502474215
0,ETTh1,336,pfarm,501,TCN,mse,0.1154118604883868
0,ETTh1,336,iprollcorr,1251,TCN,mse,0.1153861481157615
0,ETTh1,336,prollcorr,751,NBEATSx,mse,0.1153667060858123
0,ETTh1,336,ipmutual_info,1501,TCN,mse,0.1153059735494743
0,ETTh1,336,ipmutual_info,1251,TFT,mse,0.1152911967735019
0,ETTh1,336,prollcorr,1501,TCN,mse,0.1152771904858264
0,ETTh1,336,prollcov,1251,TCN,mse,0.1152592153222328
0,ETTh1,336,pfarm,1001,TCN,mse,0.1152071221132324
4,ETTh1,720,ipentropy,751,NHITS,smape,0.1152065873701501
0,ETTh1,720,ipmutual_info,751,TCN,mse,0.1151968380206315
4,ETTh1,720,iprollcov,501,BiTCN,smape,0.1151405271434929
0,ETTh1,192,prollcorr,1501,LSTM,mse,0.1150570479368386
0,ETTh1,336,prollcov,501,NBEATSx,mse,0.1150541892985409
0,ETTh1,336,prollcov,751,NBEATSx,mse,0.1150530694215069
4,ETTh1,720,iprollcov,1501,NHITS,smape,0.1150290748445741
4,ETTh1,720,pmutual_info,751,NBEATSx,smape,0.1150257298686504
0,ETTh1,720,prollcorr,1501,TCN,mse,0.1150232045091682
0,ETTh1,336,prollcov,1251,TFT,mse,0.1149872598535712
0,ETTh1,336,pmutual_info,1001,MLP,mse,0.114970163865037
0,ETTh1,336,pmutual_info,751,TCN,mse,0.1149448576744664
0,ETTh1,336,pmutual_info,501,NBEATSx,mse,0.1149420351845994
0,ETTh1,336,pentropy,751,NBEATSx,mse,0.1149311635008649
0,ETTh1,720,pfarm,1001,TCN,mse,0.1148878807727778
0,ETTh1,720,prollcorr,501,TCN,mse,0.1148342807660697
0,ETTh1,336,prollcov,1001,TCN,mse,0.1148146162494292
0,ETTh1,336,ipmutual_info,1001,NBEATSx,mse,0.1148110483891418
0,ETTh1,720,pfarm,501,TCN,mse,0.1147581628787961
0,ETTh1,336,prollcov,751,TSMixerx,mse,0.1147497250434895
0,ETTh1,336,pentropy,1501,TSMixerx,mse,0.1147419026378389
0,ETTh1,336,pentropy,1001,TCN,mse,0.1147414431373377
0,ETTh1,336,pfarm,501,TSMixerx,mse,0.1147383602226091
0,ETTh1,336,iprollcov,1251,TSMixerx,mse,0.1147342064716892
0,ETTh1,336,ipmutual_info,501,TSMixerx,mse,0.114730943852812
0,ETTh1,336,ipentropy,751,TSMixerx,mse,0.1147218255304557
0,ETTh1,336,pmutual_info,751,TSMixerx,mse,0.1147215009486993
0,ETTh1,336,iprollcov,1501,TSMixerx,mse,0.114721216257607
0,ETTh1,336,iprollcorr,1501,TSMixerx,mse,0.1147185877953056
0,ETTh1,336,prollcorr,1001,TSMixerx,mse,0.1147184181647923
0,ETTh1,336,ipmutual_info,1501,TSMixerx,mse,0.1147150700614579
0,ETTh1,336,pmutual_info,1001,TSMixerx,mse,0.1147141935532689
0,ETTh1,720,ipmutual_info,751,TSMixerx,mse,0.1147106568017499
0,ETTh1,336,pmutual_info,1251,TSMixerx,mse,0.1147071780096028
0,ETTh1,336,pentropy,751,TSMixerx,mse,0.1147065569618442
0,ETTh1,336,ipentropy,1501,TCN,mse,0.1147050184919986
0,ETTh1,336,iprollcorr,1251,TSMixerx,mse,0.1146954689020153
0,ETTh1,336,ipentropy,1501,TSMixerx,mse,0.1146916627511568
0,ETTh1,336,pentropy,501,TSMixerx,mse,0.1146770238063256
0,ETTh1,336,iprollcorr,1001,TSMixerx,mse,0.1146767239717568
0,ETTh1,336,prollcov,1001,TSMixerx,mse,0.1146751162993003
4,ETTh1,720,pmutual_info,1001,NHITS,smape,0.1146689826325482
4,ETTh1,720,pmutual_info,1501,NHITS,smape,0.1146682803502451
0,ETTh1,336,ipentropy,1001,TSMixerx,mse,0.1146513350088558
0,ETTh1,336,pmutual_info,501,TSMixerx,mse,0.1146485009855218
0,ETTh1,336,pentropy,1251,NBEATSx,mse,0.1146350577255062
0,ETTh1,336,ipentropy,501,TSMixerx,mse,0.1146271220377196
4,ETTh1,720,ipentropy,501,TFT,smape,0.1146174205349227
0,ETTh1,336,iprollcorr,501,TSMixerx,mse,0.1145993363577254
0,ETTh1,720,pmutual_info,751,TCN,mse,0.1145919399948453
0,ETTh1,336,prollcov,1501,TSMixerx,mse,0.1145890639362578
0,ETTh1,336,prollcov,1501,TCN,mse,0.1145838218599451
0,ETTh1,336,prollcorr,751,TSMixerx,mse,0.1145827737723939
0,ETTh1,336,pentropy,1501,NBEATSx,mse,0.1145824585037306
0,ETTh1,336,prollcov,1251,TSMixerx,mse,0.114581493664038
0,ETTh1,336,ipentropy,1251,TCN,mse,0.1145743128055062
0,ETTh1,336,prollcorr,501,TSMixerx,mse,0.1145663290121636
0,ETTh1,336,pfarm,1501,TSMixerx,mse,0.1145626161109552
0,ETTh1,336,pfarm,1001,TSMixerx,mse,0.1145578506922964
0,ETTh1,336,iprollcov,501,TSMixerx,mse,0.1145568884749632
0,ETTh1,336,ipmutual_info,1001,TCN,mse,0.1145379351672489
0,ETTh1,336,ipmutual_info,751,TSMixerx,mse,0.114533872799573
0,ETTh1,336,iprollcov,1501,TCN,mse,0.1145286127104801
0,ETTh1,336,pfarm,1501,TCN,mse,0.1145236554576277
0,ETTh1,336,ipmutual_info,1001,TSMixerx,mse,0.1145218150016251
0,ETTh1,336,pfarm,1251,TSMixerx,mse,0.1145202893469938
0,ETTh1,336,iprollcorr,751,TSMixerx,mse,0.1145192499598157
0,ETTh1,336,iprollcov,1001,TSMixerx,mse,0.1145190024461822
0,ETTh1,336,prollcorr,1501,TSMixerx,mse,0.1145142041058023
0,ETTh1,336,iprollcov,751,TSMixerx,mse,0.1145110919194985
0,ETTh1,336,ipmutual_info,1251,TCN,mse,0.114498996926777
0,ETTh1,720,ipentropy,751,TCN,mse,0.1144934599583562
0,ETTh1,336,prollcov,501,TSMixerx,mse,0.1144928147753965
0,ETTh1,336,ipentropy,751,TCN,mse,0.1144806283754141
0,ETTh1,720,prollcov,1001,TSMixerx,mse,0.1144788495600473
0,ETTh1,336,pentropy,501,TCN,mse,0.1144745449420238
0,ETTh1,336,prollcorr,751,TCN,mse,0.1144719289730632
0,ETTh1,336,pentropy,1251,TCN,mse,0.1144382626844403
0,ETTh1,336,pfarm,1251,NBEATSx,mse,0.1144296472304379
0,ETTh1,336,pfarm,751,TCN,mse,0.1144288290763665
0,ETTh1,336,pentropy,1001,TSMixerx,mse,0.1144138999075893
0,ETTh1,336,pmutual_info,1501,TSMixerx,mse,0.1144065816280458
0,ETTh1,336,iprollcov,1001,TCN,mse,0.1144005156966105
0,ETTh1,720,ipentropy,1251,TCN,mse,0.1143943648603609
0,ETTh1,336,prollcov,1251,NBEATSx,mse,0.1143900535173487
0,ETTh1,336,prollcorr,1001,TCN,mse,0.1143867955993619
0,ETTh1,336,pentropy,501,NBEATSx,mse,0.1143658710511165
0,ETTh1,336,pentropy,1251,TSMixerx,mse,0.1143549930430646
0,ETTh1,720,prollcov,1501,TCN,mse,0.1143363717010433
0,ETTh1,336,ipmutual_info,1251,TSMixerx,mse,0.1143313799856558
0,ETTh1,336,pmutual_info,1001,TCN,mse,0.1143306771619239
0,ETTh1,336,iprollcorr,1501,NBEATSx,mse,0.1143057307771174
0,ETTh1,720,ipentropy,1001,TSMixerx,mse,0.1143031352360131
0,ETTh1,336,pfarm,751,TSMixerx,mse,0.1143014113491878
0,ETTh1,336,ipentropy,1251,TSMixerx,mse,0.114298289240108
0,ETTh1,336,prollcorr,1251,TSMixerx,mse,0.1142832818172615
0,ETTh1,336,identity,N/A,TSMixerx,mse,0.1142728283182851
0,ETTh1,720,prollcorr,1001,TCN,mse,0.1141088313655712
0,ETTh1,336,ipmutual_info,751,NBEATSx,mse,0.1140815413410138
4,ETTh1,720,prollcorr,1251,BiTCN,smape,0.1140426492161808
0,ETTh1,336,ipmutual_info,1501,NBEATSx,mse,0.1139948451523777
0,ETTh1,720,iprollcov,501,TCN,mse,0.1139235334080782
4,ETTh1,720,iprollcov,751,NHITS,smape,0.1139217245178698
0,ETTh1,720,prollcov,501,TCN,mse,0.11387657052179
0,ETTh1,720,pmutual_info,1251,TSMixerx,mse,0.1138730058337921
0,ETTh1,336,pfarm,1001,NBEATSx,mse,0.1138482782461172
0,ETTh1,336,iprollcov,1001,NBEATSx,mse,0.113798635716634
0,ETTh1,336,prollcorr,1501,NBEATSx,mse,0.1137483075805739
0,ETTh1,336,ipentropy,1251,MLP,mse,0.113732294523835
0,ETTh1,336,pfarm,751,NBEATSx,mse,0.1137160883312435
0,ETTh1,720,prollcov,1251,TCN,mse,0.1136490825598739
0,ETTh1,336,pmutual_info,1001,NBEATSx,mse,0.1136232346568162
0,ETTh1,336,ipentropy,1501,NBEATSx,mse,0.1135868777164594
4,ETTh1,720,ipentropy,751,BiTCN,smape,0.1135855553052408
0,ETTh1,336,prollcorr,501,TFT,mse,0.1135752782983573
0,ETTh1,336,prollcov,1251,MLP,mse,0.1135725870217364
0,ETTh1,720,iprollcorr,751,TCN,mse,0.1134948000649072
0,ETTh1,336,prollcov,1001,NBEATSx,mse,0.1134519100716362
0,ETTh1,720,prollcorr,1251,TCN,mse,0.1134488126181343
0,ETTh1,336,iprollcorr,1001,NBEATSx,mse,0.1134220409251313
4,ETTh1,720,iprollcorr,751,NHITS,smape,0.1133948855197571
0,ETTh1,336,ipentropy,1251,NBEATSx,mse,0.1133939119135588
4,ETTh1,720,pmutual_info,1251,NHITS,smape,0.1133926713321677
0,ETTh1,336,pentropy,1001,TFT,mse,0.1133516115571104
0,ETTh1,720,pmutual_info,1251,TCN,mse,0.1133450720131635
0,ETTh1,336,ipmutual_info,501,BiTCN,mse,0.1133435879134932
0,ETTh1,720,iprollcov,751,TCN,mse,0.1133411275342391
0,ETTh1,720,iprollcov,501,TSMixerx,mse,0.1133371203142098
4,ETTh1,720,prollcov,751,NBEATSx,smape,0.1133360945017192
0,ETTh1,720,iprollcorr,501,TCN,mse,0.1133300814352034
0,ETTh1,720,ipentropy,1501,TCN,mse,0.1133194698300426
0,ETTh1,336,pmutual_info,1501,TFT,mse,0.1133074022011707
0,ETTh1,336,pfarm,1501,NBEATSx,mse,0.11330544221718
0,ETTh1,336,ipmutual_info,751,TFT,mse,0.1133052435588469
0,ETTh1,336,pentropy,1501,MLP,mse,0.1132965635864849
0,ETTh1,336,iprollcov,1501,NBEATSx,mse,0.1132922708767882
4,ETTh1,720,pmutual_info,1251,BiTCN,smape,0.1132803009807144
0,ETTh1,336,pfarm,751,MLP,mse,0.1132460158199522
0,ETTh1,336,identity,N/A,NBEATSx,mse,0.1132394732048092
0,ETTh1,336,pmutual_info,1251,NBEATSx,mse,0.1132359167555097
0,ETTh1,336,pfarm,751,BiTCN,mse,0.1132278055926387
0,ETTh1,336,pmutual_info,1251,BiTCN,mse,0.1132120805593237
0,ETTh1,720,pentropy,1001,TSMixerx,mse,0.1131491086124647
0,ETTh1,720,pentropy,1501,TCN,mse,0.1130968542004147
0,ETTh1,336,iprollcorr,1501,MLP,mse,0.1130373885946682
0,ETTh1,720,ipentropy,1001,TCN,mse,0.1130247757068898
0,ETTh1,720,ipentropy,501,TCN,mse,0.1130086063221137
0,ETTh1,336,iprollcorr,1251,MLP,mse,0.1130009577665372
4,ETTh1,720,iprollcorr,1001,NBEATSx,smape,0.1129942922395748
0,ETTh1,336,iprollcorr,1251,NBEATSx,mse,0.1129814936759361
0,ETTh1,336,prollcov,1001,MLP,mse,0.1129786224795847
0,ETTh1,336,iprollcov,1251,NBEATSx,mse,0.1129682446855425
0,ETTh1,720,ipentropy,751,TSMixerx,mse,0.1129258371014081
0,ETTh1,336,iprollcorr,501,NBEATSx,mse,0.1129232482092674
0,ETTh1,336,iprollcov,1501,MLP,mse,0.1129070399288215
0,ETTh1,336,pentropy,751,MLP,mse,0.1128204956402244
0,ETTh1,336,pentropy,1251,MLP,mse,0.1128141816011926
0,ETTh1,336,pfarm,501,TFT,mse,0.1128125685559083
0,ETTh1,336,iprollcov,501,NBEATSx,mse,0.1128087202289692
0,ETTh1,720,prollcorr,751,TCN,mse,0.1127999529047334
0,ETTh1,720,iprollcov,1251,TCN,mse,0.112794457920928
0,ETTh1,336,ipmutual_info,751,MLP,mse,0.1127416628766548
0,ETTh1,720,prollcov,501,TFT,mse,0.1127301250993076
0,ETTh1,336,prollcov,1501,MLP,mse,0.1126990635554306
0,ETTh1,720,ipentropy,1501,TSMixerx,mse,0.1126989620428505
0,ETTh1,336,iprollcov,1251,MLP,mse,0.1126966702296854
0,ETTh1,336,iprollcorr,1001,BiTCN,mse,0.1126891825482544
0,ETTh1,336,prollcorr,501,NBEATSx,mse,0.1126719373921867
0,ETTh1,336,prollcov,751,MLP,mse,0.1126699754062401
0,ETTh1,720,iprollcorr,1001,TSMixerx,mse,0.1126003762048495
4,ETTh1,720,iprollcov,1001,NHITS,smape,0.1125990211059397
4,ETTh1,720,iprollcorr,1001,NHITS,smape,0.1125916732422768
0,ETTh1,336,ipentropy,751,MLP,mse,0.112553270814204
0,ETTh1,720,ipmutual_info,501,TCN,mse,0.1125317886118514
0,ETTh1,720,ipentropy,1501,TFT,mse,0.112516896749154
0,ETTh1,720,iprollcorr,1251,TSMixerx,mse,0.1125139317686343
0,ETTh1,336,ipmutual_info,1251,MLP,mse,0.1124802434341237
0,ETTh1,720,iprollcorr,751,TSMixerx,mse,0.1124384305932711
4,ETTh1,720,iprollcorr,1501,BiTCN,smape,0.1124329335030666
0,ETTh1,336,pentropy,1001,NBEATSx,mse,0.1124264488894609
0,ETTh1,720,iprollcov,1001,TFT,mse,0.1124210620035239
0,ETTh1,720,prollcorr,1001,TSMixerx,mse,0.1124025148949571
4,ETTh1,720,prollcorr,1001,BiTCN,smape,0.1123950438439362
0,ETTh1,336,prollcorr,1001,NBEATSx,mse,0.1123762714001726
0,ETTh1,336,ipmutual_info,1251,BiTCN,mse,0.1123385123274007
0,ETTh1,336,pfarm,501,NBEATSx,mse,0.1123173819121221
0,ETTh1,192,pentropy,1251,LSTM,mse,0.11231034735748
0,ETTh1,336,ipentropy,751,NBEATSx,mse,0.1122912297718373
0,ETTh1,720,pmutual_info,1501,TCN,mse,0.1122740592053315
0,ETTh1,720,ipmutual_info,1251,TSMixerx,mse,0.112273106399298
0,ETTh1,336,ipentropy,501,NBEATSx,mse,0.1122519373545151
0,ETTh1,336,prollcov,1251,BiTCN,mse,0.1122510888364193
0,ETTh1,336,iprollcorr,1501,TFT,mse,0.1121411619976597
0,ETTh1,336,pmutual_info,1501,TCN,mse,0.1120936111432688
0,ETTh1,336,ipentropy,1001,NBEATSx,mse,0.1120824608547906
0,ETTh1,336,pfarm,1251,MLP,mse,0.112078655300255
0,ETTh1,336,pmutual_info,1501,NBEATSx,mse,0.1120365687828759
0,ETTh1,336,prollcorr,1001,TFT,mse,0.1119573660373683
0,ETTh1,720,iprollcov,1001,TSMixerx,mse,0.111930409766386
4,ETTh1,720,pfarm,1501,NBEATSx,smape,0.1119287848106099
0,ETTh1,336,iprollcov,751,NBEATSx,mse,0.1118712031481258
0,ETTh1,720,pfarm,1251,TSMixerx,mse,0.1118548970154714
0,ETTh1,720,prollcorr,1251,TSMixerx,mse,0.1118426957888702
0,ETTh1,720,pfarm,1501,TFT,mse,0.1118124158068169
4,ETTh1,720,pentropy,1251,BiTCN,smape,0.1118117689853987
0,ETTh1,336,prollcov,501,MLP,mse,0.1117893993442827
0,ETTh1,336,pentropy,751,BiTCN,mse,0.1117668630403791
0,ETTh1,336,pfarm,1001,MLP,mse,0.1117488200425821
0,ETTh1,336,iprollcorr,751,NBEATSx,mse,0.1116453989159727
0,ETTh1,336,iprollcorr,1501,BiTCN,mse,0.1115829777550189
0,ETTh1,336,prollcorr,1501,MLP,mse,0.1115531644587499
0,ETTh1,720,ipentropy,751,TFT,mse,0.1115511882853276
0,ETTh1,720,pentropy,1251,TFT,mse,0.1115442285979256
0,ETTh1,720,ipmutual_info,501,TSMixerx,mse,0.1115346544720573
0,ETTh1,336,iprollcov,1251,TFT,mse,0.1115029770485638
0,ETTh1,336,prollcov,751,TFT,mse,0.111495699708581
0,ETTh1,720,pentropy,1251,TSMixerx,mse,0.1114723557754993
0,ETTh1,336,ipentropy,1001,TFT,mse,0.111452016995727
0,ETTh1,336,ipmutual_info,1001,MLP,mse,0.1114115975289703
0,ETTh1,336,iprollcov,501,MLP,mse,0.1114112617508224
0,ETTh1,336,ipentropy,1501,MLP,mse,0.1113673615550307
0,ETTh1,336,prollcov,1501,NBEATSx,mse,0.1113672661166935
0,ETTh1,336,pfarm,1501,TFT,mse,0.1113591911653921
0,ETTh1,336,ipmutual_info,501,TFT,mse,0.1113571159011697
0,ETTh1,720,iprollcorr,1251,TCN,mse,0.1113490241565729
0,ETTh1,336,ipentropy,1001,MLP,mse,0.1113056361317879
0,ETTh1,720,pmutual_info,501,TFT,mse,0.1113017563764902
0,ETTh1,720,iprollcorr,1001,TCN,mse,0.1113015956058006
0,ETTh1,720,pfarm,1251,TFT,mse,0.11127933131565
0,ETTh1,336,pentropy,501,TFT,mse,0.1112683083326052
0,ETTh1,336,identity,N/A,MLP,mse,0.1112150034489772
0,ETTh1,336,pmutual_info,1251,MLP,mse,0.1111972585872495
0,ETTh1,336,iprollcorr,1001,MLP,mse,0.1111819546153898
4,ETTh1,720,ipmutual_info,751,NBEATSx,smape,0.1111562130075054
0,ETTh1,720,pmutual_info,1001,TCN,mse,0.1111449236945102
0,ETTh1,336,ipmutual_info,1501,MLP,mse,0.1111389709297939
0,ETTh1,336,pfarm,1001,BiTCN,mse,0.1111318702153208
0,ETTh1,192,pmutual_info,1501,TSMixerx,mse,0.1111154555352473
0,ETTh1,720,pentropy,751,TFT,mse,0.1110980255968304
0,ETTh1,720,iprollcov,501,TFT,mse,0.1110879746564108
0,ETTh1,720,ipmutual_info,1501,TCN,mse,0.1110783597793742
0,ETTh1,336,prollcorr,1501,TFT,mse,0.1110761547419154
0,ETTh1,720,ipmutual_info,1001,TCN,mse,0.1110598131283468
0,ETTh1,720,pentropy,751,TCN,mse,0.1110362162322075
0,ETTh1,720,pentropy,1501,TFT,mse,0.1110339840816259
4,ETTh1,720,pfarm,1251,NBEATSx,smape,0.1110266055037086
0,ETTh1,720,pfarm,1251,TCN,mse,0.1109964849184249
0,ETTh1,720,pentropy,1001,TCN,mse,0.1109435367332833
0,ETTh1,720,identity,N/A,TCN,mse,0.110915726987466
4,ETTh1,720,ipmutual_info,501,NBEATSx,smape,0.110912450532014
0,ETTh1,336,pmutual_info,501,TFT,mse,0.1108984099857897
0,ETTh1,720,pfarm,1501,TCN,mse,0.1108862866569499
0,ETTh1,720,iprollcov,1501,TFT,mse,0.1108777944382976
0,ETTh1,720,pmutual_info,501,TCN,mse,0.1108639269278902
4,ETTh1,720,pmutual_info,751,NHITS,smape,0.1108225787413055
0,ETTh1,720,pentropy,501,TCN,mse,0.1107832007205208
0,ETTh1,336,pmutual_info,751,TFT,mse,0.1107217334279141
0,ETTh1,336,pfarm,751,TFT,mse,0.1107203432808852
0,ETTh1,336,iprollcorr,501,TFT,mse,0.1106991019215253
4,ETTh1,720,iprollcov,1251,NBEATSx,smape,0.1106845682899228
0,ETTh1,336,ipentropy,501,MLP,mse,0.1106197960321594
0,ETTh1,336,pfarm,1001,TFT,mse,0.1105883368912914
0,ETTh1,336,pfarm,1501,MLP,mse,0.1105868746991172
0,ETTh1,720,pentropy,501,TFT,mse,0.1105788235376656
0,ETTh1,336,pmutual_info,1251,TFT,mse,0.1105629786375864
0,ETTh1,720,pfarm,501,MLP,mse,0.1105530864950329
0,ETTh1,336,ipentropy,501,TFT,mse,0.1105517277203627
0,ETTh1,336,iprollcov,1001,TFT,mse,0.1104984446940604
0,ETTh1,336,prollcorr,1251,TFT,mse,0.1104909410017685
0,ETTh1,336,ipmutual_info,1251,NBEATSx,mse,0.1104764237170344
0,ETTh1,336,pfarm,751,GRU,mse,0.1104547513305734
0,ETTh1,336,pentropy,1001,MLP,mse,0.1104446727057266
0,ETTh1,336,ipentropy,751,TFT,mse,0.1103680796513672
0,ETTh1,336,prollcorr,751,BiTCN,mse,0.1103475875787486
0,ETTh1,720,prollcorr,501,TFT,mse,0.1103009975895138
0,ETTh1,336,ipentropy,501,BiTCN,mse,0.1102750296490745
0,ETTh1,336,pentropy,1251,TFT,mse,0.1102528044352681
0,ETTh1,336,pmutual_info,1001,TFT,mse,0.1101520610575198
0,ETTh1,336,prollcorr,501,MLP,mse,0.1101254496029097
0,ETTh1,336,prollcov,501,TFT,mse,0.1100765504003322
0,ETTh1,336,pentropy,751,TFT,mse,0.1100736160184132
0,ETTh1,720,pentropy,501,MLP,mse,0.1100630463716485
0,ETTh1,720,pfarm,751,MLP,mse,0.1100596093741612
0,ETTh1,720,prollcorr,501,MLP,mse,0.1100470073096844
0,ETTh1,720,pentropy,1001,MLP,mse,0.1100198206590074
0,ETTh1,720,pfarm,1001,MLP,mse,0.1100013349084925
0,ETTh1,336,iprollcov,501,TFT,mse,0.1099599758003942
0,ETTh1,720,pentropy,751,MLP,mse,0.1099360158398331
0,ETTh1,720,ipmutual_info,501,MLP,mse,0.1099225724611907
0,ETTh1,336,pmutual_info,1501,MLP,mse,0.1099066044346312
4,ETTh1,720,iprollcorr,501,BiTCN,smape,0.1098621428703785
0,ETTh1,336,identity,N/A,TFT,mse,0.1098488286817744
4,ETTh1,720,pentropy,501,NBEATSx,smape,0.109810534525722
0,ETTh1,192,pmutual_info,751,TSMixerx,mse,0.109777195607592
4,ETTh1,720,pmutual_info,501,NHITS,smape,0.1097638148545614
4,ETTh1,720,ipmutual_info,1501,NBEATSx,smape,0.1097444341593416
0,ETTh1,336,pentropy,1501,TFT,mse,0.109700503315139
0,ETTh1,336,ipentropy,1501,TFT,mse,0.1096640053754781
0,ETTh1,720,prollcorr,751,TFT,mse,0.109543911978045
0,ETTh1,336,ipmutual_info,1001,TFT,mse,0.1095317563956352
0,ETTh1,336,prollcorr,1501,BiTCN,mse,0.1095258401464151
0,ETTh1,336,prollcov,1501,TFT,mse,0.1095249722533766
0,ETTh1,336,ipmutual_info,501,MLP,mse,0.1094960854016902
0,ETTh1,720,prollcov,501,MLP,mse,0.1094601056693984
0,ETTh1,336,prollcov,1001,TFT,mse,0.1093619351283594
0,ETTh1,720,pfarm,1251,MLP,mse,0.109344936746638
0,ETTh1,720,iprollcov,1001,MLP,mse,0.1093311379481194
0,ETTh1,720,ipmutual_info,501,TFT,mse,0.1093134629448933
0,ETTh1,336,iprollcov,1501,TFT,mse,0.1092956408329171
0,ETTh1,720,pentropy,1251,MLP,mse,0.1092833032695583
0,ETTh1,720,prollcorr,1251,MLP,mse,0.1092785047243313
0,ETTh1,720,ipmutual_info,1001,MLP,mse,0.1092705215105432
0,ETTh1,720,prollcorr,1001,TFT,mse,0.1092694499304448
0,ETTh1,720,pmutual_info,1001,TFT,mse,0.1092320006597884
0,ETTh1,336,iprollcorr,1251,DeepNPTS,mse,0.1092294565120862
0,ETTh1,336,prollcov,1001,BiTCN,mse,0.1092230708512457
0,ETTh1,720,iprollcorr,1501,MLP,mse,0.1092190949527351
4,ETTh1,720,ipmutual_info,751,BiTCN,smape,0.1092114981422623
0,ETTh1,720,iprollcorr,1001,MLP,mse,0.1092062000216564
0,ETTh1,720,ipentropy,1251,MLP,mse,0.1091835341281734
0,ETTh1,336,pmutual_info,751,BiTCN,mse,0.109148849921521
0,ETTh1,720,ipmutual_info,751,MLP,mse,0.1090330327362606
0,ETTh1,720,prollcorr,1501,MLP,mse,0.108980023500617
0,ETTh1,96,ipmutual_info,501,NBEATSx,mse,0.1089741160482488
0,ETTh1,336,pfarm,1501,BiTCN,mse,0.1089672834048541
4,ETTh1,720,prollcorr,751,BiTCN,smape,0.1089601739422609
4,ETTh1,720,pmutual_info,1251,TFT,smape,0.1089537530986843
0,ETTh1,336,prollcov,501,DeepNPTS,mse,0.1089469445786337
0,ETTh1,720,ipentropy,1501,MLP,mse,0.1089342098913609
0,ETTh1,336,pentropy,1501,BiTCN,mse,0.1089102392146144
0,ETTh1,336,iprollcorr,501,MLP,mse,0.1089033406176529
0,ETTh1,720,pfarm,1501,MLP,mse,0.108896587828431
0,ETTh1,720,prollcorr,1001,MLP,mse,0.1088900258243803
4,ETTh1,720,pentropy,501,BiTCN,smape,0.1088612686835159
0,ETTh1,720,prollcorr,751,MLP,mse,0.1088559948393443
0,ETTh1,720,pentropy,1501,MLP,mse,0.1088490405867669
0,ETTh1,720,iprollcov,501,MLP,mse,0.1088064743588531
0,ETTh1,720,prollcov,751,MLP,mse,0.1087291048858553
0,ETTh1,192,prollcov,1501,NHITS,mse,0.1087150193454343
4,ETTh1,720,pmutual_info,501,NBEATSx,smape,0.1086868435734708
0,ETTh1,720,ipentropy,1001,TFT,mse,0.1086655218868789
0,ETTh1,720,pmutual_info,751,MLP,mse,0.1086618763140913
0,ETTh1,720,prollcov,1001,MLP,mse,0.1086456363239114
0,ETTh1,720,prollcov,1501,MLP,mse,0.1086287412642211
0,ETTh1,720,pfarm,751,TFT,mse,0.1086081072974176
0,ETTh1,192,prollcov,501,TSMixerx,mse,0.1085868937979754
0,ETTh1,720,iprollcorr,501,MLP,mse,0.108571138886274
0,ETTh1,720,iprollcov,1501,MLP,mse,0.1085665871461618
0,ETTh1,720,identity,N/A,MLP,mse,0.1085499779509025
0,ETTh1,720,prollcov,1251,MLP,mse,0.1085454108230037
0,ETTh1,720,ipmutual_info,1501,MLP,mse,0.1085432381750074
0,ETTh1,720,ipentropy,501,MLP,mse,0.1085411426882373
0,ETTh1,336,ipentropy,1251,TFT,mse,0.108536529502426
4,ETTh1,720,pfarm,751,BiTCN,smape,0.1085321807752996
0,ETTh1,720,ipentropy,1001,MLP,mse,0.1085152867686485
0,ETTh1,720,pfarm,1001,TSMixerx,mse,0.108489219431887
0,ETTh1,720,ipmutual_info,1251,MLP,mse,0.1084842975485332
0,ETTh1,720,ipmutual_info,1001,TSMixerx,mse,0.1084174923525411
0,ETTh1,720,iprollcov,1251,MLP,mse,0.1084172765245468
0,ETTh1,720,ipentropy,751,MLP,mse,0.108402008239152
0,ETTh1,720,iprollcorr,751,MLP,mse,0.1083843540142232
0,ETTh1,720,pfarm,1001,TFT,mse,0.108374398571028
0,ETTh1,720,pfarm,501,TSMixerx,mse,0.1083622352584964
0,ETTh1,336,ipentropy,1251,DeepNPTS,mse,0.1083436930718868
4,ETTh1,720,iprollcorr,1251,NBEATSx,smape,0.1083085117129739
0,ETTh1,720,prollcorr,1501,TFT,mse,0.10827715058566
0,ETTh1,720,iprollcorr,1251,MLP,mse,0.1082608858756695
4,ETTh1,720,pmutual_info,1001,NBEATSx,smape,0.1082406961114192
0,ETTh1,720,iprollcov,751,MLP,mse,0.1082334488533279
0,ETTh1,720,identity,N/A,TSMixerx,mse,0.1082305321788118
0,ETTh1,720,ipentropy,1251,TSMixerx,mse,0.1082304448722158
0,ETTh1,720,pfarm,1501,TSMixerx,mse,0.1081079860026567
0,ETTh1,336,pmutual_info,751,DeepNPTS,mse,0.1081050084280606
4,ETTh1,720,prollcorr,1251,NBEATSx,smape,0.1080896251560808
0,ETTh1,720,prollcov,501,TSMixerx,mse,0.1080646776244365
0,ETTh1,720,pmutual_info,501,TSMixerx,mse,0.1080432199319628
0,ETTh1,720,iprollcov,1501,TSMixerx,mse,0.1080272442677715
0,ETTh1,720,ipentropy,1251,TiDE,mse,0.1079607514268973
0,ETTh1,720,iprollcov,1251,TiDE,mse,0.1079607514268973
0,ETTh1,720,iprollcov,501,TiDE,mse,0.1079607514268973
0,ETTh1,720,prollcorr,1001,TiDE,mse,0.1079607514268973
0,ETTh1,720,ipentropy,751,TiDE,mse,0.1079607514268973
0,ETTh1,720,ipentropy,1001,TiDE,mse,0.1079607514268973
0,ETTh1,720,iprollcorr,1001,TiDE,mse,0.1079607514268973
0,ETTh1,720,iprollcorr,751,TiDE,mse,0.1079607514268973
0,ETTh1,720,pentropy,1001,TiDE,mse,0.1079607514268973
0,ETTh1,720,prollcov,751,TiDE,mse,0.1079607514268973
0,ETTh1,720,pentropy,1251,TiDE,mse,0.1079607514268973
0,ETTh1,720,pentropy,501,TiDE,mse,0.1079607514268973
0,ETTh1,720,prollcorr,501,TiDE,mse,0.1079607514268973
0,ETTh1,720,pfarm,1501,TiDE,mse,0.1079607514268973
0,ETTh1,720,pentropy,1501,TiDE,mse,0.1079607514268973
0,ETTh1,720,pmutual_info,1251,TiDE,mse,0.1079607514268973
0,ETTh1,720,pmutual_info,501,TiDE,mse,0.1079607514268973
0,ETTh1,720,pfarm,501,TiDE,mse,0.1079607514268973
0,ETTh1,720,pmutual_info,1501,TiDE,mse,0.1079607514268973
0,ETTh1,720,iprollcorr,501,TiDE,mse,0.1079607514268973
0,ETTh1,720,iprollcorr,1251,TiDE,mse,0.1079607514268973
0,ETTh1,720,iprollcorr,1501,TiDE,mse,0.1079607514268973
0,ETTh1,720,ipmutual_info,501,TiDE,mse,0.1079607514268973
0,ETTh1,720,ipmutual_info,751,TiDE,mse,0.1079607514268973
0,ETTh1,720,ipentropy,501,TiDE,mse,0.1079607514268973
0,ETTh1,720,iprollcov,751,TiDE,mse,0.1079607514268973
0,ETTh1,720,iprollcov,1001,TiDE,mse,0.1079607514268973
0,ETTh1,720,ipentropy,1501,TiDE,mse,0.1079607514268973
0,ETTh1,720,identity,N/A,TiDE,mse,0.1079607514268973
0,ETTh1,720,iprollcov,1501,TiDE,mse,0.1079607514268973
0,ETTh1,720,pmutual_info,1001,TiDE,mse,0.1079607514268973
0,ETTh1,720,pmutual_info,751,TiDE,mse,0.1079607514268973
0,ETTh1,720,ipmutual_info,1251,TiDE,mse,0.1079607514268973
0,ETTh1,720,ipmutual_info,1001,TiDE,mse,0.1079607514268973
0,ETTh1,720,ipmutual_info,1501,TiDE,mse,0.1079607514268973
0,ETTh1,720,pfarm,751,TiDE,mse,0.1079607514268973
0,ETTh1,720,pfarm,1001,TiDE,mse,0.1079607514268973
0,ETTh1,720,prollcorr,1251,TiDE,mse,0.1079607514268973
0,ETTh1,720,prollcorr,1501,TiDE,mse,0.1079607514268973
0,ETTh1,720,pfarm,1251,TiDE,mse,0.1079607514268973
0,ETTh1,720,prollcorr,751,TiDE,mse,0.1079607514268973
0,ETTh1,720,prollcov,1001,TiDE,mse,0.1079607514268973
0,ETTh1,720,prollcov,1251,TiDE,mse,0.1079607514268973
0,ETTh1,720,prollcov,1501,TiDE,mse,0.1079607514268973
0,ETTh1,720,prollcov,501,TiDE,mse,0.1079607514268973
0,ETTh1,720,pentropy,751,TiDE,mse,0.1079607514268973
0,ETTh1,720,prollcov,1001,TFT,mse,0.1079404140254918
0,ETTh1,720,ipentropy,501,TSMixerx,mse,0.1079343477394745
4,ETTh1,720,identity,N/A,BiTCN,smape,0.1079319533810831
4,ETTh1,720,iprollcov,1501,BiTCN,smape,0.1079085931173188
0,ETTh1,720,iprollcorr,1501,TSMixerx,mse,0.1078985146258584
0,ETTh1,192,prollcorr,1501,NHITS,mse,0.1078936632294077
0,ETTh1,336,pmutual_info,1001,DeepNPTS,mse,0.1078900057730079
0,ETTh1,336,prollcov,751,BiTCN,mse,0.107816478743307
0,ETTh1,720,pfarm,501,TFT,mse,0.1077819855860901
0,ETTh1,720,ipmutual_info,751,TFT,mse,0.1077642458288095
0,ETTh1,336,ipmutual_info,751,DeepNPTS,mse,0.1077221338121105
0,ETTh1,720,iprollcorr,501,TSMixerx,mse,0.1076338376476566
0,ETTh1,336,pmutual_info,501,DeepNPTS,mse,0.1076051493061761
0,ETTh1,720,pmutual_info,1501,MLP,mse,0.1075469388819728
0,ETTh1,720,prollcorr,501,TSMixerx,mse,0.1075269115306598
4,ETTh1,720,pfarm,1001,NBEATSx,smape,0.1075030620291421
0,ETTh1,720,pfarm,751,TSMixerx,mse,0.107500416774725
0,ETTh1,720,pmutual_info,751,TFT,mse,0.1074976052258831
0,ETTh1,720,iprollcorr,1001,TFT,mse,0.1074622016310507
0,ETTh1,720,pmutual_info,1501,TSMixerx,mse,0.1074267381136617
0,ETTh1,720,prollcov,1501,TSMixerx,mse,0.107392657979665
4,ETTh1,720,pentropy,751,BiTCN,smape,0.1073778872014164
0,ETTh1,720,prollcorr,1251,TFT,mse,0.1073658743454138
0,ETTh1,192,ipentropy,1251,NHITS,mse,0.1073231569489733
0,ETTh1,720,pmutual_info,1251,MLP,mse,0.1073178637577347
0,ETTh1,720,pmutual_info,1001,MLP,mse,0.1072983727387621
0,ETTh1,336,pentropy,1251,DeepNPTS,mse,0.1072392708155045
0,ETTh1,336,prollcov,1251,DeepNPTS,mse,0.107186753210819
0,ETTh1,336,iprollcov,751,DeepNPTS,mse,0.1071803564039275
4,ETTh1,720,iprollcorr,1251,BiTCN,smape,0.1071541009023088
0,ETTh1,336,pmutual_info,1501,DeepNPTS,mse,0.1071312416272694
4,ETTh1,720,ipentropy,1001,BiTCN,smape,0.1070611526856632
0,ETTh1,336,prollcorr,1251,DeepNPTS,mse,0.1070185535621825
0,ETTh1,720,pentropy,1501,TSMixerx,mse,0.1069999522194504
0,ETTh1,336,pfarm,1001,DeepNPTS,mse,0.1069883513691349
0,ETTh1,336,ipmutual_info,501,DeepNPTS,mse,0.1069701925621749
0,ETTh1,720,ipmutual_info,1501,TFT,mse,0.1069151694845642
0,ETTh1,720,iprollcov,751,TFT,mse,0.1068498708690357
0,ETTh1,336,ipentropy,1001,DeepNPTS,mse,0.1068262110091346
0,ETTh1,720,iprollcov,751,TSMixerx,mse,0.1068169948228961
0,ETTh1,720,pentropy,751,TSMixerx,mse,0.1067982024910271
0,ETTh1,720,prollcov,1251,TFT,mse,0.1066914597249392
0,ETTh1,336,iprollcov,1501,DeepNPTS,mse,0.10666450300042
0,ETTh1,336,ipmutual_info,1001,DeepNPTS,mse,0.1066060628488083
0,ETTh1,720,identity,N/A,TFT,mse,0.1066003624965148
0,ETTh1,720,iprollcorr,751,TFT,mse,0.1065868419371536
0,ETTh1,336,ipmutual_info,1501,DeepNPTS,mse,0.1065801537551237
0,ETTh1,336,prollcorr,751,MLP,mse,0.1065536560296334
0,ETTh1,720,iprollcorr,501,TFT,mse,0.1065372052859292
0,ETTh1,336,prollcov,1501,DeepNPTS,mse,0.1065296706924507
0,ETTh1,720,prollcov,751,TFT,mse,0.1064696546693027
0,ETTh1,336,ipmutual_info,1251,DeepNPTS,mse,0.1064419229453219
0,ETTh1,720,pmutual_info,501,MLP,mse,0.1064368245527761
0,ETTh1,336,pentropy,1501,DeepNPTS,mse,0.1063769911089981
0,ETTh1,336,iprollcorr,501,DeepNPTS,mse,0.1063735856924887
0,ETTh1,336,prollcorr,1001,DeepNPTS,mse,0.1063285716104785
0,ETTh1,720,ipmutual_info,1251,TFT,mse,0.1062973616802403
4,ETTh1,720,ipmutual_info,1001,NBEATSx,smape,0.106284327440095
0,ETTh1,336,pfarm,501,DeepNPTS,mse,0.1062769713809647
0,ETTh1,192,ipmutual_info,501,NHITS,mse,0.1062700307366937
0,ETTh1,192,ipmutual_info,751,NHITS,mse,0.1062656053083503
0,ETTh1,336,ipentropy,501,DeepNPTS,mse,0.1062630691195036
0,ETTh1,720,prollcov,1251,TSMixerx,mse,0.106251563849466
0,ETTh1,336,prollcov,751,TiDE,mse,0.1062202584311507
0,ETTh1,336,prollcorr,501,TiDE,mse,0.1062202584311507
0,ETTh1,336,ipmutual_info,1501,TiDE,mse,0.1062202584311507
0,ETTh1,336,iprollcov,1501,TiDE,mse,0.1062202584311507
0,ETTh1,336,pfarm,1001,TiDE,mse,0.1062202584311507
0,ETTh1,336,pfarm,751,TiDE,mse,0.1062202584311507
0,ETTh1,336,iprollcorr,1251,TiDE,mse,0.1062202584311507
0,ETTh1,336,prollcov,501,TiDE,mse,0.1062202584311507
0,ETTh1,336,identity,N/A,TiDE,mse,0.1062202584311507
0,ETTh1,336,prollcov,1501,TiDE,mse,0.1062202584311507
0,ETTh1,336,iprollcorr,1001,TiDE,mse,0.1062202584311507
0,ETTh1,336,iprollcov,1251,TiDE,mse,0.1062202584311507
0,ETTh1,336,ipentropy,1001,TiDE,mse,0.1062202584311507
0,ETTh1,336,pfarm,1251,TiDE,mse,0.1062202584311507
0,ETTh1,336,pfarm,1501,TiDE,mse,0.1062202584311507
0,ETTh1,336,pfarm,501,TiDE,mse,0.1062202584311507
0,ETTh1,336,prollcorr,751,TiDE,mse,0.1062202584311507
0,ETTh1,336,pentropy,501,TiDE,mse,0.1062202584311507
0,ETTh1,336,iprollcov,1001,TiDE,mse,0.1062202584311507
0,ETTh1,336,pmutual_info,501,TiDE,mse,0.1062202584311507
0,ETTh1,336,ipentropy,1251,TiDE,mse,0.1062202584311507
0,ETTh1,336,ipentropy,1501,TiDE,mse,0.1062202584311507
0,ETTh1,336,pentropy,1001,TiDE,mse,0.1062202584311507
0,ETTh1,336,pmutual_info,751,TiDE,mse,0.1062202584311507
0,ETTh1,336,pmutual_info,1001,TiDE,mse,0.1062202584311507
0,ETTh1,336,pmutual_info,1251,TiDE,mse,0.1062202584311507
0,ETTh1,336,iprollcorr,1501,TiDE,mse,0.1062202584311507
0,ETTh1,336,iprollcov,501,TiDE,mse,0.1062202584311507
0,ETTh1,336,pentropy,1251,TiDE,mse,0.1062202584311507
0,ETTh1,336,pentropy,1501,TiDE,mse,0.1062202584311507
0,ETTh1,336,pmutual_info,1501,TiDE,mse,0.1062202584311507
0,ETTh1,336,ipentropy,751,TiDE,mse,0.1062202584311507
0,ETTh1,336,prollcov,1251,TiDE,mse,0.1062202584311507
0,ETTh1,336,prollcorr,1001,TiDE,mse,0.1062202584311507
0,ETTh1,336,prollcorr,1251,TiDE,mse,0.1062202584311507
0,ETTh1,336,prollcorr,1501,TiDE,mse,0.1062202584311507
0,ETTh1,336,iprollcorr,501,TiDE,mse,0.1062202584311507
0,ETTh1,336,ipentropy,501,TiDE,mse,0.1062202584311507
0,ETTh1,336,pentropy,751,TiDE,mse,0.1062202584311507
0,ETTh1,336,ipmutual_info,1251,TiDE,mse,0.1062202584311507
0,ETTh1,336,iprollcov,751,TiDE,mse,0.1062202584311507
0,ETTh1,336,ipmutual_info,501,TiDE,mse,0.1062202584311507
0,ETTh1,336,ipmutual_info,751,TiDE,mse,0.1062202584311507
0,ETTh1,336,ipmutual_info,1001,TiDE,mse,0.1062202584311507
0,ETTh1,336,iprollcorr,751,TiDE,mse,0.1062202584311507
0,ETTh1,336,prollcov,1001,TiDE,mse,0.1062202584311507
4,ETTh1,720,prollcorr,501,BiTCN,smape,0.1062113766571697
0,ETTh1,720,ipmutual_info,1501,TSMixerx,mse,0.1061851396087762
0,ETTh1,336,prollcorr,751,DeepNPTS,mse,0.1061770266671325
0,ETTh1,336,pentropy,751,DeepNPTS,mse,0.1060270674713385
0,ETTh1,720,prollcov,1501,TFT,mse,0.1060072143057344
0,ETTh1,720,pmutual_info,751,TSMixerx,mse,0.1060022247258303
0,ETTh1,192,iprollcorr,501,NHITS,mse,0.1059631962100498
0,ETTh1,336,prollcov,1001,DeepNPTS,mse,0.1059468250890992
0,ETTh1,336,prollcorr,1001,BiTCN,mse,0.1059459909180872
0,ETTh1,336,iprollcov,501,DeepNPTS,mse,0.1058815932563998
0,ETTh1,720,pentropy,501,TSMixerx,mse,0.1058555603741908
0,ETTh1,336,iprollcov,1001,DeepNPTS,mse,0.1058463874478041
0,ETTh1,720,iprollcorr,1501,TFT,mse,0.105708132930313
4,ETTh1,720,prollcorr,1001,NBEATSx,smape,0.1056681939173033
0,ETTh1,336,prollcorr,1501,DeepNPTS,mse,0.1056620606861892
0,ETTh1,720,prollcorr,751,TSMixerx,mse,0.105654409906065
0,ETTh1,336,pfarm,1251,DeepNPTS,mse,0.1056434358348143
0,ETTh1,336,iprollcorr,751,DeepNPTS,mse,0.1055080817682756
0,ETTh1,336,pfarm,751,DeepNPTS,mse,0.1054872102365642
4,ETTh1,720,prollcorr,1501,NBEATSx,smape,0.1054596186186088
0,ETTh1,720,pmutual_info,1001,TSMixerx,mse,0.1054321179595683
0,ETTh1,336,pentropy,501,DeepNPTS,mse,0.1054201388425814
0,ETTh1,336,prollcorr,501,DeepNPTS,mse,0.1054099428941585
0,ETTh1,192,iprollcov,501,NHITS,mse,0.1053351318484904
0,ETTh1,192,ipmutual_info,1251,NHITS,mse,0.1053145622273924
0,ETTh1,336,iprollcorr,1001,DeepNPTS,mse,0.1053020714886792
4,ETTh1,720,ipmutual_info,1251,NBEATSx,smape,0.1052740636749486
4,ETTh1,720,iprollcov,501,NBEATSx,smape,0.1052468875085839
0,ETTh1,336,pfarm,501,BiTCN,mse,0.1051124671449705
0,ETTh1,336,ipentropy,751,DeepNPTS,mse,0.1050830467752083
0,ETTh1,192,iprollcorr,751,NHITS,mse,0.105014968819632
0,ETTh1,192,pfarm,1001,NHITS,mse,0.1050092535751306
4,ETTh1,720,iprollcorr,751,BiTCN,smape,0.1049564253991178
4,ETTh1,720,pentropy,1001,TFT,smape,0.1049397086585761
0,ETTh1,192,pfarm,1501,NHITS,mse,0.1048654963305477
0,ETTh1,336,iprollcov,1251,DeepNPTS,mse,0.1048626809723812
0,ETTh1,336,pmutual_info,1251,DeepNPTS,mse,0.1048546237172414
0,ETTh1,336,pfarm,1501,DeepNPTS,mse,0.1048421205145756
4,ETTh1,720,prollcov,1001,NBEATSx,smape,0.1048380801695455
0,ETTh1,336,identity,N/A,DeepNPTS,mse,0.104776110447186
4,ETTh1,720,pentropy,1251,DeepNPTS,smape,0.1047686027009708
0,ETTh1,192,pentropy,1501,NHITS,mse,0.1047510626694611
0,ETTh1,192,iprollcorr,1001,NHITS,mse,0.1046752926267651
0,ETTh1,336,prollcov,751,DeepNPTS,mse,0.104663564284203
0,ETTh1,192,identity,N/A,NHITS,mse,0.104660159592517
0,ETTh1,192,ipentropy,1501,NHITS,mse,0.1046586843772293
0,ETTh1,336,pentropy,1001,DeepNPTS,mse,0.1046442793631422
0,ETTh1,192,prollcorr,1251,NHITS,mse,0.104628699775619
0,ETTh1,192,ipmutual_info,1001,TFT,mse,0.1045914217079816
0,ETTh1,336,ipentropy,1501,DeepNPTS,mse,0.1045676574290932
4,ETTh1,720,ipmutual_info,1001,DeepNPTS,smape,0.1045167907319254
4,ETTh1,720,prollcorr,1501,BiTCN,smape,0.1044885933495378
4,ETTh1,192,pmutual_info,1251,TSMixerx,smape,0.1044882573690241
4,ETTh1,720,ipmutual_info,501,DeepNPTS,smape,0.1043991940395241
0,ETTh1,336,pmutual_info,501,BiTCN,mse,0.1043881351583089
0,ETTh1,192,pfarm,751,NHITS,mse,0.1043378572746439
4,ETTh1,720,prollcov,501,BiTCN,smape,0.1043161565920478
4,ETTh1,720,iprollcov,1501,TCN,smape,0.104279739200587
4,ETTh1,720,ipentropy,501,DeepNPTS,smape,0.1042724581307945
4,ETTh1,720,pfarm,751,DeepNPTS,smape,0.1042432835599598
4,ETTh1,720,iprollcorr,501,NBEATSx,smape,0.1040409890631118
0,ETTh1,336,ipmutual_info,1251,LSTM,mse,0.1039470201280969
4,ETTh1,720,pentropy,1251,NBEATSx,smape,0.1038724136692467
4,ETTh1,720,prollcorr,1251,DeepNPTS,smape,0.1037862428788806
0,ETTh1,192,pmutual_info,501,LSTM,mse,0.1037094860189536
4,ETTh1,720,pmutual_info,1251,DeepNPTS,smape,0.103706194681887
0,ETTh1,192,ipentropy,751,NHITS,mse,0.103616219188402
4,ETTh1,720,iprollcorr,751,NBEATSx,smape,0.103585132112477
0,ETTh1,192,iprollcorr,1251,NHITS,mse,0.1035825390658273
0,ETTh1,336,iprollcorr,1501,DeepNPTS,mse,0.1034777770991869
4,ETTh1,720,pmutual_info,1251,NBEATSx,smape,0.1034753467376651
0,ETTh1,192,prollcorr,751,NHITS,mse,0.1034689713967886
0,ETTh1,192,prollcov,1001,NHITS,mse,0.103452363017974
4,ETTh1,720,ipentropy,1251,NBEATSx,smape,0.1034306645135988
0,ETTh1,192,pentropy,501,LSTM,mse,0.1034202807026653
0,ETTh1,192,ipentropy,501,NHITS,mse,0.1034102188751616
4,ETTh1,720,pentropy,1501,DeepNPTS,smape,0.1034070191687518
4,ETTh1,336,prollcorr,1251,BiTCN,smape,0.1033277150343859
4,ETTh1,720,pfarm,751,NBEATSx,smape,0.1031960662436205
4,ETTh1,720,iprollcorr,1501,DeepNPTS,smape,0.1030862535819249
0,ETTh1,192,ipmutual_info,1501,NHITS,mse,0.1030790141104529
0,ETTh1,192,ipentropy,751,LSTM,mse,0.1030585506054223
4,ETTh1,720,pentropy,1501,NBEATSx,smape,0.1030041086484279
0,ETTh1,336,iprollcorr,1251,TFT,mse,0.1029888866706617
4,ETTh1,720,iprollcov,751,NBEATSx,smape,0.1029744596601133
4,ETTh1,720,iprollcov,1501,DeepNPTS,smape,0.1029298311629485
4,ETTh1,720,ipentropy,1251,TFT,smape,0.1028846816285827
0,ETTh1,192,prollcov,1251,NHITS,mse,0.1028308913123937
0,ETTh1,192,iprollcov,751,NHITS,mse,0.1027657366445378
4,ETTh1,720,pfarm,1001,DeepNPTS,smape,0.1027199881540118
4,ETTh1,720,prollcorr,501,NBEATSx,smape,0.1026439077812063
0,ETTh1,192,ipentropy,1001,NHITS,mse,0.1025936590605293
0,ETTh1,192,ipmutual_info,1501,LSTM,mse,0.1025804545586052
4,ETTh1,720,prollcorr,1001,DeepNPTS,smape,0.102540250259263
0,ETTh1,192,prollcorr,1001,TFT,mse,0.1025362644191301
0,ETTh1,336,prollcorr,1501,GRU,mse,0.1025246726505235
0,ETTh1,192,ipentropy,1501,TFT,mse,0.1024553364022263
4,ETTh1,720,iprollcorr,1251,TFT,smape,0.1024108674763819
4,ETTh1,720,prollcorr,1501,DeepNPTS,smape,0.1023664218078071
4,ETTh1,720,prollcov,1501,DeepNPTS,smape,0.102361392104579
4,ETTh1,720,ipmutual_info,1501,DeepNPTS,smape,0.1023580303230809
4,ETTh1,720,ipentropy,501,NBEATSx,smape,0.1023469035635446
4,ETTh1,720,pfarm,1501,DeepNPTS,smape,0.1023263468211418
0,ETTh1,192,prollcov,751,NHITS,mse,0.1023209459246897
0,ETTh1,192,prollcov,751,TFT,mse,0.1022189712094937
0,ETTh1,192,ipmutual_info,1001,NHITS,mse,0.1022128387536193
4,ETTh1,720,pmutual_info,1501,NBEATSx,smape,0.1021396264276245
4,ETTh1,720,pmutual_info,1501,DeepNPTS,smape,0.1021391720664675
4,ETTh1,720,prollcov,751,DeepNPTS,smape,0.1021023147089277
0,ETTh1,192,pentropy,1251,TFT,mse,0.102078958471104
0,ETTh1,192,iprollcov,1251,NHITS,mse,0.1020784632817431
0,ETTh1,192,pfarm,1001,TFT,mse,0.1020605997484835
4,ETTh1,720,iprollcorr,751,DeepNPTS,smape,0.1020351707281129
4,ETTh1,720,ipentropy,1251,DeepNPTS,smape,0.1020339627169186
4,ETTh1,720,prollcov,1001,DeepNPTS,smape,0.1020131341756669
0,ETTh1,192,pfarm,1001,LSTM,mse,0.1019825747350095
0,ETTh1,192,iprollcorr,1001,TFT,mse,0.1019639865828874
4,ETTh1,720,prollcov,1251,NBEATSx,smape,0.1019442853473486
4,ETTh1,720,ipentropy,1501,DeepNPTS,smape,0.1019412940991041
0,ETTh1,336,iprollcov,751,GRU,mse,0.1019340373571331
0,ETTh1,192,pfarm,1501,TFT,mse,0.1019108351270305
0,ETTh1,192,pentropy,751,TFT,mse,0.1019009875287185
0,ETTh1,192,ipentropy,1251,LSTM,mse,0.1018941578529375
4,ETTh1,720,ipentropy,751,NBEATSx,smape,0.1018704358278918
4,ETTh1,720,pmutual_info,501,DeepNPTS,smape,0.1017997363776222
0,ETTh1,192,iprollcov,1251,LSTM,mse,0.1017830951208505
4,ETTh1,720,prollcov,501,NBEATSx,smape,0.101758793643617
4,ETTh1,720,ipmutual_info,1251,DeepNPTS,smape,0.1017536769060673
4,ETTh1,336,iprollcorr,1251,BiTCN,smape,0.1017408556543807
0,ETTh1,192,iprollcov,1001,NHITS,mse,0.1016864908346044
0,ETTh1,192,iprollcorr,1501,NHITS,mse,0.1016755913797503
4,ETTh1,720,pentropy,751,NBEATSx,smape,0.1016665196731749
4,ETTh1,720,pentropy,1001,NBEATSx,smape,0.1016592524986448
4,ETTh1,720,pfarm,501,DeepNPTS,smape,0.1016584316683337
4,ETTh1,720,identity,N/A,NBEATSx,smape,0.101654364369433
0,ETTh1,192,pmutual_info,1251,NHITS,mse,0.1016310367090513
0,ETTh1,192,pfarm,501,TFT,mse,0.1015944018930499
4,ETTh1,720,iprollcov,1251,DeepNPTS,smape,0.1015464370043659
0,ETTh1,192,pmutual_info,1251,LSTM,mse,0.1015362714541754
0,ETTh1,192,iprollcov,1501,NHITS,mse,0.1014955541570734
4,ETTh1,720,pmutual_info,751,DeepNPTS,smape,0.1014807735058448
0,ETTh1,336,pentropy,751,LSTM,mse,0.1014583759655765
0,ETTh1,192,prollcov,1251,LSTM,mse,0.1014272489749465
4,ETTh1,336,prollcorr,1001,NHITS,smape,0.1014216668528093
0,ETTh1,336,iprollcov,1251,LSTM,mse,0.10134093886362
0,ETTh1,192,prollcorr,1251,NBEATSx,mse,0.1013261646993614
4,ETTh1,720,identity,N/A,DeepNPTS,smape,0.1013031519906439
4,ETTh1,720,prollcorr,751,DeepNPTS,smape,0.1013005163496174
4,ETTh1,720,ipentropy,1001,DeepNPTS,smape,0.1012961329885025
0,ETTh1,192,pfarm,501,LSTM,mse,0.101294192937572
4,ETTh1,336,prollcov,501,BiTCN,smape,0.1012883953683102
4,ETTh1,720,iprollcorr,501,DeepNPTS,smape,0.1012859664036071
4,ETTh1,720,iprollcov,1001,NBEATSx,smape,0.1011796573982495
4,ETTh1,336,ipmutual_info,751,BiTCN,smape,0.1011433331047265
4,ETTh1,720,iprollcov,751,DeepNPTS,smape,0.1011343544554567
4,ETTh1,336,pfarm,751,NHITS,smape,0.101120695579171
4,ETTh1,336,iprollcorr,1501,NHITS,smape,0.1011003230714583
0,ETTh1,192,pfarm,501,NHITS,mse,0.1010274668523954
0,ETTh1,192,iprollcorr,1501,LSTM,mse,0.1009505874634254
4,ETTh1,336,prollcorr,1001,MLP,smape,0.1009249635010397
4,ETTh1,720,ipentropy,1001,NBEATSx,smape,0.1009185297042666
4,ETTh1,720,ipentropy,751,DeepNPTS,smape,0.1009044864363418
0,ETTh1,192,pentropy,751,LSTM,mse,0.1009043733510628
4,ETTh1,720,pfarm,1251,DeepNPTS,smape,0.1008466617546972
4,ETTh1,336,pfarm,1251,BiTCN,smape,0.1008071563525716
4,ETTh1,720,prollcorr,501,DeepNPTS,smape,0.1007771039531817
4,ETTh1,720,iprollcorr,1001,DeepNPTS,smape,0.1007568194715338
4,ETTh1,336,prollcov,501,NHITS,smape,0.1006709650985989
0,ETTh1,192,prollcov,1001,TFT,mse,0.1006405183659921
4,ETTh1,336,prollcov,1001,NHITS,smape,0.1006402668515818
0,ETTh1,336,pmutual_info,1251,GRU,mse,0.1005960636924702
0,ETTh1,192,ipmutual_info,751,LSTM,mse,0.1005235935748158
0,ETTh1,192,prollcorr,751,LSTM,mse,0.1004978869281969
4,ETTh1,720,ipmutual_info,751,DeepNPTS,smape,0.1004802062480102
0,ETTh1,336,ipentropy,751,GRU,mse,0.1004619108245056
4,ETTh1,336,pmutual_info,751,MLP,smape,0.1004405184762134
4,ETTh1,720,iprollcov,1001,TCN,smape,0.1004044865702844
4,ETTh1,720,pmutual_info,1001,DeepNPTS,smape,0.1003996680193137
0,ETTh1,192,prollcorr,501,LSTM,mse,0.100397825259539
0,ETTh1,336,iprollcorr,1001,LSTM,mse,0.100369101664137
4,ETTh1,720,pentropy,751,DeepNPTS,smape,0.1003517379488716
0,ETTh1,336,ipmutual_info,1501,LSTM,mse,0.1003386076055304
0,ETTh1,192,iprollcov,1001,LSTM,mse,0.1003325635768613
0,ETTh1,192,ipmutual_info,751,TCN,mse,0.1003322583373124
4,ETTh1,336,prollcorr,501,BiTCN,smape,0.1003304531024392
0,ETTh1,192,pmutual_info,1501,NHITS,mse,0.1003177120319819
0,ETTh1,192,pmutual_info,1001,NHITS,mse,0.1003048784675367
0,ETTh1,192,prollcorr,1001,NHITS,mse,0.1002878724764545
4,ETTh1,720,prollcov,1251,DeepNPTS,smape,0.1002566651800554
4,ETTh1,720,prollcov,501,DeepNPTS,smape,0.1002560133556497
4,ETTh1,336,ipentropy,1501,NHITS,smape,0.1002538574707861
4,ETTh1,336,prollcorr,1251,NHITS,smape,0.1002088789311991
4,ETTh1,336,pfarm,1001,NHITS,smape,0.1002021192693066
4,ETTh1,720,pmutual_info,1001,BiTCN,smape,0.100196674330995
4,ETTh1,192,prollcorr,1501,LSTM,smape,0.1001803299227921
4,ETTh1,336,iprollcorr,501,NHITS,smape,0.1001790118940731
0,ETTh1,336,iprollcov,1501,GRU,mse,0.1001397551587786
4,ETTh1,336,pentropy,1251,NHITS,smape,0.1000694786600279
4,ETTh1,336,ipentropy,751,BiTCN,smape,0.1000340947652759
4,ETTh1,336,iprollcov,501,NHITS,smape,0.1000127501793231
4,ETTh1,336,pfarm,1501,NHITS,smape,0.0999819644392407
4,ETTh1,336,prollcorr,501,NHITS,smape,0.09995251153866
0,ETTh1,192,identity,N/A,TCN,mse,0.0999144057499204
4,ETTh1,720,iprollcorr,1251,DeepNPTS,smape,0.0998792520945038
0,ETTh1,336,pfarm,501,LSTM,mse,0.0998704001464198
4,ETTh1,720,iprollcov,501,DeepNPTS,smape,0.0998487868626777
0,ETTh1,192,pentropy,1001,TFT,mse,0.0998086503745542
0,ETTh1,192,pentropy,1001,NHITS,mse,0.0998023055461177
4,ETTh1,336,ipmutual_info,1501,BiTCN,smape,0.0998019861442206
4,ETTh1,720,iprollcov,1001,DeepNPTS,smape,0.0997924794964185
4,ETTh1,336,pentropy,501,MLP,smape,0.0997431538433196
4,ETTh1,336,iprollcov,1501,NHITS,smape,0.0997391082363078
4,ETTh1,720,prollcov,1001,TCN,smape,0.0997385965923808
4,ETTh1,336,pmutual_info,1001,NHITS,smape,0.0996732327195543
0,ETTh1,192,ipentropy,1501,TCN,mse,0.0995878099261536
0,ETTh1,192,prollcov,501,LSTM,mse,0.0995867733471365
4,ETTh1,336,ipentropy,1001,NHITS,smape,0.0995719293501023
0,ETTh1,192,iprollcov,1001,TCN,mse,0.0995631899035461
4,ETTh1,336,iprollcorr,501,BiTCN,smape,0.0995397068489895
0,ETTh1,192,pfarm,1251,TCN,mse,0.0995322558502867
0,ETTh1,336,pentropy,751,GRU,mse,0.0995246487297169
0,ETTh1,192,iprollcov,1251,TCN,mse,0.0995175093310562
0,ETTh1,192,pentropy,501,TCN,mse,0.0995028939222179
0,ETTh1,192,ipentropy,501,TCN,mse,0.0995009020798196
0,ETTh1,192,pfarm,1501,TCN,mse,0.0994787212929722
0,ETTh1,192,pentropy,1251,TCN,mse,0.0994680548339166
4,ETTh1,336,iprollcorr,751,TFT,smape,0.0994594630953025
0,ETTh1,192,iprollcorr,1501,TCN,mse,0.0994587783551849
0,ETTh1,192,iprollcorr,1251,TCN,mse,0.0994493088469768
0,ETTh1,336,iprollcov,501,GRU,mse,0.0994480839854317
0,ETTh1,192,prollcorr,1251,TCN,mse,0.0994443067457736
4,ETTh1,336,ipmutual_info,1501,TFT,smape,0.0994415646093402
0,ETTh1,192,pmutual_info,501,TCN,mse,0.0994399261545734
0,ETTh1,336,pentropy,1251,GRU,mse,0.0994385257484756
4,ETTh1,720,pentropy,1001,DeepNPTS,smape,0.0994341279067682
0,ETTh1,192,pfarm,1001,TCN,mse,0.0994326077608308
0,ETTh1,192,prollcov,1001,TCN,mse,0.0994158682878244
4,ETTh1,336,ipentropy,1251,BiTCN,smape,0.0994143130053992
0,ETTh1,192,ipmutual_info,1001,TCN,mse,0.0994106749947133
0,ETTh1,192,pmutual_info,1251,TCN,mse,0.0994074199165573
0,ETTh1,192,pentropy,1001,TCN,mse,0.0994052473967996
0,ETTh1,192,ipmutual_info,1251,TCN,mse,0.0994039132694959
4,ETTh1,336,identity,N/A,BiTCN,smape,0.0994011053786258
0,ETTh1,192,pfarm,501,TCN,mse,0.0994001734274648
0,ETTh1,192,iprollcorr,501,TCN,mse,0.0993957764812919
0,ETTh1,192,prollcov,751,TCN,mse,0.0993909774397951
0,ETTh1,192,iprollcov,1501,TCN,mse,0.0993838673745354
0,ETTh1,192,prollcov,501,TCN,mse,0.0993800119784171
0,ETTh1,192,ipentropy,1251,TCN,mse,0.0993795773874677
4,ETTh1,720,pentropy,501,DeepNPTS,smape,0.0993787940252558
0,ETTh1,192,iprollcov,751,TCN,mse,0.0993787485143225
0,ETTh1,192,prollcov,1251,TCN,mse,0.0993786048917428
0,ETTh1,192,prollcorr,501,TCN,mse,0.0993785314503732
0,ETTh1,192,ipmutual_info,501,TCN,mse,0.0993777330725283
0,ETTh1,192,iprollcorr,751,TCN,mse,0.0993766539280508
0,ETTh1,192,prollcorr,1501,TCN,mse,0.099373496806299
0,ETTh1,192,pmutual_info,751,TCN,mse,0.0993732367893158
0,ETTh1,192,prollcorr,751,TCN,mse,0.0993720580367428
0,ETTh1,192,pmutual_info,1001,TCN,mse,0.0993687436380375
0,ETTh1,192,prollcov,1501,TCN,mse,0.0993680153569546
0,ETTh1,192,pfarm,751,TCN,mse,0.0993598884039331
0,ETTh1,192,ipmutual_info,1501,TCN,mse,0.0993596820943674
0,ETTh1,192,ipentropy,1001,TCN,mse,0.0993577093344875
4,ETTh1,336,iprollcov,1001,BiTCN,smape,0.0993537459699369
0,ETTh1,336,pfarm,1001,GRU,mse,0.0993476405873848
0,ETTh1,192,ipentropy,751,TCN,mse,0.0993421113575008
0,ETTh1,192,pentropy,751,TCN,mse,0.0993362955648022
0,ETTh1,192,prollcorr,1001,TCN,mse,0.0993357688932392
0,ETTh1,192,iprollcorr,1001,TCN,mse,0.0993310241754401
0,ETTh1,192,pmutual_info,1501,TCN,mse,0.0993304758523053
0,ETTh1,192,iprollcov,501,TCN,mse,0.099329798668887
0,ETTh1,192,pentropy,1501,TCN,mse,0.0993290468721836
4,ETTh1,336,iprollcov,501,BiTCN,smape,0.0991716442665747
4,ETTh1,336,ipentropy,1501,BiTCN,smape,0.0991635215495178
4,ETTh1,336,ipentropy,501,NHITS,smape,0.0991434179864022
0,ETTh1,192,ipentropy,501,LSTM,mse,0.0991093399488305
0,ETTh1,192,iprollcorr,1001,LSTM,mse,0.0990761176204152
4,ETTh1,336,iprollcov,1251,BiTCN,smape,0.0990365855447517
4,ETTh1,336,pmutual_info,501,NHITS,smape,0.0990341608918893
0,ETTh1,336,ipmutual_info,1251,GRU,mse,0.0989643389002084
4,ETTh1,336,pentropy,501,NHITS,smape,0.0989068577833887
4,ETTh1,720,prollcorr,751,NBEATSx,smape,0.0988409323288602
4,ETTh1,720,ipmutual_info,1001,TFT,smape,0.098832076363038
0,ETTh1,336,pentropy,1501,LSTM,mse,0.0988227436454125
4,ETTh1,336,ipmutual_info,1001,BiTCN,smape,0.0988202203639357
0,ETTh1,192,pfarm,1501,LSTM,mse,0.0988004374618318
4,ETTh1,336,ipmutual_info,1251,NHITS,smape,0.098790702487024
0,ETTh1,192,prollcorr,501,NHITS,mse,0.0987873346082018
4,ETTh1,336,iprollcov,1501,BiTCN,smape,0.0987431756423273
4,ETTh1,336,iprollcorr,751,BiTCN,smape,0.0986598835737358
4,ETTh1,336,prollcov,751,NHITS,smape,0.0986596698606721
0,ETTh1,192,iprollcorr,1251,LSTM,mse,0.0986543756752193
0,ETTh1,336,pmutual_info,501,LSTM,mse,0.0986516858169242
4,ETTh1,336,iprollcov,1001,NHITS,smape,0.0986462003134332
4,ETTh1,336,prollcorr,751,TFT,smape,0.0985937465949666
4,ETTh1,336,ipmutual_info,1001,NHITS,smape,0.09858818601653
4,ETTh1,336,pmutual_info,1501,NHITS,smape,0.0985794768880355
4,ETTh1,336,ipentropy,751,NHITS,smape,0.0985712811849521
0,ETTh1,192,prollcov,501,NHITS,mse,0.0985610996619562
0,ETTh1,336,ipmutual_info,1001,LSTM,mse,0.0985277515431251
0,ETTh1,192,pmutual_info,1501,LSTM,mse,0.0984341777402364
4,ETTh1,336,ipentropy,1251,NHITS,smape,0.0984324687112581
4,ETTh1,336,prollcorr,1501,NHITS,smape,0.098419443075457
0,ETTh1,336,pentropy,1001,LSTM,mse,0.0983979994398015
4,ETTh1,720,prollcov,751,TSMixerx,smape,0.0982898175676913
4,ETTh1,720,ipmutual_info,1251,BiTCN,smape,0.0982875883218029
0,ETTh1,336,ipentropy,1001,GRU,mse,0.0982639738128121
4,ETTh1,336,iprollcorr,1251,NHITS,smape,0.0982365654744993
0,ETTh1,336,pmutual_info,1501,GRU,mse,0.0982331492124513
4,ETTh1,336,prollcorr,751,NHITS,smape,0.0982307759768583
0,ETTh1,336,prollcorr,1001,GRU,mse,0.0982173621760517
0,ETTh1,192,pmutual_info,1501,GRU,mse,0.0982124121118518
4,ETTh1,720,pmutual_info,1501,TFT,smape,0.0981625206315424
4,ETTh1,336,prollcov,1501,BiTCN,smape,0.0981492170650523
0,ETTh1,192,pfarm,1251,NHITS,mse,0.0981399805657854
0,ETTh1,192,pentropy,1501,GRU,mse,0.0981319264894058
4,ETTh1,720,prollcorr,1501,TSMixerx,smape,0.0981310745244936
0,ETTh1,192,ipmutual_info,1251,LSTM,mse,0.0981286483180265
4,ETTh1,336,iprollcorr,751,NHITS,smape,0.0980966211848907
0,ETTh1,192,ipmutual_info,751,NBEATSx,mse,0.0980650153280393
4,ETTh1,336,pentropy,501,BiTCN,smape,0.0979955096829766
4,ETTh1,336,iprollcov,751,NHITS,smape,0.0979790946394766
0,ETTh1,192,pfarm,501,GRU,mse,0.0979779038282289
0,ETTh1,192,pentropy,501,GRU,mse,0.0979159194362339
4,ETTh1,336,pfarm,1251,NHITS,smape,0.0978916010999168
4,ETTh1,336,pmutual_info,1001,BiTCN,smape,0.0978867353322895
0,ETTh1,192,ipentropy,1251,GRU,mse,0.0978700186943011
4,ETTh1,336,ipmutual_info,501,NHITS,smape,0.0978537607932752
0,ETTh1,192,pentropy,1251,NHITS,mse,0.0978488557026347
0,ETTh1,192,prollcov,1501,LSTM,mse,0.0978414718464034
4,ETTh1,336,pmutual_info,1251,NHITS,smape,0.0978377881350683
4,ETTh1,336,ipentropy,1001,BiTCN,smape,0.0978216446114209
0,ETTh1,192,iprollcov,1501,GRU,mse,0.0978114813615666
0,ETTh1,192,prollcorr,1001,GRU,mse,0.0978100665793997
0,ETTh1,336,ipmutual_info,501,GRU,mse,0.0978082741468093
0,ETTh1,192,iprollcov,1251,GRU,mse,0.0978068253549708
0,ETTh1,192,iprollcorr,1501,GRU,mse,0.0978012384154141
0,ETTh1,192,ipmutual_info,1501,GRU,mse,0.0977948219109185
0,ETTh1,192,pmutual_info,751,GRU,mse,0.0977917573802191
0,ETTh1,192,prollcorr,501,GRU,mse,0.0977908816733887
0,ETTh1,192,iprollcorr,1251,GRU,mse,0.0977861158436339
0,ETTh1,192,ipmutual_info,501,NBEATSx,mse,0.0977729853142006
0,ETTh1,336,ipmutual_info,1001,GRU,mse,0.0977581659001128
0,ETTh1,192,pentropy,751,GRU,mse,0.0977426404686521
0,ETTh1,192,prollcov,1001,GRU,mse,0.0977394061289523
0,ETTh1,192,pentropy,1001,GRU,mse,0.0977392413906162
0,ETTh1,192,ipmutual_info,1001,GRU,mse,0.0977222977045356
0,ETTh1,192,iprollcov,751,GRU,mse,0.097706788506138
0,ETTh1,192,ipmutual_info,751,GRU,mse,0.0977062020417666
0,ETTh1,192,pfarm,1251,GRU,mse,0.0977020338168962
4,ETTh1,336,pentropy,1001,BiTCN,smape,0.0976991237202104
0,ETTh1,192,ipentropy,751,GRU,mse,0.0976986310976919
0,ETTh1,192,ipentropy,501,GRU,mse,0.0976917439031124
4,ETTh1,336,iprollcov,1001,MLP,smape,0.0976839269569941
0,ETTh1,192,prollcov,501,GRU,mse,0.0976777208363238
4,ETTh1,720,prollcov,751,TCN,smape,0.0976491188707264
0,ETTh1,192,ipmutual_info,1251,NBEATSx,mse,0.0976490578851627
0,ETTh1,192,prollcorr,1501,GRU,mse,0.0976403621094581
0,ETTh1,192,identity,N/A,GRU,mse,0.0976334704578942
0,ETTh1,192,ipmutual_info,501,GRU,mse,0.0976260092050555
0,ETTh1,192,pentropy,1251,GRU,mse,0.0976190015184209
0,ETTh1,336,pfarm,1251,GRU,mse,0.0976121622171004
4,ETTh1,720,prollcov,1501,NBEATSx,smape,0.0976103533456013
0,ETTh1,192,prollcorr,751,GRU,mse,0.0976079564810042
0,ETTh1,192,pfarm,1001,GRU,mse,0.0976050749344298
0,ETTh1,192,iprollcorr,501,GRU,mse,0.0975998613919221
0,ETTh1,336,pmutual_info,751,LSTM,mse,0.0975812803770813
0,ETTh1,192,iprollcorr,751,GRU,mse,0.0975683517369983
0,ETTh1,192,ipmutual_info,1251,GRU,mse,0.0975484637314282
0,ETTh1,192,pmutual_info,501,GRU,mse,0.0975444957355511
4,ETTh1,336,iprollcov,1251,NHITS,smape,0.0975255870057674
4,ETTh1,336,pmutual_info,751,NHITS,smape,0.0975237826290224
0,ETTh1,336,iprollcorr,501,GRU,mse,0.0975166856071923
0,ETTh1,192,pentropy,751,NBEATSx,mse,0.097491904059436
0,ETTh1,192,ipentropy,1501,GRU,mse,0.097482174133667
0,ETTh1,336,iprollcov,1001,GRU,mse,0.097476454081062
0,ETTh1,192,pfarm,1501,GRU,mse,0.0974727749096822
4,ETTh1,336,iprollcov,751,TFT,smape,0.0974633273733499
0,ETTh1,336,iprollcorr,1001,GRU,mse,0.097463068583151
4,ETTh1,336,pentropy,1001,NHITS,smape,0.0974592952056882
4,ETTh1,720,ipmutual_info,1251,TCN,smape,0.0974520755527429
0,ETTh1,192,prollcorr,1251,GRU,mse,0.0974486923361022
0,ETTh1,192,prollcov,1251,NBEATSx,mse,0.0974403267003283
0,ETTh1,192,prollcov,1501,GRU,mse,0.0974119526232593
0,ETTh1,192,pmutual_info,1251,GRU,mse,0.0973917407560376
0,ETTh1,192,prollcov,751,GRU,mse,0.0973823528942037
0,ETTh1,336,pfarm,751,LSTM,mse,0.0973793676449102
0,ETTh1,192,pmutual_info,1001,GRU,mse,0.0973788422903259
0,ETTh1,192,ipentropy,1501,LSTM,mse,0.0973762252164326
0,ETTh1,192,ipmutual_info,1501,NBEATSx,mse,0.0973619256640808
4,ETTh1,720,iprollcov,1251,TSMixerx,smape,0.0973560971123729
0,ETTh1,192,iprollcorr,1001,GRU,mse,0.0973443642487586
4,ETTh1,336,prollcov,1501,NHITS,smape,0.0973436446285116
0,ETTh1,192,ipentropy,1001,GRU,mse,0.0973271764485528
4,ETTh1,720,pentropy,1251,TCN,smape,0.0973241166178458
0,ETTh1,192,prollcorr,1001,LSTM,mse,0.0973068499914978
0,ETTh1,192,ipmutual_info,501,MLP,mse,0.0972735486213621
0,ETTh1,336,prollcov,1001,LSTM,mse,0.0972653632729316
4,ETTh1,720,pfarm,751,TCN,smape,0.0972570897311757
4,ETTh1,336,prollcov,1251,NHITS,smape,0.0972465586877153
0,ETTh1,192,prollcov,1251,GRU,mse,0.0972464214606805
0,ETTh1,192,pmutual_info,751,LSTM,mse,0.0972359400246574
0,ETTh1,192,prollcov,1501,NBEATSx,mse,0.0972177537723454
4,ETTh1,192,pentropy,1251,LSTM,smape,0.0972140075926703
0,ETTh1,192,identity,N/A,LSTM,mse,0.0972071630723583
0,ETTh1,192,iprollcov,1001,GRU,mse,0.0971990022680082
0,ETTh1,192,ipentropy,1251,NBEATSx,mse,0.0971710293405237
0,ETTh1,192,iprollcov,751,LSTM,mse,0.097167222000829
0,ETTh1,192,iprollcov,501,GRU,mse,0.0971572343664741
0,ETTh1,192,pfarm,751,GRU,mse,0.0971546911910445
0,ETTh1,192,ipmutual_info,1001,NBEATSx,mse,0.0971416717768807
4,ETTh1,720,iprollcorr,1501,TCN,smape,0.0970975560329107
4,ETTh1,720,iprollcov,1251,TFT,smape,0.0970864827400405
0,ETTh1,192,iprollcorr,1501,NBEATSx,mse,0.0970304423473332
0,ETTh1,192,prollcorr,1501,NBEATSx,mse,0.0970061054374326
0,ETTh1,192,pfarm,1251,NBEATSx,mse,0.0969713391559539
0,ETTh1,192,prollcorr,751,NBEATSx,mse,0.096946076902427
0,ETTh1,192,iprollcov,501,TFT,mse,0.096924044577862
0,ETTh1,336,prollcov,501,GRU,mse,0.0969159858811582
0,ETTh1,192,pfarm,1001,NBEATSx,mse,0.096859682865937
0,ETTh1,336,prollcorr,501,LSTM,mse,0.0968301936199894
0,ETTh1,192,ipentropy,1501,NBEATSx,mse,0.0968297829302552
0,ETTh1,192,pentropy,1501,NBEATSx,mse,0.0968162786334598
0,ETTh1,192,pmutual_info,501,NBEATSx,mse,0.0967475062173251
0,ETTh1,192,identity,N/A,NBEATSx,mse,0.0967205893276408
0,ETTh1,192,pfarm,751,LSTM,mse,0.096713231060514
4,ETTh1,720,ipmutual_info,751,TCN,smape,0.0967073082892044
0,ETTh1,192,pfarm,1501,NBEATSx,mse,0.0966799773176497
4,ETTh1,720,ipmutual_info,751,TSMixerx,smape,0.0966618251698486
4,ETTh1,96,ipmutual_info,501,NBEATSx,smape,0.0966584131884816
0,ETTh1,192,ipmutual_info,1001,LSTM,mse,0.0966532850501381
4,ETTh1,336,ipmutual_info,751,NHITS,smape,0.0966382767879426
0,ETTh1,336,identity,N/A,GRU,mse,0.0966286466360737
0,ETTh1,336,pmutual_info,501,GRU,mse,0.0966263351492354
4,ETTh1,336,pentropy,751,NHITS,smape,0.0966159383070968
0,ETTh1,336,prollcorr,501,GRU,mse,0.0965821907068499
4,ETTh1,720,prollcov,1001,TSMixerx,smape,0.0965550227542161
4,ETTh1,720,ipentropy,1001,TSMixerx,smape,0.0965506056357813
0,ETTh1,192,iprollcorr,1001,NBEATSx,mse,0.0965481315545487
4,ETTh1,336,pmutual_info,1501,BiTCN,smape,0.096531156560662
4,ETTh1,336,identity,N/A,NHITS,smape,0.0965233212500415
4,ETTh1,720,pfarm,501,TCN,smape,0.0964965250106552
4,ETTh1,720,pfarm,1001,TCN,smape,0.0964686217753051
4,ETTh1,720,prollcorr,501,TCN,smape,0.0964664114762638
0,ETTh1,336,prollcorr,1251,GRU,mse,0.0964591831042783
0,ETTh1,192,pmutual_info,501,TSMixerx,mse,0.0964206351043115
4,ETTh1,336,pentropy,1501,NHITS,smape,0.096412300562943
0,ETTh1,192,iprollcorr,1251,NBEATSx,mse,0.0963562841782286
0,ETTh1,192,iprollcov,1001,NBEATSx,mse,0.096348811347289
0,ETTh1,192,iprollcov,501,NBEATSx,mse,0.0963222046726762
0,ETTh1,192,prollcorr,1001,NBEATSx,mse,0.0963117891507942
4,ETTh1,720,prollcorr,1501,TCN,smape,0.0963061577960991
0,ETTh1,192,prollcorr,1251,LSTM,mse,0.0963022177935315
0,ETTh1,336,prollcov,751,GRU,mse,0.0963014433427138
0,ETTh1,336,ipentropy,501,GRU,mse,0.0962771670835585
4,ETTh1,720,ipentropy,751,TCN,smape,0.0962763124178902
0,ETTh1,192,iprollcov,1251,NBEATSx,mse,0.0962736168162409
0,ETTh1,192,prollcorr,501,NBEATSx,mse,0.0962502329240551
4,ETTh1,720,pmutual_info,751,TCN,smape,0.0962321264970162
0,ETTh1,192,pfarm,501,NBEATSx,mse,0.0962226897568145
0,ETTh1,192,ipentropy,751,NBEATSx,mse,0.0961929999051297
0,ETTh1,336,prollcov,1501,GRU,mse,0.0961921289245717
4,ETTh1,336,pfarm,501,NHITS,smape,0.0961720790634686
4,ETTh1,336,pmutual_info,501,MLP,smape,0.0961627156378288
4,ETTh1,720,prollcov,1501,TCN,smape,0.0961257675496163
4,ETTh1,720,ipentropy,1251,TCN,smape,0.0961158116149658
4,ETTh1,720,prollcorr,1001,TCN,smape,0.0961147669042631
0,ETTh1,192,ipentropy,1001,NBEATSx,mse,0.0960869348794118
0,ETTh1,192,prollcov,1001,NBEATSx,mse,0.0960755410929886
4,ETTh1,336,iprollcorr,1001,NHITS,smape,0.096064939158652
0,ETTh1,192,prollcov,751,NBEATSx,mse,0.0960181278093841
0,ETTh1,336,ipentropy,1501,GRU,mse,0.0960173536163776
0,ETTh1,192,pmutual_info,501,NHITS,mse,0.0959986939472368
4,ETTh1,720,pmutual_info,1251,TSMixerx,smape,0.0959956226434111
4,ETTh1,192,pmutual_info,1501,TSMixerx,smape,0.0959938313346218
4,ETTh1,336,ipmutual_info,1251,BiTCN,smape,0.0959690423705818
0,ETTh1,192,iprollcorr,751,NBEATSx,mse,0.0959670067836134
4,ETTh1,720,prollcov,501,TCN,smape,0.0959640285353443
0,ETTh1,192,pentropy,1251,NBEATSx,mse,0.0959621452403257
0,ETTh1,192,iprollcov,751,NBEATSx,mse,0.0959434579187152
4,ETTh1,720,iprollcov,501,TCN,smape,0.0959325270955852
4,ETTh1,720,iprollcov,501,TSMixerx,smape,0.0958976430402076
0,ETTh1,192,iprollcorr,501,NBEATSx,mse,0.0958965634476926
0,ETTh1,336,pmutual_info,751,GRU,mse,0.0958939446842074
0,ETTh1,336,ipmutual_info,1501,GRU,mse,0.0958836500048452
0,ETTh1,192,iprollcov,1251,TFT,mse,0.0958770990104793
0,ETTh1,336,pentropy,1001,GRU,mse,0.095875898755461
4,ETTh1,720,prollcov,1251,TCN,smape,0.0958706741727829
4,ETTh1,336,pmutual_info,751,NBEATSx,smape,0.0958609197467025
4,ETTh1,720,pentropy,1001,TSMixerx,smape,0.0958582117187632
0,ETTh1,192,iprollcorr,501,LSTM,mse,0.0958573992236077
0,ETTh1,336,pfarm,1501,GRU,mse,0.0958517257783953
0,ETTh1,192,pentropy,1251,MLP,mse,0.0957992057858072
0,ETTh1,192,pentropy,501,MLP,mse,0.0957831724018602
4,ETTh1,336,ipmutual_info,501,NBEATSx,smape,0.0957797533507033
0,ETTh1,192,prollcov,751,MLP,mse,0.0957498483525013
4,ETTh1,336,iprollcorr,1001,TFT,smape,0.0957498368678034
0,ETTh1,336,pentropy,501,LSTM,mse,0.0957457460891719
0,ETTh1,336,pentropy,1501,GRU,mse,0.0957335709581155
0,ETTh1,192,prollcov,501,NBEATSx,mse,0.0957153486139093
4,ETTh1,720,ipentropy,751,TSMixerx,smape,0.0957127292423266
4,ETTh1,336,prollcorr,1251,NBEATSx,smape,0.0957042617264738
4,ETTh1,720,iprollcov,751,TCN,smape,0.0956966710558973
0,ETTh1,336,prollcorr,751,GRU,mse,0.0956907966602503
0,ETTh1,336,ipmutual_info,751,GRU,mse,0.0956860432545675
4,ETTh1,336,prollcov,501,NBEATSx,smape,0.0956791909991906
0,ETTh1,192,ipentropy,501,MLP,mse,0.0956707839346613
4,ETTh1,720,pmutual_info,1251,TCN,smape,0.0956582750120294
4,ETTh1,336,ipmutual_info,1251,TFT,smape,0.0956556782916
4,ETTh1,336,pfarm,751,GRU,smape,0.0956476856341399
0,ETTh1,192,pentropy,1001,NBEATSx,mse,0.0956461316176091
4,ETTh1,720,ipentropy,1501,TSMixerx,smape,0.0956364170327886
0,ETTh1,336,iprollcorr,1501,LSTM,mse,0.0956291005126435
4,ETTh1,720,iprollcorr,501,TCN,smape,0.0956119976438544
0,ETTh1,192,pentropy,501,NBEATSx,mse,0.095610088265812
4,ETTh1,336,iprollcov,751,BiTCN,smape,0.0955864079120608
0,ETTh1,192,iprollcov,1501,NBEATSx,mse,0.0955670766067657
4,ETTh1,336,prollcorr,1251,MLP,smape,0.0955580894333672
4,ETTh1,720,iprollcorr,751,TCN,smape,0.0955531673084253
4,ETTh1,720,prollcorr,1251,TCN,smape,0.0955473548509879
4,ETTh1,720,ipentropy,1501,TCN,smape,0.0955439826793283
0,ETTh1,192,prollcov,751,LSTM,mse,0.0955239892598464
0,ETTh1,192,ipentropy,501,NBEATSx,mse,0.0955138376962392
0,ETTh1,336,pfarm,1001,LSTM,mse,0.0954998695068943
4,ETTh1,720,iprollcorr,1001,TSMixerx,smape,0.0954941348016044
0,ETTh1,192,pfarm,751,NBEATSx,mse,0.0954912764944389
4,ETTh1,336,prollcorr,501,TCN,smape,0.0954831032757454
4,ETTh1,720,iprollcorr,751,TSMixerx,smape,0.0954793354603726
4,ETTh1,720,ipentropy,1001,TCN,smape,0.0954695208386356
4,ETTh1,720,pentropy,1501,TCN,smape,0.095464023268191
0,ETTh1,192,iprollcov,1251,MLP,mse,0.0954633737065045
4,ETTh1,336,pmutual_info,501,NBEATSx,smape,0.0954570519511227
0,ETTh1,336,pmutual_info,1001,GRU,mse,0.0954490996969894
4,ETTh1,720,iprollcorr,1251,TSMixerx,smape,0.0954353318770773
0,ETTh1,192,pfarm,1001,MLP,mse,0.0954301022110042
0,ETTh1,336,iprollcov,501,LSTM,mse,0.0954249586670216
4,ETTh1,720,ipentropy,501,TCN,smape,0.0954247270638651
0,ETTh1,192,pmutual_info,1501,MLP,mse,0.0954167992583692
0,ETTh1,336,ipmutual_info,501,LSTM,mse,0.0954138786056887
4,ETTh1,720,prollcorr,751,TCN,smape,0.0954135449279832
0,ETTh1,336,pentropy,1251,LSTM,mse,0.0954135313068513
0,ETTh1,96,pfarm,1501,NBEATSx,mse,0.0954053875485486
4,ETTh1,336,pfarm,1251,TCN,smape,0.0953982978899422
0,ETTh1,192,ipmutual_info,1251,MLP,mse,0.0953976463506581
0,ETTh1,336,iprollcorr,1251,LSTM,mse,0.0953736062110873
0,ETTh1,96,ipmutual_info,501,NHITS,mse,0.0953650974676053
4,ETTh1,720,ipmutual_info,1251,TSMixerx,smape,0.0953533921273033
0,ETTh1,336,pmutual_info,1501,LSTM,mse,0.0953397192879973
4,ETTh1,336,iprollcov,1251,TCN,smape,0.0953392670168223
4,ETTh1,720,prollcorr,1001,TSMixerx,smape,0.0953293868318658
4,ETTh1,336,iprollcov,751,MLP,smape,0.0953293105149458
0,ETTh1,336,iprollcorr,1501,GRU,mse,0.0953263552932928
0,ETTh1,336,ipentropy,1251,GRU,mse,0.0953216645167834
0,ETTh1,336,iprollcorr,751,GRU,mse,0.0953192862868489
4,ETTh1,720,iprollcov,1251,TCN,smape,0.0953163633605679
4,ETTh1,336,iprollcorr,1251,TCN,smape,0.0953044043113915
4,ETTh1,336,ipmutual_info,1001,NBEATSx,smape,0.095260495171419
4,ETTh1,336,prollcov,751,NBEATSx,smape,0.0952292329525111
4,ETTh1,720,ipmutual_info,501,TCN,smape,0.095223772165377
4,ETTh1,336,pfarm,501,MLP,smape,0.0951749226206797
0,ETTh1,192,iprollcorr,501,TFT,mse,0.0951512595565483
0,ETTh1,192,iprollcov,501,MLP,mse,0.0951260153670301
4,ETTh1,336,pfarm,1001,TCN,smape,0.0951170889906857
4,ETTh1,336,ipentropy,1251,MLP,smape,0.0951160299219485
4,ETTh1,720,iprollcov,1001,TSMixerx,smape,0.0951139706876975
0,ETTh1,192,pmutual_info,1501,NBEATSx,mse,0.0950910546398483
4,ETTh1,720,iprollcov,1001,TFT,smape,0.0950886957407519
0,ETTh1,336,pfarm,1501,LSTM,mse,0.0950818601381486
0,ETTh1,192,ipmutual_info,751,MLP,mse,0.0950733000111236
4,ETTh1,336,prollcorr,751,NBEATSx,smape,0.0950687548395353
4,ETTh1,336,pfarm,1251,TFT,smape,0.0950537053990039
4,ETTh1,720,prollcov,501,TFT,smape,0.0950498388391124
4,ETTh1,336,ipmutual_info,751,TFT,smape,0.0950489758371212
4,ETTh1,336,prollcov,1001,MLP,smape,0.0950329683636785
4,ETTh1,336,pentropy,1501,MLP,smape,0.0950236695377077
4,ETTh1,720,pmutual_info,1501,TCN,smape,0.095021373432243
0,ETTh1,336,iprollcov,1251,GRU,mse,0.0950094045223929
0,ETTh1,192,ipmutual_info,501,LSTM,mse,0.0950070170945038
0,ETTh1,192,pmutual_info,1001,TSMixerx,mse,0.0950019361296689
4,ETTh1,336,prollcov,1251,MLP,smape,0.0949991553626917
4,ETTh1,720,prollcorr,1251,TSMixerx,smape,0.0949826312802415
0,ETTh1,192,pentropy,501,NHITS,mse,0.0949652689234903
0,ETTh1,336,prollcov,1001,GRU,mse,0.0949625177008781
0,ETTh1,192,prollcov,1501,MLP,mse,0.0949619107689233
0,ETTh1,192,ipentropy,501,TFT,mse,0.0949546005058774
0,ETTh1,192,pentropy,751,MLP,mse,0.0949349268331235
4,ETTh1,336,prollcov,1251,BiTCN,smape,0.0949331885903331
0,ETTh1,192,pentropy,1001,MLP,mse,0.0949260604938388
0,ETTh1,192,iprollcov,1501,MLP,mse,0.0949234154452507
4,ETTh1,720,ipmutual_info,501,TSMixerx,smape,0.0949052427104061
4,ETTh1,720,ipentropy,1501,TFT,smape,0.0949015691514521
4,ETTh1,336,prollcov,1251,TFT,smape,0.0948848126993273
4,ETTh1,336,pfarm,1251,NBEATSx,smape,0.0948641335101238
4,ETTh1,336,pentropy,1001,NBEATSx,smape,0.094861716021939
4,ETTh1,336,ipmutual_info,1501,NHITS,smape,0.0948581252923328
4,ETTh1,720,pentropy,1251,TSMixerx,smape,0.0948552226010692
4,ETTh1,720,pfarm,1251,TSMixerx,smape,0.0948541768806641
0,ETTh1,192,iprollcorr,751,TFT,mse,0.0948522728706619
4,ETTh1,336,pentropy,1251,NBEATSx,smape,0.0948312781300585
4,ETTh1,336,pmutual_info,1251,NBEATSx,smape,0.0948181332620375
4,ETTh1,336,pentropy,501,NBEATSx,smape,0.0948103814552284
4,ETTh1,336,pentropy,751,NBEATSx,smape,0.0948089136148732
4,ETTh1,336,iprollcorr,751,MLP,smape,0.0948089120768882
4,ETTh1,336,ipmutual_info,751,NBEATSx,smape,0.0948038917089906
4,ETTh1,336,prollcorr,1251,TCN,smape,0.0947910001251664
0,ETTh1,192,pmutual_info,1501,TFT,mse,0.0947788776248318
4,ETTh1,336,prollcov,1251,NBEATSx,smape,0.0947784984292741
0,ETTh1,192,pfarm,751,TFT,mse,0.0947696231931994
0,ETTh1,192,pmutual_info,751,MLP,mse,0.0947492760707462
0,ETTh1,192,pmutual_info,1001,NBEATSx,mse,0.0947375957088483
0,ETTh1,336,pfarm,501,GRU,mse,0.0947370168281416
4,ETTh1,336,prollcov,1001,TCN,smape,0.0946975755928667
0,ETTh1,192,iprollcorr,1251,MLP,mse,0.0946624100615538
4,ETTh1,336,ipmutual_info,1251,MLP,smape,0.0946575646169361
0,ETTh1,192,ipentropy,1001,MLP,mse,0.0946366628147996
0,ETTh1,192,pfarm,1501,MLP,mse,0.0946092040718153
0,ETTh1,192,iprollcov,1501,LSTM,mse,0.0945966897567132
4,ETTh1,336,prollcorr,1501,NBEATSx,smape,0.0945944014709138
4,ETTh1,336,prollcov,1501,TCN,smape,0.0945784995423684
0,ETTh1,192,pmutual_info,1001,TFT,mse,0.0945781625254114
4,ETTh1,336,ipentropy,1251,TCN,smape,0.094550588462534
0,ETTh1,192,identity,N/A,MLP,mse,0.0945488506574493
4,ETTh1,336,pfarm,751,MLP,smape,0.0945311644266934
4,ETTh1,336,pfarm,1001,NBEATSx,smape,0.0945287392929698
4,ETTh1,336,pmutual_info,1001,MLP,smape,0.0945129941484167
0,ETTh1,192,pentropy,751,NHITS,mse,0.0945019347012412
4,ETTh1,336,ipmutual_info,751,MLP,smape,0.0945006030333066
4,ETTh1,336,prollcov,1501,MLP,smape,0.0944928804351154
4,ETTh1,336,iprollcov,1501,TCN,smape,0.0944902026465873
0,ETTh1,192,prollcorr,1251,MLP,mse,0.0944889955964268
4,ETTh1,336,ipmutual_info,1001,TCN,smape,0.0944865278862192
0,ETTh1,192,pmutual_info,751,NHITS,mse,0.0944816382483739
0,ETTh1,192,ipentropy,1501,MLP,mse,0.0944768544308227
0,ETTh1,192,prollcorr,501,MLP,mse,0.0944763977533322
4,ETTh1,720,pfarm,501,MLP,smape,0.0944697160720441
4,ETTh1,336,ipmutual_info,501,TSMixerx,smape,0.0944682033943159
4,ETTh1,336,iprollcov,1251,TSMixerx,smape,0.0944681725623794
4,ETTh1,336,pentropy,1501,TSMixerx,smape,0.0944668232225059
4,ETTh1,336,pmutual_info,1251,BiTCN,smape,0.0944612986556172
4,ETTh1,336,prollcov,751,TSMixerx,smape,0.0944608213571395
4,ETTh1,336,ipentropy,751,TSMixerx,smape,0.0944604255052673
4,ETTh1,336,pfarm,501,TSMixerx,smape,0.0944525054596981
4,ETTh1,336,iprollcorr,1501,TSMixerx,smape,0.0944505372757854
4,ETTh1,336,pfarm,751,NBEATSx,smape,0.094449126454775
4,ETTh1,336,pmutual_info,751,TSMixerx,smape,0.0944478185320682
4,ETTh1,336,ipmutual_info,1501,TSMixerx,smape,0.0944477688411891
4,ETTh1,336,ipentropy,1001,TSMixerx,smape,0.0944432234752182
4,ETTh1,336,iprollcov,1501,TSMixerx,smape,0.0944399435689221
4,ETTh1,336,pmutual_info,1001,TSMixerx,smape,0.0944394346061746
4,ETTh1,720,iprollcorr,1001,TCN,smape,0.0944365870679829
4,ETTh1,336,pentropy,751,TSMixerx,smape,0.0944339138749654
4,ETTh1,336,iprollcorr,1251,TSMixerx,smape,0.0944325824191681
4,ETTh1,336,pmutual_info,1251,TSMixerx,smape,0.0944299209853286
4,ETTh1,336,ipentropy,1501,TSMixerx,smape,0.0944196605935215
4,ETTh1,336,prollcorr,1001,TSMixerx,smape,0.094419596364713
4,ETTh1,336,prollcov,1001,TSMixerx,smape,0.0944187522055246
4,ETTh1,336,pentropy,1501,NBEATSx,smape,0.0944143679399392
4,ETTh1,336,ipmutual_info,1251,TCN,smape,0.0944125912901011
4,ETTh1,336,ipentropy,1251,NBEATSx,smape,0.094412114167562
4,ETTh1,336,pentropy,501,TSMixerx,smape,0.0944099903549735
4,ETTh1,720,pentropy,1251,TFT,smape,0.0944069682466893
4,ETTh1,336,iprollcorr,1001,TSMixerx,smape,0.0943953428858917
4,ETTh1,336,ipentropy,501,TSMixerx,smape,0.094386204900787
4,ETTh1,336,pmutual_info,501,TSMixerx,smape,0.0943857125174362
4,ETTh1,720,iprollcorr,1251,TCN,smape,0.0943833326949637
4,ETTh1,336,ipentropy,751,TCN,smape,0.0943803335034144
0,ETTh1,192,ipmutual_info,1501,MLP,mse,0.0943802454141792
4,ETTh1,720,ipentropy,751,TFT,smape,0.0943773214262779
0,ETTh1,336,pentropy,501,GRU,mse,0.0943604831540594
4,ETTh1,336,prollcov,1251,TCN,smape,0.0943540982228182
4,ETTh1,336,iprollcorr,501,TSMixerx,smape,0.0943528152429838
4,ETTh1,336,prollcov,1501,TSMixerx,smape,0.0943515764991272
4,ETTh1,336,prollcorr,751,TCN,smape,0.0943498752639744
4,ETTh1,336,iprollcorr,1251,MLP,smape,0.0943495060267794
4,ETTh1,336,pentropy,751,BiTCN,smape,0.0943431571263977
4,ETTh1,720,pmutual_info,1001,TCN,smape,0.0943403277379351
0,ETTh1,192,iprollcorr,501,MLP,mse,0.09433785187744
4,ETTh1,336,prollcov,751,MLP,smape,0.0943328733144447
4,ETTh1,720,pentropy,751,TFT,smape,0.0943294182051296
0,ETTh1,192,pfarm,501,MLP,mse,0.094327906845124
4,ETTh1,720,ipmutual_info,1501,TCN,smape,0.0943192426974591
4,ETTh1,336,prollcorr,751,TSMixerx,smape,0.0943153633233272
4,ETTh1,720,pfarm,1501,TFT,smape,0.0943148040859424
4,ETTh1,336,pfarm,1501,TCN,smape,0.0943123996220097
4,ETTh1,336,prollcov,1251,TSMixerx,smape,0.0943068893011752
4,ETTh1,720,pentropy,751,TCN,smape,0.0942918314486223
4,ETTh1,720,ipmutual_info,1001,TCN,smape,0.0942897695140247
4,ETTh1,336,prollcov,1001,NBEATSx,smape,0.0942883764502121
4,ETTh1,336,iprollcov,501,TSMixerx,smape,0.0942861389633991
4,ETTh1,336,prollcorr,501,TSMixerx,smape,0.0942832467909475
4,ETTh1,336,pfarm,751,TCN,smape,0.0942765605597779
4,ETTh1,720,pfarm,1251,TCN,smape,0.094276112256158
4,ETTh1,336,iprollcorr,1501,NBEATSx,smape,0.0942754014091949
4,ETTh1,336,pfarm,1501,TSMixerx,smape,0.0942744541577382
4,ETTh1,336,ipentropy,1501,NBEATSx,smape,0.094271006664394
4,ETTh1,336,pmutual_info,1001,NBEATSx,smape,0.0942657449132178
4,ETTh1,720,pentropy,1001,TCN,smape,0.094257406533559
4,ETTh1,336,pfarm,1001,TSMixerx,smape,0.0942547336858041
4,ETTh1,336,iprollcov,1001,TSMixerx,smape,0.09425320933141
0,ETTh1,192,iprollcorr,1501,TFT,mse,0.0942527281691447
4,ETTh1,336,pfarm,1251,TSMixerx,smape,0.0942504552215637
4,ETTh1,336,prollcorr,1001,TCN,smape,0.0942499334503686
4,ETTh1,336,iprollcorr,751,TSMixerx,smape,0.0942481156724525
4,ETTh1,336,ipmutual_info,751,TSMixerx,smape,0.0942480558170197
4,ETTh1,336,ipmutual_info,1001,TSMixerx,smape,0.0942450742682619
4,ETTh1,336,prollcorr,1501,TSMixerx,smape,0.0942447084936589
4,ETTh1,720,prollcorr,501,MLP,smape,0.0942431315485528
0,ETTh1,192,iprollcov,501,LSTM,mse,0.0942382635511183
4,ETTh1,336,iprollcov,751,TSMixerx,smape,0.0942336430748127
4,ETTh1,720,identity,N/A,TCN,smape,0.0942316102877389
4,ETTh1,336,prollcov,501,TSMixerx,smape,0.0942173018199035
4,ETTh1,336,pfarm,1501,NBEATSx,smape,0.0942159158689059
4,ETTh1,720,pfarm,751,MLP,smape,0.0942134599033449
0,ETTh1,192,prollcorr,751,TFT,mse,0.0942041992556943
4,ETTh1,336,pentropy,1001,TFT,smape,0.0942031689752885
4,ETTh1,720,pfarm,1501,TCN,smape,0.0942026438389386
4,ETTh1,336,pmutual_info,1501,TFT,smape,0.0942004312648174
4,ETTh1,336,pentropy,1251,TCN,smape,0.0941880586733844
4,ETTh1,720,pmutual_info,501,TCN,smape,0.0941848191891584
0,ETTh1,192,prollcorr,1501,TFT,mse,0.094177407033887
0,ETTh1,192,pfarm,1251,MLP,mse,0.0941773159136743
0,ETTh1,192,ipentropy,1251,MLP,mse,0.094177118182635
0,ETTh1,192,pmutual_info,751,NBEATSx,mse,0.0941674025583625
4,ETTh1,720,ipmutual_info,501,MLP,smape,0.0941611854311845
4,ETTh1,336,ipmutual_info,1501,NBEATSx,smape,0.0941523258811141
4,ETTh1,720,pentropy,501,TCN,smape,0.0941510306635301
0,ETTh1,192,ipmutual_info,1251,TFT,mse,0.0941408616657069
4,ETTh1,720,pentropy,501,MLP,smape,0.0941375478793592
4,ETTh1,336,iprollcov,1001,TCN,smape,0.0941375186955074
4,ETTh1,720,pmutual_info,501,TFT,smape,0.0941242285256656
4,ETTh1,336,pentropy,751,MLP,smape,0.0941215374066613
4,ETTh1,336,pmutual_info,1501,TSMixerx,smape,0.0941184762269324
4,ETTh1,336,identity,N/A,NBEATSx,smape,0.094115376703162
0,ETTh1,192,ipentropy,751,MLP,mse,0.0941136260185085
4,ETTh1,720,pfarm,1001,MLP,smape,0.0941104976719443
4,ETTh1,336,iprollcov,1251,MLP,smape,0.0941090159567094
4,ETTh1,336,pentropy,1001,TSMixerx,smape,0.0941074338105749
0,ETTh1,192,pmutual_info,751,TFT,mse,0.0941068445820091
4,ETTh1,336,iprollcov,1001,NBEATSx,smape,0.0941021933509225
0,ETTh1,192,prollcorr,1501,MLP,mse,0.0941014433183999
4,ETTh1,336,pfarm,501,TFT,smape,0.0940862649992327
4,ETTh1,336,pentropy,1001,TCN,smape,0.0940768618559651
4,ETTh1,720,pfarm,1251,TFT,smape,0.0940623893057412
4,ETTh1,336,pmutual_info,1251,MLP,smape,0.0940431149843352
4,ETTh1,336,pmutual_info,1001,TCN,smape,0.0940353374536807
4,ETTh1,720,pentropy,1501,TFT,smape,0.094033170703096
0,ETTh1,192,ipmutual_info,751,TFT,mse,0.0940328947705669
4,ETTh1,336,pentropy,1251,TSMixerx,smape,0.0940279132689952
0,ETTh1,192,iprollcorr,751,LSTM,mse,0.0940251502516292
4,ETTh1,720,iprollcov,501,TFT,smape,0.0940178788676578
4,ETTh1,720,pentropy,501,TFT,smape,0.0940096082903898
4,ETTh1,336,ipmutual_info,1251,TSMixerx,smape,0.0940075534606024
4,ETTh1,336,iprollcorr,501,NBEATSx,smape,0.0940030043368492
4,ETTh1,336,iprollcov,1501,NBEATSx,smape,0.0939959971340365
0,ETTh1,192,pmutual_info,1251,NBEATSx,mse,0.0939887665577105
4,ETTh1,336,iprollcorr,1501,BiTCN,smape,0.0939833421883066
0,ETTh1,192,iprollcorr,751,MLP,mse,0.0939715651604806
4,ETTh1,336,pmutual_info,751,TCN,smape,0.0939688290687749
4,ETTh1,720,pentropy,751,MLP,smape,0.0939435717332081
0,ETTh1,192,iprollcorr,1501,MLP,mse,0.0939432561694423
4,ETTh1,720,iprollcov,1501,TFT,smape,0.0939429013630716
0,ETTh1,192,ipmutual_info,501,TFT,mse,0.0939422530808442
4,ETTh1,336,pentropy,501,TCN,smape,0.0939345476822464
4,ETTh1,720,pentropy,1001,MLP,smape,0.0939229355034917
4,ETTh1,336,pfarm,501,NBEATSx,smape,0.0939228671184132
4,ETTh1,336,pfarm,751,TSMixerx,smape,0.0939170713876326
4,ETTh1,336,prollcorr,1251,TSMixerx,smape,0.0939141825797169
4,ETTh1,336,ipentropy,1251,TSMixerx,smape,0.0939099110926326
4,ETTh1,336,prollcov,501,MLP,smape,0.0939081199798432
4,ETTh1,720,prollcov,501,MLP,smape,0.0939073286227188
4,ETTh1,336,pfarm,751,BiTCN,smape,0.0938912392369857
0,ETTh1,192,ipentropy,1001,LSTM,mse,0.0938888992334193
4,ETTh1,336,iprollcorr,1251,NBEATSx,smape,0.0938753228901843
0,ETTh1,192,pfarm,1251,LSTM,mse,0.0938743263733974
0,ETTh1,192,iprollcov,1501,DeepNPTS,mse,0.0938679555603158
4,ETTh1,192,pmutual_info,751,TSMixerx,smape,0.0938559546198204
4,ETTh1,192,ipmutual_info,501,NHITS,smape,0.093839600505612
4,ETTh1,336,identity,N/A,TSMixerx,smape,0.0938371156670467
4,ETTh1,336,ipentropy,751,MLP,smape,0.0938302641986327
4,ETTh1,336,iprollcorr,1001,BiTCN,smape,0.0938239471180613
0,ETTh1,192,pmutual_info,1251,MLP,mse,0.0938235137676103
4,ETTh1,720,pfarm,1251,MLP,smape,0.0938149426458041
0,ETTh1,192,iprollcov,1001,TFT,mse,0.0938105835051038
4,ETTh1,336,iprollcorr,1001,NBEATSx,smape,0.0937996693637531
4,ETTh1,336,iprollcov,501,NBEATSx,smape,0.0937893920466067
4,ETTh1,336,iprollcorr,1501,MLP,smape,0.093783576304401
4,ETTh1,336,iprollcov,501,MLP,smape,0.0937831069272947
4,ETTh1,720,prollcorr,1251,MLP,smape,0.093779493403907
0,ETTh1,192,prollcorr,501,TFT,mse,0.0937590150179883
4,ETTh1,720,iprollcov,1001,MLP,smape,0.0937589590939522
4,ETTh1,336,iprollcov,1251,NBEATSx,smape,0.0937503952518984
4,ETTh1,720,iprollcorr,1001,MLP,smape,0.0937306329301247
4,ETTh1,336,prollcorr,1001,NBEATSx,smape,0.0937302805454936
4,ETTh1,720,ipmutual_info,1001,MLP,smape,0.093725985042842
4,ETTh1,336,pmutual_info,1501,NBEATSx,smape,0.0937203681152075
0,ETTh1,192,pmutual_info,501,MLP,mse,0.0937090884860393
4,ETTh1,720,iprollcorr,1501,MLP,smape,0.0937069579763676
4,ETTh1,720,ipentropy,1251,MLP,smape,0.093687386148278
4,ETTh1,192,prollcov,1501,NHITS,smape,0.0936753001322236
0,ETTh1,192,ipentropy,1251,TFT,mse,0.0936711941624839
4,ETTh1,720,pentropy,1251,MLP,smape,0.0936609101952631
4,ETTh1,720,ipmutual_info,751,MLP,smape,0.0936522187907387
4,ETTh1,720,prollcorr,1501,MLP,smape,0.0936506105792937
4,ETTh1,336,iprollcov,1501,MLP,smape,0.093644880723134
4,ETTh1,336,ipentropy,1001,TFT,smape,0.0936340089879751
4,ETTh1,336,ipentropy,751,NBEATSx,smape,0.0936326746967694
4,ETTh1,336,pfarm,1251,MLP,smape,0.0936224120531775
0,ETTh1,192,pmutual_info,1001,LSTM,mse,0.0935998821098433
4,ETTh1,336,prollcov,751,TFT,smape,0.093596231146026
4,ETTh1,336,ipmutual_info,501,BiTCN,smape,0.093595551013738
4,ETTh1,336,pfarm,501,TCN,smape,0.0935932245604976
4,ETTh1,192,ipmutual_info,751,NHITS,smape,0.0935810275010067
4,ETTh1,336,ipmutual_info,1251,LSTM,smape,0.0935734114644031
0,ETTh1,192,ipentropy,1001,TFT,mse,0.0935585986029248
4,ETTh1,192,prollcov,501,TSMixerx,smape,0.0935556184791177
4,ETTh1,720,prollcorr,1001,MLP,smape,0.0935544586939
0,ETTh1,192,prollcorr,1251,TFT,mse,0.0935531582753426
4,ETTh1,720,ipentropy,1501,MLP,smape,0.093541586784976
4,ETTh1,720,prollcorr,751,MLP,smape,0.0935201882785818
4,ETTh1,720,pfarm,1501,MLP,smape,0.0935186687438418
4,ETTh1,720,iprollcov,501,MLP,smape,0.0935010429342867
4,ETTh1,336,pfarm,1001,MLP,smape,0.0934962119569727
0,ETTh1,192,ipmutual_info,1001,MLP,mse,0.0934928138308394
4,ETTh1,336,prollcorr,501,TFT,smape,0.0934670593475821
0,ETTh1,192,iprollcov,1501,TFT,mse,0.0934633857787098
0,ETTh1,192,iprollcov,751,TFT,mse,0.0934538582430044
0,ETTh1,192,pentropy,1501,TFT,mse,0.093427370285446
4,ETTh1,720,prollcorr,501,TFT,smape,0.0934266988891857
4,ETTh1,720,prollcov,1501,MLP,smape,0.0934243936012022
4,ETTh1,336,ipentropy,1001,NBEATSx,smape,0.0934207404186618
4,ETTh1,336,ipentropy,1501,MLP,smape,0.0934082850241761
4,ETTh1,720,prollcov,751,MLP,smape,0.0933992078098314
4,ETTh1,336,ipentropy,501,NBEATSx,smape,0.0933938914020402
4,ETTh1,336,ipmutual_info,1501,MLP,smape,0.0933938598393741
4,ETTh1,720,pentropy,1501,MLP,smape,0.093391301487599
4,ETTh1,720,iprollcorr,501,MLP,smape,0.0933856783991258
4,ETTh1,336,ipentropy,1501,TCN,smape,0.0933647745432899
4,ETTh1,720,ipentropy,501,MLP,smape,0.093347285329916
4,ETTh1,720,prollcov,1001,MLP,smape,0.0933471997226523
4,ETTh1,336,prollcorr,1501,MLP,smape,0.0933432144228748
4,ETTh1,720,prollcov,1251,MLP,smape,0.0933415229280093
4,ETTh1,720,identity,N/A,MLP,smape,0.0933352294065162
4,ETTh1,336,ipentropy,1001,MLP,smape,0.0933316142905314
4,ETTh1,336,prollcov,501,TCN,smape,0.0933285283851874
4,ETTh1,720,ipmutual_info,1501,MLP,smape,0.0933158006890996
0,ETTh1,192,prollcov,1251,TFT,mse,0.0932999706355971
4,ETTh1,720,ipentropy,1001,MLP,smape,0.0932992587949978
4,ETTh1,720,ipmutual_info,1251,MLP,smape,0.0932988706384533
4,ETTh1,336,prollcov,751,TCN,smape,0.0932982384991185
4,ETTh1,720,prollcorr,751,TFT,smape,0.0932955833528417
0,ETTh1,192,iprollcorr,1251,TFT,mse,0.0932939205627251
4,ETTh1,192,prollcorr,1501,NHITS,smape,0.09328766622397
4,ETTh1,336,ipmutual_info,501,TFT,smape,0.0932744118457649
4,ETTh1,720,iprollcov,1501,MLP,smape,0.0932716449821737
4,ETTh1,720,iprollcov,1251,MLP,smape,0.0932642610786679
4,ETTh1,336,pentropy,751,TCN,smape,0.0932632388701669
0,ETTh1,192,pmutual_info,501,TFT,mse,0.0932531095235773
4,ETTh1,720,ipentropy,751,MLP,smape,0.0932487158217655
4,ETTh1,336,iprollcov,501,TCN,smape,0.0932410504389067
4,ETTh1,720,ipmutual_info,501,TFT,smape,0.0932383222394037
4,ETTh1,336,iprollcorr,751,TCN,smape,0.0931956827096239
4,ETTh1,336,prollcorr,1501,TFT,smape,0.0931924333692472
4,ETTh1,720,iprollcorr,751,MLP,smape,0.09318923614864
4,ETTh1,720,iprollcorr,1251,MLP,smape,0.093184588922493
0,ETTh1,192,prollcorr,751,MLP,mse,0.0931840560505471
4,ETTh1,336,pentropy,1251,MLP,smape,0.0931773564006899
4,ETTh1,336,pentropy,1001,MLP,smape,0.0931698478385788
4,ETTh1,336,ipmutual_info,1001,MLP,smape,0.0931462340497326
4,ETTh1,336,pmutual_info,501,TFT,smape,0.0931417150848658
4,ETTh1,720,pmutual_info,1001,TFT,smape,0.09314104944164
4,ETTh1,192,ipentropy,1251,NHITS,smape,0.0931359929648483
4,ETTh1,336,prollcorr,1501,BiTCN,smape,0.0931313472707735
0,ETTh1,192,iprollcov,1001,MLP,mse,0.0931306733417309
4,ETTh1,336,pmutual_info,1251,TCN,smape,0.0931271125921005
4,ETTh1,336,prollcov,1501,NBEATSx,smape,0.0931190621502419
4,ETTh1,336,prollcorr,1501,TCN,smape,0.0931158417899702
4,ETTh1,336,prollcorr,501,NBEATSx,smape,0.0931042200254914
4,ETTh1,720,iprollcov,751,MLP,smape,0.0931034586342378
0,ETTh1,192,prollcov,1251,MLP,mse,0.0930991844733561
4,ETTh1,336,iprollcov,751,TCN,smape,0.0930944082467499
4,ETTh1,336,iprollcorr,501,TCN,smape,0.0930932838768743
4,ETTh1,720,pmutual_info,751,MLP,smape,0.0930925298693856
0,ETTh1,192,ipmutual_info,1501,TFT,mse,0.0930919435315834
4,ETTh1,336,identity,N/A,TCN,smape,0.0930862706353892
4,ETTh1,336,iprollcov,751,NBEATSx,smape,0.0930835806275535
0,ETTh1,192,prollcov,501,MLP,mse,0.0930786821650667
4,ETTh1,336,pfarm,1001,BiTCN,smape,0.0930756942483895
4,ETTh1,336,ipentropy,501,MLP,smape,0.0930746902801983
4,ETTh1,336,iprollcorr,1001,TCN,smape,0.0930725359539973
4,ETTh1,336,ipmutual_info,1501,TCN,smape,0.0930656343534986
4,ETTh1,336,ipmutual_info,501,TCN,smape,0.0930621186658927
4,ETTh1,336,iprollcorr,1501,TCN,smape,0.0930544616031595
0,ETTh1,192,prollcov,1501,TFT,mse,0.0930511379562239
4,ETTh1,96,pfarm,1501,NBEATSx,smape,0.0930424013542313
4,ETTh1,336,iprollcorr,751,NBEATSx,smape,0.093041316039344
4,ETTh1,336,iprollcov,1251,TFT,smape,0.0930086551690802
4,ETTh1,336,pentropy,1501,TCN,smape,0.093008410519178
4,ETTh1,336,ipentropy,1001,TCN,smape,0.092978196650186
0,ETTh1,192,iprollcorr,1001,MLP,mse,0.0929746950610292
4,ETTh1,336,pmutual_info,501,TCN,smape,0.0929602162049187
4,ETTh1,336,ipentropy,501,TCN,smape,0.0929133509572032
4,ETTh1,336,prollcorr,501,MLP,smape,0.0929111875761705
4,ETTh1,336,pfarm,1501,TFT,smape,0.0929009257010728
0,ETTh1,192,pentropy,1501,MLP,mse,0.0928943436118191
4,ETTh1,192,pfarm,1001,NHITS,smape,0.0928891614363786
4,ETTh1,336,iprollcorr,1501,TFT,smape,0.0928830312331544
4,ETTh1,336,ipmutual_info,501,MLP,smape,0.0928783194175841
4,ETTh1,336,ipmutual_info,751,TCN,smape,0.0928624452433518
4,ETTh1,336,pmutual_info,751,TFT,smape,0.0928619253478739
0,ETTh1,192,pentropy,501,TFT,mse,0.0928518570103068
4,ETTh1,336,pfarm,1501,MLP,smape,0.0928376262940748
0,ETTh1,192,iprollcov,751,MLP,mse,0.0928366968920938
4,ETTh1,720,prollcorr,1001,TFT,smape,0.0928357856583716
4,ETTh1,336,prollcorr,1501,GRU,smape,0.0928345576927559
4,ETTh1,336,ipentropy,501,TFT,smape,0.0928267207824049
0,ETTh1,192,pfarm,1251,TFT,mse,0.0928254701418833
4,ETTh1,336,pmutual_info,1501,MLP,smape,0.0928111147717456
4,ETTh1,720,pfarm,1001,TSMixerx,smape,0.0928075490083418
0,ETTh1,192,identity,N/A,TFT,mse,0.0928050077064639
4,ETTh1,720,ipmutual_info,1001,TSMixerx,smape,0.0927708619480257
4,ETTh1,720,pmutual_info,1501,MLP,smape,0.0927654402466044
4,ETTh1,336,pfarm,751,TFT,smape,0.0927400228085496
4,ETTh1,720,pfarm,501,TSMixerx,smape,0.0927397891992974
4,ETTh1,720,pmutual_info,1251,MLP,smape,0.0927279598556956
4,ETTh1,336,prollcorr,751,BiTCN,smape,0.0927046583198518
4,ETTh1,192,ipmutual_info,1251,NHITS,smape,0.0927005056112982
4,ETTh1,336,prollcorr,1251,TFT,smape,0.0926959337234455
4,ETTh1,720,ipentropy,1251,TSMixerx,smape,0.0926958718750549
4,ETTh1,336,prollcorr,1001,TFT,smape,0.0926764475536385
0,ETTh1,192,pentropy,1001,LSTM,mse,0.0926702689692227
0,ETTh1,192,pfarm,1001,DeepNPTS,mse,0.092668599606805
0,ETTh1,192,prollcorr,1001,DeepNPTS,mse,0.0926659558145236
4,ETTh1,720,identity,N/A,TSMixerx,smape,0.0926451152753732
4,ETTh1,720,pmutual_info,1001,MLP,smape,0.0926439366311308
4,ETTh1,720,pfarm,1501,TSMixerx,smape,0.0926356233169112
0,ETTh1,192,prollcov,1001,MLP,mse,0.0926261673711207
0,ETTh1,192,pfarm,1501,DeepNPTS,mse,0.0926220811543693
4,ETTh1,192,prollcov,1001,NHITS,smape,0.0926190417026869
0,ETTh1,192,ipentropy,751,TFT,mse,0.0926108589860306
0,ETTh1,192,pmutual_info,501,DeepNPTS,mse,0.0926082864874177
4,ETTh1,720,iprollcov,1501,TSMixerx,smape,0.092583114510787
4,ETTh1,720,prollcov,501,TSMixerx,smape,0.0925702996061275
4,ETTh1,336,ipmutual_info,1251,NBEATSx,smape,0.092561273143005
4,ETTh1,720,ipentropy,1001,TFT,smape,0.0925562464943712
4,ETTh1,336,pmutual_info,1251,TFT,smape,0.092552617840128
0,ETTh1,192,prollcov,501,TFT,mse,0.092548531985697
4,ETTh1,720,pmutual_info,501,TSMixerx,smape,0.092520520671415
4,ETTh1,720,ipentropy,501,TSMixerx,smape,0.0925171151172235
4,ETTh1,336,prollcov,1001,BiTCN,smape,0.0925021443847235
4,ETTh1,720,iprollcorr,1501,TSMixerx,smape,0.0924961992963648
4,ETTh1,720,prollcorr,751,TiDE,smape,0.0924845386180211
4,ETTh1,720,pfarm,501,TiDE,smape,0.0924845386180211
4,ETTh1,720,ipmutual_info,751,TiDE,smape,0.0924845386180211
4,ETTh1,720,iprollcorr,1501,TiDE,smape,0.0924845386180211
4,ETTh1,720,ipentropy,501,TiDE,smape,0.0924845386180211
4,ETTh1,720,pfarm,1001,TiDE,smape,0.0924845386180211
4,ETTh1,720,ipentropy,1001,TiDE,smape,0.0924845386180211
4,ETTh1,720,ipentropy,1251,TiDE,smape,0.0924845386180211
4,ETTh1,720,pmutual_info,501,TiDE,smape,0.0924845386180211
4,ETTh1,720,pmutual_info,1501,TiDE,smape,0.0924845386180211
4,ETTh1,720,identity,N/A,TiDE,smape,0.0924845386180211
4,ETTh1,720,iprollcov,501,TiDE,smape,0.0924845386180211
4,ETTh1,720,iprollcov,751,TiDE,smape,0.0924845386180211
4,ETTh1,720,ipentropy,751,TiDE,smape,0.0924845386180211
4,ETTh1,720,iprollcov,1001,TiDE,smape,0.0924845386180211
4,ETTh1,720,iprollcov,1251,TiDE,smape,0.0924845386180211
4,ETTh1,720,pentropy,1251,TiDE,smape,0.0924845386180211
4,ETTh1,720,ipentropy,1501,TiDE,smape,0.0924845386180211
4,ETTh1,720,iprollcorr,501,TiDE,smape,0.0924845386180211
4,ETTh1,720,iprollcorr,751,TiDE,smape,0.0924845386180211
4,ETTh1,720,iprollcorr,1001,TiDE,smape,0.0924845386180211
4,ETTh1,720,pentropy,1501,TiDE,smape,0.0924845386180211
4,ETTh1,720,pmutual_info,1251,TiDE,smape,0.0924845386180211
4,ETTh1,720,pmutual_info,751,TiDE,smape,0.0924845386180211
4,ETTh1,720,ipmutual_info,1001,TiDE,smape,0.0924845386180211
4,ETTh1,720,ipmutual_info,1251,TiDE,smape,0.0924845386180211
4,ETTh1,720,prollcov,1001,TiDE,smape,0.0924845386180211
4,ETTh1,720,prollcov,1251,TiDE,smape,0.0924845386180211
4,ETTh1,720,prollcov,1501,TiDE,smape,0.0924845386180211
4,ETTh1,720,iprollcorr,1251,TiDE,smape,0.0924845386180211
4,ETTh1,720,pmutual_info,1001,TiDE,smape,0.0924845386180211
4,ETTh1,720,prollcov,501,TiDE,smape,0.0924845386180211
4,ETTh1,720,pentropy,1001,TiDE,smape,0.0924845386180211
4,ETTh1,720,pentropy,751,TiDE,smape,0.0924845386180211
4,ETTh1,720,ipmutual_info,1501,TiDE,smape,0.0924845386180211
4,ETTh1,720,iprollcov,1501,TiDE,smape,0.0924845386180211
4,ETTh1,720,ipmutual_info,501,TiDE,smape,0.0924845386180211
4,ETTh1,720,prollcorr,1001,TiDE,smape,0.0924845386180211
4,ETTh1,720,prollcorr,1251,TiDE,smape,0.0924845386180211
4,ETTh1,720,prollcorr,1501,TiDE,smape,0.0924845386180211
4,ETTh1,720,pentropy,501,TiDE,smape,0.0924845386180211
4,ETTh1,720,pfarm,1251,TiDE,smape,0.0924845386180211
4,ETTh1,720,pfarm,1501,TiDE,smape,0.0924845386180211
4,ETTh1,720,prollcorr,501,TiDE,smape,0.0924845386180211
4,ETTh1,720,prollcov,751,TiDE,smape,0.0924845386180211
4,ETTh1,720,pfarm,751,TiDE,smape,0.0924845386180211
4,ETTh1,336,pfarm,1001,TFT,smape,0.0924833508554856
0,ETTh1,192,prollcorr,1001,MLP,mse,0.0924828630509934
4,ETTh1,336,pentropy,501,TFT,smape,0.0924792096200419
4,ETTh1,720,pfarm,751,TFT,smape,0.0924718026325265
4,ETTh1,720,pfarm,1001,TFT,smape,0.0924713551078492
4,ETTh1,336,pmutual_info,1001,TFT,smape,0.0924387887617766
4,ETTh1,336,pentropy,1251,TFT,smape,0.0924276942503801
4,ETTh1,336,ipentropy,751,TFT,smape,0.0924079995505295
0,ETTh1,192,prollcorr,501,DeepNPTS,mse,0.0924003370491439
4,ETTh1,336,pentropy,751,LSTM,smape,0.0923889870104521
4,ETTh1,192,iprollcorr,501,NHITS,smape,0.0923525634384444
4,ETTh1,720,pfarm,501,TFT,smape,0.0923281381940889
4,ETTh1,336,ipentropy,501,BiTCN,smape,0.092302486470596
4,ETTh1,720,prollcov,1001,TFT,smape,0.0922897804923255
4,ETTh1,720,prollcorr,1501,TFT,smape,0.0922876097980303
4,ETTh1,336,iprollcorr,501,MLP,smape,0.0922761963863143
4,ETTh1,720,iprollcorr,501,TSMixerx,smape,0.0922582890512819
4,ETTh1,720,prollcorr,501,TSMixerx,smape,0.0922479175915996
4,ETTh1,720,pfarm,751,TSMixerx,smape,0.0922467841698344
4,ETTh1,336,prollcov,501,DeepNPTS,smape,0.0922446591199455
0,ETTh1,192,pmutual_info,1251,TFT,mse,0.092237922636753
4,ETTh1,720,prollcov,1501,TSMixerx,smape,0.0921829595901771
0,ETTh1,192,iprollcorr,1251,DeepNPTS,mse,0.0921794933328283
4,ETTh1,336,pfarm,1501,BiTCN,smape,0.0921697136873631
4,ETTh1,336,iprollcov,1001,TFT,smape,0.0921378570068311
4,ETTh1,720,pmutual_info,1501,TSMixerx,smape,0.0921366014306927
4,ETTh1,336,iprollcov,751,GRU,smape,0.0921314266463758
4,ETTh1,336,pentropy,1501,BiTCN,smape,0.0921277022482953
4,ETTh1,336,ipentropy,1251,TFT,smape,0.092116832527223
4,ETTh1,336,iprollcorr,501,TFT,smape,0.0921163954359131
4,ETTh1,336,iprollcorr,1251,DeepNPTS,smape,0.0921035647023652
0,ETTh1,192,iprollcov,1001,TSMixerx,mse,0.0920811248613669
0,ETTh1,192,pentropy,1251,DeepNPTS,mse,0.0920604472661204
0,ETTh1,192,iprollcorr,501,DeepNPTS,mse,0.0920536127043571
4,ETTh1,336,prollcov,1501,TFT,smape,0.0920283397929327
4,ETTh1,336,ipentropy,1251,DeepNPTS,smape,0.0920143645469848
4,ETTh1,336,iprollcorr,1001,MLP,smape,0.0920049808662587
0,ETTh1,192,ipmutual_info,501,TSMixerx,mse,0.092002511237659
4,ETTh1,336,ipmutual_info,1001,TFT,smape,0.0919856537926778
4,ETTh1,336,pmutual_info,1501,TCN,smape,0.0919847447086568
0,ETTh1,192,iprollcorr,1001,TSMixerx,mse,0.0919708042695814
0,ETTh1,192,ipentropy,1501,TSMixerx,mse,0.0919707863041682
4,ETTh1,336,prollcov,501,TFT,smape,0.0919685154295919
4,ETTh1,336,ipentropy,1501,TFT,smape,0.0919446232191378
0,ETTh1,192,ipmutual_info,751,TSMixerx,mse,0.0919218343918176
0,ETTh1,192,ipentropy,501,TSMixerx,mse,0.0919115843632562
0,ETTh1,192,iprollcov,751,TSMixerx,mse,0.0919057876748244
4,ETTh1,192,iprollcov,501,NHITS,smape,0.0918863155748763
4,ETTh1,720,pmutual_info,751,TFT,smape,0.0918753520557756
4,ETTh1,336,pmutual_info,751,DeepNPTS,smape,0.0918501636131625
4,ETTh1,192,ipentropy,1501,NHITS,smape,0.0918375956617759
0,ETTh1,192,iprollcorr,1501,DeepNPTS,mse,0.0918117701973571
4,ETTh1,720,pmutual_info,501,MLP,smape,0.091811382768577
4,ETTh1,192,pfarm,751,NHITS,smape,0.0917973282699577
4,ETTh1,720,iprollcov,751,TSMixerx,smape,0.0917935799948396
4,ETTh1,336,pentropy,751,TFT,smape,0.0917888206001492
0,ETTh1,192,iprollcorr,751,TSMixerx,mse,0.0917866405513516
0,ETTh1,192,prollcov,1251,TSMixerx,mse,0.0917765532675844
0,ETTh1,192,ipentropy,1001,TSMixerx,mse,0.0917709710411712
4,ETTh1,720,pentropy,751,TSMixerx,smape,0.0917704945783549
4,ETTh1,336,iprollcov,501,TFT,smape,0.0917688612042461
4,ETTh1,192,pentropy,1501,NHITS,smape,0.0917611194096992
0,ETTh1,192,pmutual_info,1001,DeepNPTS,mse,0.0917534645916315
0,ETTh1,192,prollcov,751,DeepNPTS,mse,0.0917452459798238
4,ETTh1,192,identity,N/A,NHITS,smape,0.0917392690806169
4,ETTh1,336,identity,N/A,TFT,smape,0.0917391876219533
0,ETTh1,192,iprollcov,501,TSMixerx,mse,0.0917294334275808
4,ETTh1,720,pentropy,1501,TSMixerx,smape,0.091727382110941
4,ETTh1,336,pentropy,1501,TFT,smape,0.0917148856566177
0,ETTh1,192,prollcorr,751,TSMixerx,mse,0.0916905477251985
4,ETTh1,336,pmutual_info,751,BiTCN,smape,0.0916878740469943
4,ETTh1,336,pmutual_info,501,DeepNPTS,smape,0.091676135249496
0,ETTh1,192,pentropy,751,TSMixerx,mse,0.0916679853499703
4,ETTh1,192,prollcorr,1251,NHITS,smape,0.0916654613592272
4,ETTh1,336,pmutual_info,1501,DeepNPTS,smape,0.0916652218483063
4,ETTh1,720,ipmutual_info,751,TFT,smape,0.0916590468318495
0,ETTh1,192,pfarm,1251,TSMixerx,mse,0.0916555236655495
4,ETTh1,192,iprollcorr,751,NHITS,smape,0.0916386914353125
4,ETTh1,192,ipmutual_info,1001,NHITS,smape,0.0916386625583948
0,ETTh1,192,ipmutual_info,1251,DeepNPTS,mse,0.091620217070909
0,ETTh1,192,ipentropy,1251,TSMixerx,mse,0.0916055219029493
0,ETTh1,192,prollcorr,1001,TSMixerx,mse,0.0916034502745548
4,ETTh1,336,ipmutual_info,751,DeepNPTS,smape,0.0916017210605156
0,ETTh1,192,ipentropy,1251,DeepNPTS,mse,0.0915848829041188
0,ETTh1,192,prollcorr,1251,TSMixerx,mse,0.0915809362397395
4,ETTh1,720,ipmutual_info,1501,TFT,smape,0.0915715062398089
4,ETTh1,336,pmutual_info,1251,GRU,smape,0.0915709111687903
0,ETTh1,192,prollcov,751,TSMixerx,mse,0.0915382452775816
0,ETTh1,192,ipmutual_info,1501,TSMixerx,mse,0.091532852590769
0,ETTh1,192,pentropy,1251,TSMixerx,mse,0.0915285378639408
0,ETTh1,192,prollcorr,501,TSMixerx,mse,0.0915245746166407
0,ETTh1,96,pentropy,751,NHITS,mse,0.0915164738835626
0,ETTh1,192,pentropy,501,TSMixerx,mse,0.0915157602171136
0,ETTh1,192,ipentropy,751,TSMixerx,mse,0.091514408988908
0,ETTh1,192,iprollcov,1251,TSMixerx,mse,0.0915142939758957
4,ETTh1,336,pmutual_info,1001,DeepNPTS,smape,0.0915084900077897
4,ETTh1,192,pfarm,1501,NHITS,smape,0.0915071623396427
0,ETTh1,192,iprollcorr,1501,BiTCN,mse,0.0914853183468159
0,ETTh1,192,pentropy,751,BiTCN,mse,0.0914790491348317
0,ETTh1,192,pentropy,1001,TSMixerx,mse,0.0914557151792614
4,ETTh1,336,prollcov,751,BiTCN,smape,0.0914550221106649
0,ETTh1,192,prollcov,1501,DeepNPTS,mse,0.0914359904049988
4,ETTh1,336,identity,N/A,MLP,smape,0.091435904233672
4,ETTh1,336,iprollcov,1251,LSTM,smape,0.0914215227724517
4,ETTh1,192,iprollcov,751,NHITS,smape,0.0914211091457614
4,ETTh1,192,iprollcorr,1001,NHITS,smape,0.0914209131871027
4,ETTh1,336,prollcov,1001,TFT,smape,0.0914204461203622
0,ETTh1,192,pentropy,501,DeepNPTS,mse,0.0914171539750227
0,ETTh1,192,ipmutual_info,1001,DeepNPTS,mse,0.0914156775201619
4,ETTh1,336,iprollcov,1501,TFT,smape,0.0914098814009599
4,ETTh1,336,pfarm,1001,DeepNPTS,smape,0.0914021128147501
0,ETTh1,192,pentropy,1001,DeepNPTS,mse,0.091401712713165
0,ETTh1,192,pentropy,1501,LSTM,mse,0.0913961270440252
4,ETTh1,336,prollcov,1501,DeepNPTS,smape,0.0913682531540519
0,ETTh1,192,iprollcorr,1501,TSMixerx,mse,0.0913616142723197
0,ETTh1,192,prollcov,1501,TSMixerx,mse,0.0913554243982069
4,ETTh1,720,prollcorr,1251,TFT,smape,0.0913466464566953
4,ETTh1,720,ipmutual_info,1501,TSMixerx,smape,0.0913447485515597
0,ETTh1,192,iprollcorr,501,TSMixerx,mse,0.0913418371175645
4,ETTh1,720,iprollcorr,751,TFT,smape,0.0913412164881701
4,ETTh1,720,iprollcorr,1001,TFT,smape,0.0913230396604494
4,ETTh1,192,iprollcorr,1251,NHITS,smape,0.0913093077887571
4,ETTh1,336,pfarm,501,LSTM,smape,0.0912943607474163
0,ETTh1,192,pfarm,1001,TSMixerx,mse,0.091281116929826
4,ETTh1,336,ipmutual_info,1501,DeepNPTS,smape,0.0912629452493889
0,ETTh1,192,pfarm,751,MLP,mse,0.0912524976059095
4,ETTh1,192,ipentropy,501,NHITS,smape,0.0912501280393743
4,ETTh1,336,prollcov,1251,DeepNPTS,smape,0.0912453080080898
0,ETTh1,192,prollcov,1001,TSMixerx,mse,0.0912395946092033
0,ETTh1,192,iprollcorr,1251,TSMixerx,mse,0.0912355246282772
4,ETTh1,336,iprollcorr,1001,LSTM,smape,0.091232923885542
4,ETTh1,336,prollcorr,1251,DeepNPTS,smape,0.091227052826379
4,ETTh1,192,ipmutual_info,1501,NHITS,smape,0.0912205053089609
4,ETTh1,720,prollcov,1251,TSMixerx,smape,0.0912141526856228
0,ETTh1,192,prollcorr,1501,TSMixerx,mse,0.0912121374992652
4,ETTh1,336,iprollcov,1501,DeepNPTS,smape,0.0912087785876664
0,ETTh1,192,identity,N/A,TSMixerx,mse,0.0912063455616348
4,ETTh1,336,ipentropy,751,GRU,smape,0.0912021862181029
0,ETTh1,192,iprollcov,1501,TSMixerx,mse,0.0911948535948661
0,ETTh1,192,prollcov,1251,DeepNPTS,mse,0.0911886198005173
0,ETTh1,192,iprollcov,751,DeepNPTS,mse,0.091170468464885
4,ETTh1,720,ipmutual_info,1251,TFT,smape,0.0911635767518569
4,ETTh1,720,iprollcov,751,TFT,smape,0.0911581842952899
0,ETTh1,192,ipmutual_info,1001,TSMixerx,mse,0.0911474661408435
4,ETTh1,720,pmutual_info,751,TSMixerx,smape,0.0911264349499746
0,ETTh1,192,pentropy,1501,TSMixerx,mse,0.0911248079176778
0,ETTh1,192,pfarm,1501,TSMixerx,mse,0.0911136325043815
4,ETTh1,336,ipentropy,1001,DeepNPTS,smape,0.0911080458444466
0,ETTh1,192,pfarm,501,TSMixerx,mse,0.0910998219340471
4,ETTh1,192,prollcorr,1001,NHITS,smape,0.0910964324271493
4,ETTh1,720,identity,N/A,TFT,smape,0.0910920588676073
4,ETTh1,720,prollcov,1251,TFT,smape,0.0910857515346363
4,ETTh1,336,iprollcov,751,DeepNPTS,smape,0.0910817210270228
4,ETTh1,336,iprollcorr,501,DeepNPTS,smape,0.0910762062530909
4,ETTh1,336,iprollcov,501,GRU,smape,0.0910565038524314
0,ETTh1,192,pentropy,1001,BiTCN,mse,0.0910444352640306
4,ETTh1,720,iprollcorr,501,TFT,smape,0.0910174896418549
0,ETTh1,192,pfarm,751,DeepNPTS,mse,0.0910038449217057
0,ETTh1,192,pmutual_info,501,BiTCN,mse,0.091003363497
4,ETTh1,336,pentropy,751,GRU,smape,0.0909875068033391
0,ETTh1,192,ipmutual_info,1251,TSMixerx,mse,0.0909848247278578
4,ETTh1,336,pfarm,1001,GRU,smape,0.0909847980799117
4,ETTh1,336,ipmutual_info,1001,DeepNPTS,smape,0.0909824151972959
0,ETTh1,192,prollcov,1001,LSTM,mse,0.0909816999274428
4,ETTh1,720,pentropy,501,TSMixerx,smape,0.0909805394147226
0,ETTh1,192,ipmutual_info,1501,BiTCN,mse,0.0909755127824458
0,ETTh1,192,ipmutual_info,501,BiTCN,mse,0.0909724988624174
4,ETTh1,336,ipmutual_info,501,DeepNPTS,smape,0.090953172889163
0,ETTh1,192,pentropy,501,BiTCN,mse,0.0909503808741706
0,ETTh1,192,iprollcov,1501,BiTCN,mse,0.0909492540686048
4,ETTh1,336,pentropy,1501,LSTM,smape,0.0909443769512143
4,ETTh1,336,pfarm,501,DeepNPTS,smape,0.0909413565014575
0,ETTh1,192,iprollcorr,1251,BiTCN,mse,0.0909367262059695
0,ETTh1,192,iprollcorr,751,BiTCN,mse,0.0909284191834213
0,ETTh1,192,ipmutual_info,1251,BiTCN,mse,0.090922021796238
4,ETTh1,336,ipmutual_info,1501,LSTM,smape,0.0909212463918317
4,ETTh1,336,iprollcov,1501,GRU,smape,0.0909163009287961
0,ETTh1,192,pfarm,751,TSMixerx,mse,0.0909131030401757
4,ETTh1,192,prollcorr,751,NHITS,smape,0.09091071222124
4,ETTh1,336,pentropy,1251,GRU,smape,0.0909060260925109
4,ETTh1,336,pentropy,751,DeepNPTS,smape,0.0909035981859769
4,ETTh1,336,ipentropy,501,DeepNPTS,smape,0.0908960729334324
0,ETTh1,192,iprollcov,1251,BiTCN,mse,0.0908916537921013
4,ETTh1,192,ipmutual_info,1001,TFT,smape,0.0908906420506727
0,ETTh1,192,ipmutual_info,1001,BiTCN,mse,0.0908830271526575
4,ETTh1,720,prollcorr,751,TSMixerx,smape,0.09087669042448
0,ETTh1,192,prollcorr,1251,BiTCN,mse,0.0908653288712752
0,ETTh1,192,pentropy,1501,BiTCN,mse,0.0908650740824256
0,ETTh1,192,iprollcov,1001,BiTCN,mse,0.0908588892733683
0,ETTh1,192,iprollcorr,501,BiTCN,mse,0.0908580559390911
0,ETTh1,192,iprollcov,501,BiTCN,mse,0.0908470421884852
4,ETTh1,336,pentropy,1251,DeepNPTS,smape,0.090843169506273
0,ETTh1,192,prollcov,1501,BiTCN,mse,0.0908405311733529
4,ETTh1,336,prollcov,1001,DeepNPTS,smape,0.0908349082598148
0,ETTh1,192,ipentropy,1501,BiTCN,mse,0.09083396594104
0,ETTh1,192,ipmutual_info,751,BiTCN,mse,0.0908320307833626
0,ETTh1,192,prollcorr,1501,BiTCN,mse,0.0908236056136414
0,ETTh1,192,ipentropy,1251,BiTCN,mse,0.0908211871982115
0,ETTh1,192,pfarm,751,BiTCN,mse,0.0908195780219542
0,ETTh1,192,iprollcov,751,BiTCN,mse,0.0908064176937332
4,ETTh1,336,prollcorr,751,MLP,smape,0.0908012501122375
0,ETTh1,192,pentropy,1251,BiTCN,mse,0.0907935947271335
4,ETTh1,336,prollcorr,1001,DeepNPTS,smape,0.0907820241708278
0,ETTh1,192,pfarm,1251,BiTCN,mse,0.0907763272181162
0,ETTh1,192,ipentropy,751,BiTCN,mse,0.090764121869573
0,ETTh1,192,prollcov,1251,BiTCN,mse,0.0907561609341904
0,ETTh1,192,ipentropy,1001,BiTCN,mse,0.0907519990559635
0,ETTh1,192,pfarm,501,BiTCN,mse,0.090720821756082
0,ETTh1,192,identity,N/A,BiTCN,mse,0.0907166189313852
0,ETTh1,192,pfarm,1001,BiTCN,mse,0.0907136736122971
4,ETTh1,336,pfarm,751,DeepNPTS,smape,0.0907125617973291
4,ETTh1,336,pentropy,1501,DeepNPTS,smape,0.0906864330498821
0,ETTh1,192,iprollcorr,1001,BiTCN,mse,0.0906842574071895
0,ETTh1,192,ipentropy,501,BiTCN,mse,0.0906800659218684
0,ETTh1,192,pfarm,1501,BiTCN,mse,0.0906744786537524
4,ETTh1,336,iprollcov,1001,DeepNPTS,smape,0.0906696141139798
4,ETTh1,192,prollcov,1251,NHITS,smape,0.0906673634000528
0,ETTh1,192,prollcov,1001,BiTCN,mse,0.0906471609050108
4,ETTh1,192,prollcov,751,NHITS,smape,0.0906456084249533
4,ETTh1,336,ipmutual_info,1251,DeepNPTS,smape,0.0906438515932792
4,ETTh1,192,ipentropy,1001,NHITS,smape,0.0906397238872993
0,ETTh1,192,pmutual_info,1001,MLP,mse,0.0906293354464395
4,ETTh1,336,prollcorr,751,DeepNPTS,smape,0.0906074376748174
4,ETTh1,720,pmutual_info,1001,TSMixerx,smape,0.0905966709458289
4,ETTh1,336,iprollcorr,751,DeepNPTS,smape,0.0905929228904191
0,ETTh1,192,prollcov,501,BiTCN,mse,0.0905607924580703
4,ETTh1,192,ipentropy,751,NHITS,smape,0.0905492616736423
0,ETTh1,192,prollcorr,1001,BiTCN,mse,0.090538039405453
0,ETTh1,192,prollcov,751,BiTCN,mse,0.0905361090245819
4,ETTh1,192,iprollcov,1251,LSTM,smape,0.090526996807026
4,ETTh1,336,pfarm,1251,DeepNPTS,smape,0.0905241587756677
4,ETTh1,192,ipmutual_info,1501,LSTM,smape,0.0905088314357921
4,ETTh1,720,iprollcorr,1501,TFT,smape,0.0905086790281883
4,ETTh1,336,iprollcov,501,DeepNPTS,smape,0.0905019280014821
0,ETTh1,192,iprollcorr,751,DeepNPTS,mse,0.090501024232453
0,ETTh1,192,prollcov,501,DeepNPTS,mse,0.0904941408050055
4,ETTh1,192,pmutual_info,1251,NHITS,smape,0.0904922613393303
0,ETTh1,192,prollcorr,751,BiTCN,mse,0.0904825937509708
0,ETTh1,192,pmutual_info,751,BiTCN,mse,0.090471233253886
0,ETTh1,192,ipmutual_info,751,DeepNPTS,mse,0.0904564336864414
0,ETTh1,192,prollcorr,751,DeepNPTS,mse,0.090447075155608
4,ETTh1,336,prollcorr,1001,GRU,smape,0.0904415297141926
4,ETTh1,336,ipentropy,751,DeepNPTS,smape,0.0903778920020833
4,ETTh1,720,prollcov,751,TFT,smape,0.0903672851005558
0,ETTh1,192,prollcorr,501,BiTCN,mse,0.0903576446712555
4,ETTh1,336,iprollcorr,1001,DeepNPTS,smape,0.0903524252618323
4,ETTh1,336,pentropy,501,DeepNPTS,smape,0.0903346777007083
0,ETTh1,192,pmutual_info,1251,BiTCN,mse,0.090306092631811
0,ETTh1,192,prollcorr,1501,DeepNPTS,mse,0.0902972011579806
0,ETTh1,192,pmutual_info,1001,BiTCN,mse,0.0902925648870308
4,ETTh1,192,iprollcov,1251,NHITS,smape,0.0902877500705371
4,ETTh1,336,prollcorr,501,DeepNPTS,smape,0.0902808738645437
0,ETTh1,192,ipentropy,1501,DeepNPTS,mse,0.0902741743813366
4,ETTh1,192,iprollcorr,1501,NHITS,smape,0.0902699495362874
4,ETTh1,336,pfarm,1251,GRU,smape,0.090268827270748
0,ETTh1,192,pmutual_info,1501,BiTCN,mse,0.0902596279496607
4,ETTh1,336,ipentropy,1001,GRU,smape,0.0902065070737339
4,ETTh1,336,pentropy,1001,LSTM,smape,0.0901990884461774
4,ETTh1,720,prollcov,1501,TFT,smape,0.0901890709798207
0,ETTh1,192,pentropy,1501,DeepNPTS,mse,0.0901885276397667
4,ETTh1,336,pmutual_info,501,LSTM,smape,0.0901668588381994
0,ETTh1,192,iprollcov,1251,TiDE,mse,0.0901198933743783
0,ETTh1,192,iprollcorr,751,TiDE,mse,0.0901198933743783
0,ETTh1,192,ipentropy,1251,TiDE,mse,0.0901198933743783
0,ETTh1,192,pmutual_info,1001,TiDE,mse,0.0901198933743783
0,ETTh1,192,pfarm,751,TiDE,mse,0.0901198933743783
0,ETTh1,192,iprollcov,1501,TiDE,mse,0.0901198933743783
0,ETTh1,192,iprollcorr,1501,TiDE,mse,0.0901198933743783
0,ETTh1,192,ipmutual_info,501,TiDE,mse,0.0901198933743783
0,ETTh1,192,ipentropy,751,TiDE,mse,0.0901198933743783
0,ETTh1,192,iprollcorr,1001,TiDE,mse,0.0901198933743783
0,ETTh1,192,iprollcorr,1251,TiDE,mse,0.0901198933743783
0,ETTh1,192,pmutual_info,501,TiDE,mse,0.0901198933743783
0,ETTh1,192,ipentropy,1001,TiDE,mse,0.0901198933743783
0,ETTh1,192,pmutual_info,751,TiDE,mse,0.0901198933743783
0,ETTh1,192,pentropy,751,TiDE,mse,0.0901198933743783
0,ETTh1,192,pentropy,501,TiDE,mse,0.0901198933743783
0,ETTh1,192,prollcov,1501,TiDE,mse,0.0901198933743783
0,ETTh1,192,ipmutual_info,751,TiDE,mse,0.0901198933743783
0,ETTh1,192,ipmutual_info,1001,TiDE,mse,0.0901198933743783
0,ETTh1,192,pentropy,1001,TiDE,mse,0.0901198933743783
0,ETTh1,192,pmutual_info,1501,TiDE,mse,0.0901198933743783
0,ETTh1,192,pmutual_info,1251,TiDE,mse,0.0901198933743783
0,ETTh1,192,ipentropy,501,TiDE,mse,0.0901198933743783
0,ETTh1,192,identity,N/A,TiDE,mse,0.0901198933743783
0,ETTh1,192,pfarm,1001,TiDE,mse,0.0901198933743783
0,ETTh1,192,pfarm,1251,TiDE,mse,0.0901198933743783
0,ETTh1,192,ipmutual_info,1251,TiDE,mse,0.0901198933743783
0,ETTh1,192,ipmutual_info,1501,TiDE,mse,0.0901198933743783
0,ETTh1,192,iprollcov,1001,TiDE,mse,0.0901198933743783
0,ETTh1,192,pfarm,1501,TiDE,mse,0.0901198933743783
0,ETTh1,192,pentropy,1251,TiDE,mse,0.0901198933743783
0,ETTh1,192,ipentropy,1501,TiDE,mse,0.0901198933743783
0,ETTh1,192,prollcov,751,TiDE,mse,0.0901198933743783
0,ETTh1,192,prollcorr,1001,TiDE,mse,0.0901198933743783
0,ETTh1,192,prollcorr,501,TiDE,mse,0.0901198933743783
0,ETTh1,192,prollcorr,751,TiDE,mse,0.0901198933743783
0,ETTh1,192,prollcov,501,TiDE,mse,0.0901198933743783
0,ETTh1,192,iprollcorr,501,TiDE,mse,0.0901198933743783
0,ETTh1,192,prollcov,1251,TiDE,mse,0.0901198933743783
0,ETTh1,192,pentropy,1501,TiDE,mse,0.0901198933743783
0,ETTh1,192,iprollcov,501,TiDE,mse,0.0901198933743783
0,ETTh1,192,iprollcov,751,TiDE,mse,0.0901198933743783
0,ETTh1,192,pfarm,501,TiDE,mse,0.0901198933743783
0,ETTh1,192,prollcov,1001,TiDE,mse,0.0901198933743783
0,ETTh1,192,prollcorr,1251,TiDE,mse,0.0901198933743783
0,ETTh1,192,prollcorr,1501,TiDE,mse,0.0901198933743783
0,ETTh1,192,pfarm,1251,DeepNPTS,mse,0.0900990889766203
0,ETTh1,192,pmutual_info,751,DeepNPTS,mse,0.0900901177685692
0,ETTh1,192,ipentropy,1001,DeepNPTS,mse,0.0900900725930208
4,ETTh1,336,identity,N/A,DeepNPTS,smape,0.0900833993833238
4,ETTh1,192,prollcorr,501,LSTM,smape,0.0900790616006319
4,ETTh1,192,ipentropy,1251,LSTM,smape,0.0900772162749151
4,ETTh1,336,pmutual_info,1251,DeepNPTS,smape,0.0900715795244491
4,ETTh1,336,prollcov,1001,LSTM,smape,0.0900669189494788
4,ETTh1,192,pfarm,501,NHITS,smape,0.090042412940017
4,ETTh1,336,ipentropy,1501,DeepNPTS,smape,0.0900315652417715
4,ETTh1,336,ipmutual_info,1001,GRU,smape,0.0900287554506678
4,ETTh1,336,prollcorr,1501,DeepNPTS,smape,0.0900097810281203
4,ETTh1,336,ipmutual_info,1251,GRU,smape,0.0900058178338821
4,ETTh1,336,pentropy,1001,DeepNPTS,smape,0.0900047906827286
4,ETTh1,192,pfarm,1501,TFT,smape,0.0900018367838193
0,ETTh1,192,identity,N/A,DeepNPTS,mse,0.0900013038641898
0,ETTh1,192,iprollcov,1001,DeepNPTS,mse,0.0899925350401025
4,ETTh1,336,iprollcorr,501,GRU,smape,0.0899902225936945
4,ETTh1,192,iprollcov,1501,NHITS,smape,0.0899882447325629
4,ETTh1,336,prollcov,751,DeepNPTS,smape,0.0899760293459457
4,ETTh1,336,prollcorr,1001,BiTCN,smape,0.0899672294989531
4,ETTh1,336,pfarm,1501,DeepNPTS,smape,0.0899662138666317
4,ETTh1,192,prollcorr,1001,TFT,smape,0.0899539103949571
4,ETTh1,336,pmutual_info,751,LSTM,smape,0.0899427316238227
4,ETTh1,192,prollcov,751,TFT,smape,0.0899232802133055
4,ETTh1,96,ipmutual_info,501,NHITS,smape,0.0899088494441209
4,ETTh1,192,pentropy,751,TFT,smape,0.0899079730311607
4,ETTh1,192,iprollcorr,1001,TFT,smape,0.0898879537553251
0,ETTh1,192,prollcorr,1251,DeepNPTS,mse,0.0898781090634524
4,ETTh1,336,iprollcov,1251,DeepNPTS,smape,0.0898652049768653
0,ETTh1,192,iprollcorr,1001,DeepNPTS,mse,0.0898546433578952
4,ETTh1,192,ipentropy,1501,TFT,smape,0.089851262705687
4,ETTh1,192,iprollcov,1001,NHITS,smape,0.0898403389507709
4,ETTh1,336,ipmutual_info,501,GRU,smape,0.0898384344765597
4,ETTh1,336,iprollcorr,1001,GRU,smape,0.0898244250374969
4,ETTh1,192,pentropy,501,LSTM,smape,0.0898134116740367
4,ETTh1,192,pfarm,1001,LSTM,smape,0.0897977883636941
4,ETTh1,336,prollcov,501,GRU,smape,0.0897923760056232
4,ETTh1,192,pentropy,1251,TFT,smape,0.0897733529489164
4,ETTh1,192,pfarm,1001,TFT,smape,0.0897129048870948
4,ETTh1,336,ipentropy,1501,TiDE,smape,0.0897117267770511
4,ETTh1,336,iprollcov,751,TiDE,smape,0.0897117267770511
4,ETTh1,336,iprollcov,1251,TiDE,smape,0.0897117267770511
4,ETTh1,336,ipmutual_info,1501,TiDE,smape,0.0897117267770511
4,ETTh1,336,iprollcov,1001,TiDE,smape,0.0897117267770511
4,ETTh1,336,prollcov,1501,TiDE,smape,0.0897117267770511
4,ETTh1,336,pentropy,501,TiDE,smape,0.0897117267770511
4,ETTh1,336,pentropy,751,TiDE,smape,0.0897117267770511
4,ETTh1,336,prollcorr,501,TiDE,smape,0.0897117267770511
4,ETTh1,336,prollcorr,751,TiDE,smape,0.0897117267770511
4,ETTh1,336,prollcorr,1001,TiDE,smape,0.0897117267770511
4,ETTh1,336,pfarm,751,TiDE,smape,0.0897117267770511
4,ETTh1,336,pfarm,1001,TiDE,smape,0.0897117267770511
4,ETTh1,336,iprollcov,1501,TiDE,smape,0.0897117267770511
4,ETTh1,336,pentropy,1001,TiDE,smape,0.0897117267770511
4,ETTh1,336,iprollcorr,1501,TiDE,smape,0.0897117267770511
4,ETTh1,336,iprollcorr,1251,TiDE,smape,0.0897117267770511
4,ETTh1,336,prollcorr,1251,TiDE,smape,0.0897117267770511
4,ETTh1,336,pfarm,501,TiDE,smape,0.0897117267770511
4,ETTh1,336,prollcorr,1501,TiDE,smape,0.0897117267770511
4,ETTh1,336,prollcov,501,TiDE,smape,0.0897117267770511
4,ETTh1,336,identity,N/A,TiDE,smape,0.0897117267770511
4,ETTh1,336,iprollcorr,751,TiDE,smape,0.0897117267770511
4,ETTh1,336,iprollcorr,1001,TiDE,smape,0.0897117267770511
4,ETTh1,336,pmutual_info,751,TiDE,smape,0.0897117267770511
4,ETTh1,336,ipentropy,501,TiDE,smape,0.0897117267770511
4,ETTh1,336,ipentropy,751,TiDE,smape,0.0897117267770511
4,ETTh1,336,pfarm,1251,TiDE,smape,0.0897117267770511
4,ETTh1,336,pfarm,1501,TiDE,smape,0.0897117267770511
4,ETTh1,336,iprollcorr,501,TiDE,smape,0.0897117267770511
4,ETTh1,336,prollcov,1251,TiDE,smape,0.0897117267770511
4,ETTh1,336,ipmutual_info,1251,TiDE,smape,0.0897117267770511
4,ETTh1,336,pmutual_info,1501,TiDE,smape,0.0897117267770511
4,ETTh1,336,ipentropy,1001,TiDE,smape,0.0897117267770511
4,ETTh1,336,ipmutual_info,1001,TiDE,smape,0.0897117267770511
4,ETTh1,336,ipentropy,1251,TiDE,smape,0.0897117267770511
4,ETTh1,336,ipmutual_info,501,TiDE,smape,0.0897117267770511
4,ETTh1,336,ipmutual_info,751,TiDE,smape,0.0897117267770511
4,ETTh1,336,pentropy,1501,TiDE,smape,0.0897117267770511
4,ETTh1,336,pentropy,1251,TiDE,smape,0.0897117267770511
4,ETTh1,336,iprollcov,501,TiDE,smape,0.0897117267770511
4,ETTh1,336,pmutual_info,501,TiDE,smape,0.0897117267770511
4,ETTh1,336,pmutual_info,1001,TiDE,smape,0.0897117267770511
4,ETTh1,336,pmutual_info,1251,TiDE,smape,0.0897117267770511
4,ETTh1,336,prollcov,751,TiDE,smape,0.0897117267770511
4,ETTh1,336,prollcov,1001,TiDE,smape,0.0897117267770511
0,ETTh1,192,iprollcov,1251,DeepNPTS,mse,0.0896925699174979
4,ETTh1,336,pmutual_info,501,GRU,smape,0.0896888071585945
4,ETTh1,336,pmutual_info,1501,GRU,smape,0.089687345267234
4,ETTh1,336,pfarm,751,LSTM,smape,0.0895978917741077
4,ETTh1,192,prollcorr,1251,NBEATSx,smape,0.0895690667049354
0,ETTh1,192,prollcov,1001,DeepNPTS,mse,0.0895422408771205
4,ETTh1,336,iprollcov,1001,GRU,smape,0.0895256525570512
0,ETTh1,192,ipmutual_info,501,DeepNPTS,mse,0.089513823085354
4,ETTh1,192,pmutual_info,1501,NHITS,smape,0.0895069466184244
4,ETTh1,192,pmutual_info,1251,LSTM,smape,0.0895020073889435
4,ETTh1,192,iprollcov,1001,LSTM,smape,0.0894986291784052
4,ETTh1,192,pfarm,501,TFT,smape,0.0894983426182793
4,ETTh1,336,prollcorr,501,LSTM,smape,0.0894946368676601
4,ETTh1,336,prollcorr,501,GRU,smape,0.0894932383350664
4,ETTh1,192,ipentropy,751,LSTM,smape,0.0894637357190946
0,ETTh1,192,pentropy,751,DeepNPTS,mse,0.0894285823210943
4,ETTh1,336,prollcov,1501,GRU,smape,0.0894003852505466
4,ETTh1,336,prollcov,751,GRU,smape,0.0893910626431091
4,ETTh1,336,ipmutual_info,1001,LSTM,smape,0.0893713563482892
4,ETTh1,192,iprollcorr,1501,LSTM,smape,0.0893657184484143
4,ETTh1,336,ipentropy,501,GRU,smape,0.0893598223226121
4,ETTh1,192,pentropy,1001,NHITS,smape,0.0893557012362473
4,ETTh1,192,pfarm,501,LSTM,smape,0.0893343486350992
4,ETTh1,336,identity,N/A,GRU,smape,0.0893338103964426
4,ETTh1,336,iprollcorr,1501,DeepNPTS,smape,0.0893280747396555
4,ETTh1,336,prollcorr,1251,GRU,smape,0.0892648794348534
4,ETTh1,336,pentropy,1001,GRU,smape,0.0892508188966702
0,ETTh1,192,pmutual_info,1251,DeepNPTS,mse,0.0892471881399229
0,ETTh1,96,prollcorr,1251,NBEATSx,mse,0.0892174612743684
4,ETTh1,336,pmutual_info,751,GRU,smape,0.0892165311307424
0,ETTh1,192,ipentropy,501,DeepNPTS,mse,0.0892037323048216
0,ETTh1,96,pentropy,501,NBEATSx,mse,0.0891989088925117
4,ETTh1,192,prollcorr,501,NHITS,smape,0.0891896907053377
4,ETTh1,336,ipentropy,1501,GRU,smape,0.0891762609116596
0,ETTh1,192,pmutual_info,1501,DeepNPTS,mse,0.0891703948382658
4,ETTh1,192,prollcov,1001,TFT,smape,0.0891680779987679
4,ETTh1,336,pentropy,501,LSTM,smape,0.0891555993992764
4,ETTh1,192,prollcov,501,NHITS,smape,0.0891249987018514
4,ETTh1,336,prollcorr,751,GRU,smape,0.0891242483203377
4,ETTh1,336,pfarm,1501,GRU,smape,0.0891216187936345
4,ETTh1,192,pentropy,751,LSTM,smape,0.0891102592751758
4,ETTh1,336,iprollcorr,1501,LSTM,smape,0.0891026480574555
4,ETTh1,336,ipmutual_info,1501,GRU,smape,0.0890968298177832
0,ETTh1,96,prollcov,751,NBEATSx,mse,0.0890700113213589
4,ETTh1,336,pmutual_info,1001,GRU,smape,0.0890607991936454
4,ETTh1,336,ipmutual_info,751,GRU,smape,0.0890368891207942
4,ETTh1,192,prollcorr,751,LSTM,smape,0.0890192796175828
4,ETTh1,336,pfarm,1001,LSTM,smape,0.0890174979217935
4,ETTh1,336,pfarm,501,BiTCN,smape,0.0889823594571049
4,ETTh1,336,pentropy,1501,GRU,smape,0.0889637707464013
4,ETTh1,336,pentropy,1251,LSTM,smape,0.0889596755467022
4,ETTh1,336,ipentropy,1251,GRU,smape,0.0889088589776131
4,ETTh1,336,iprollcorr,1501,GRU,smape,0.0889016370817268
4,ETTh1,192,pmutual_info,501,LSTM,smape,0.0888970846837471
4,ETTh1,336,iprollcorr,1251,LSTM,smape,0.0888912940471761
4,ETTh1,336,iprollcov,501,LSTM,smape,0.0888809128581198
4,ETTh1,336,ipmutual_info,501,LSTM,smape,0.0888707183286916
4,ETTh1,336,iprollcorr,751,GRU,smape,0.0888430459423281
4,ETTh1,192,prollcov,1251,LSTM,smape,0.0888187478176146
0,ETTh1,192,ipmutual_info,1501,DeepNPTS,mse,0.0887778715448757
4,ETTh1,336,pmutual_info,501,BiTCN,smape,0.0886949833199553
4,ETTh1,336,prollcov,1001,GRU,smape,0.088677029346377
0,ETTh1,192,pfarm,501,DeepNPTS,mse,0.088676387450794
4,ETTh1,192,pmutual_info,1001,NHITS,smape,0.08862433671853
0,ETTh1,192,iprollcov,501,DeepNPTS,mse,0.0886130121900523
4,ETTh1,192,prollcorr,1251,TCN,smape,0.0885750894415975
4,ETTh1,192,ipmutual_info,751,TCN,smape,0.0885740003205922
4,ETTh1,192,prollcov,1001,TCN,smape,0.088571208325315
4,ETTh1,192,ipmutual_info,1001,TCN,smape,0.0885703597075187
4,ETTh1,192,pmutual_info,1251,TCN,smape,0.0885703583220858
4,ETTh1,192,pfarm,501,TCN,smape,0.0885679115996656
4,ETTh1,192,ipmutual_info,1251,TCN,smape,0.0885654567729884
4,ETTh1,192,ipmutual_info,501,TCN,smape,0.0885590659107772
4,ETTh1,192,iprollcorr,751,TCN,smape,0.0885487838521616
4,ETTh1,192,prollcorr,501,TCN,smape,0.0885487531377316
4,ETTh1,192,pfarm,751,TCN,smape,0.0885383399258355
4,ETTh1,192,prollcorr,1501,TCN,smape,0.0885377639602484
4,ETTh1,192,prollcorr,751,TCN,smape,0.0885357420779734
4,ETTh1,192,prollcov,1501,TCN,smape,0.0885353325439327
4,ETTh1,192,iprollcov,1501,TCN,smape,0.0885351531416289
4,ETTh1,192,iprollcov,751,TCN,smape,0.0885304344020047
4,ETTh1,192,pentropy,1501,TCN,smape,0.0885300215570339
4,ETTh1,192,iprollcorr,501,TCN,smape,0.0885298577086543
4,ETTh1,192,pfarm,1501,TCN,smape,0.0885249075656351
4,ETTh1,336,pfarm,501,GRU,smape,0.0885237156891851
4,ETTh1,192,iprollcov,501,TCN,smape,0.0885230656071941
4,ETTh1,192,ipentropy,1251,TCN,smape,0.0885230346748745
4,ETTh1,192,pentropy,751,TCN,smape,0.0885221277604712
4,ETTh1,192,ipmutual_info,1501,TCN,smape,0.0885183703081584
4,ETTh1,192,prollcorr,1001,TCN,smape,0.08851587298196
4,ETTh1,192,pmutual_info,1001,TCN,smape,0.0885139324403506
4,ETTh1,336,pfarm,1501,LSTM,smape,0.0885121659370219
4,ETTh1,192,iprollcorr,1001,TCN,smape,0.0885117574056558
4,ETTh1,192,iprollcorr,1001,LSTM,smape,0.0885099136794005
4,ETTh1,192,pmutual_info,751,TCN,smape,0.0885089550625293
4,ETTh1,192,pmutual_info,1501,TCN,smape,0.088501057192936
4,ETTh1,192,iprollcov,1001,TCN,smape,0.088496692009252
4,ETTh1,192,ipentropy,751,TCN,smape,0.0884905531479791
4,ETTh1,192,ipentropy,1001,TCN,smape,0.0884864093389494
4,ETTh1,192,ipentropy,1501,TCN,smape,0.0884839970187968
4,ETTh1,192,identity,N/A,TCN,smape,0.0884831769788654
4,ETTh1,192,ipmutual_info,751,LSTM,smape,0.0884800239453305
4,ETTh1,192,prollcov,501,TCN,smape,0.0884784210828405
4,ETTh1,192,prollcov,1251,TCN,smape,0.0884768525754963
4,ETTh1,192,pmutual_info,501,TCN,smape,0.0884766867424504
0,ETTh1,96,iprollcov,501,NBEATSx,mse,0.0884762823687903
4,ETTh1,192,iprollcov,1251,TCN,smape,0.0884762058572446
4,ETTh1,192,pentropy,501,TCN,smape,0.0884601622388345
4,ETTh1,192,prollcov,751,TCN,smape,0.0884566055863329
4,ETTh1,336,iprollcorr,1251,TFT,smape,0.0884542855851948
4,ETTh1,192,pentropy,1001,TFT,smape,0.0884498358868448
4,ETTh1,192,iprollcorr,1501,TCN,smape,0.0884486863285286
4,ETTh1,192,pentropy,1001,TCN,smape,0.088448082759963
4,ETTh1,192,pfarm,1251,TCN,smape,0.0884441423180779
4,ETTh1,192,pentropy,1251,TCN,smape,0.0884431834028707
4,ETTh1,192,iprollcorr,1251,TCN,smape,0.0884419774105504
4,ETTh1,192,ipentropy,501,TCN,smape,0.0884412228643162
4,ETTh1,192,pfarm,1001,TCN,smape,0.0884342264159366
4,ETTh1,96,prollcov,751,NBEATSx,smape,0.0884302973828351
4,ETTh1,336,iprollcov,1251,GRU,smape,0.0884291340026938
4,ETTh1,336,pentropy,501,GRU,smape,0.088418257559153
4,ETTh1,192,ipmutual_info,751,NBEATSx,smape,0.0884114491444829
4,ETTh1,336,pmutual_info,1501,LSTM,smape,0.0883684067192617
0,ETTh1,192,ipentropy,751,DeepNPTS,mse,0.0883581583120348
4,ETTh1,192,pmutual_info,1501,LSTM,smape,0.0883343297275031
4,ETTh1,192,prollcov,501,LSTM,smape,0.0883262189410682
4,ETTh1,192,pfarm,1501,LSTM,smape,0.0882512669807004
4,ETTh1,192,ipmutual_info,501,NBEATSx,smape,0.0881365788986379
4,ETTh1,192,ipentropy,501,LSTM,smape,0.0881156058573012
4,ETTh1,192,ipmutual_info,1001,NBEATSx,smape,0.0881151589694752
4,ETTh1,192,ipmutual_info,1251,NBEATSx,smape,0.0880791854875556
0,ETTh1,96,prollcov,1501,NHITS,mse,0.0880408375580937
4,ETTh1,192,iprollcorr,1251,LSTM,smape,0.0880361280407602
4,ETTh1,192,pmutual_info,751,GRU,smape,0.0880027419502034
4,ETTh1,192,pentropy,751,NBEATSx,smape,0.0879469615278121
4,ETTh1,192,pentropy,1251,NHITS,smape,0.0879009283984287
4,ETTh1,192,pfarm,1251,NHITS,smape,0.0878876310808116
4,ETTh1,192,pfarm,501,GRU,smape,0.0878851311229694
4,ETTh1,192,prollcov,1501,NBEATSx,smape,0.0878522259944343
4,ETTh1,192,pentropy,1501,GRU,smape,0.0878448106711027
4,ETTh1,192,pmutual_info,1501,GRU,smape,0.0878394397762614
4,ETTh1,192,prollcov,1251,NBEATSx,smape,0.0878021097491761
4,ETTh1,192,ipentropy,1251,GRU,smape,0.0877905591531519
4,ETTh1,192,prollcorr,1001,GRU,smape,0.0877720213247444
4,ETTh1,96,pfarm,501,NBEATSx,smape,0.0877567349555499
4,ETTh1,192,ipmutual_info,1501,GRU,smape,0.0877538757376508
4,ETTh1,192,prollcov,1001,GRU,smape,0.0877496118350111
4,ETTh1,192,iprollcov,1251,GRU,smape,0.0877290530563155
4,ETTh1,192,iprollcov,1501,GRU,smape,0.0877194741813633
4,ETTh1,192,prollcorr,501,GRU,smape,0.0877132488724093
4,ETTh1,192,pentropy,501,GRU,smape,0.0877000817474462
4,ETTh1,192,pfarm,1251,GRU,smape,0.0876987070302775
4,ETTh1,192,iprollcorr,1501,GRU,smape,0.087688294627087
4,ETTh1,192,pmutual_info,501,GRU,smape,0.087685532765077
4,ETTh1,192,ipmutual_info,1001,GRU,smape,0.087684992580973
4,ETTh1,192,prollcov,501,GRU,smape,0.0876829362374502
4,ETTh1,192,iprollcov,751,GRU,smape,0.0876799267887974
4,ETTh1,192,iprollcorr,1251,GRU,smape,0.0876770551565963
4,ETTh1,192,pentropy,1001,GRU,smape,0.0876745139437508
4,ETTh1,192,ipmutual_info,501,GRU,smape,0.0876629200094287
4,ETTh1,192,pentropy,751,GRU,smape,0.0876619650599676
4,ETTh1,192,ipmutual_info,1251,GRU,smape,0.087652968891996
4,ETTh1,192,ipmutual_info,751,GRU,smape,0.0876500351874873
4,ETTh1,192,identity,N/A,GRU,smape,0.0876466576526354
4,ETTh1,192,pfarm,1001,GRU,smape,0.0876347728439438
4,ETTh1,192,pfarm,751,LSTM,smape,0.0876291940246364
4,ETTh1,192,prollcorr,751,GRU,smape,0.0876287079805943
4,ETTh1,192,iprollcorr,751,GRU,smape,0.0876270067401086
4,ETTh1,192,pentropy,1251,GRU,smape,0.0876255068163198
4,ETTh1,192,prollcorr,1251,GRU,smape,0.0876010710816051
4,ETTh1,192,prollcorr,1501,GRU,smape,0.087579472504517
4,ETTh1,192,prollcorr,1501,NBEATSx,smape,0.0875714314558066
4,ETTh1,192,iprollcorr,501,GRU,smape,0.0875713735572161
4,ETTh1,192,pfarm,1501,GRU,smape,0.0875676250085932
4,ETTh1,192,ipentropy,751,GRU,smape,0.0875587032617295
4,ETTh1,192,ipentropy,501,GRU,smape,0.0875438695610768
4,ETTh1,192,pfarm,1251,NBEATSx,smape,0.0875434414009737
4,ETTh1,192,ipentropy,1251,NBEATSx,smape,0.0875202193178353
4,ETTh1,192,ipentropy,1501,GRU,smape,0.0874893944692144
4,ETTh1,192,pfarm,1001,NBEATSx,smape,0.0874790441433499
4,ETTh1,192,prollcov,1501,GRU,smape,0.087477439206512
4,ETTh1,192,prollcov,751,GRU,smape,0.0874742216998623
4,ETTh1,192,iprollcov,501,TFT,smape,0.087465793342906
4,ETTh1,192,prollcov,1501,LSTM,smape,0.0874639285886662
4,ETTh1,192,ipentropy,1001,GRU,smape,0.0874529703308607
4,ETTh1,96,pentropy,751,NHITS,smape,0.0874274107861393
0,ETTh1,96,pentropy,1501,NHITS,mse,0.0874259705466875
4,ETTh1,192,identity,N/A,NBEATSx,smape,0.0874072007141161
4,ETTh1,192,iprollcorr,1251,NBEATSx,smape,0.0873898160343427
4,ETTh1,192,prollcov,1251,GRU,smape,0.0873895385532822
4,ETTh1,192,iprollcorr,1001,GRU,smape,0.0873761873460053
4,ETTh1,192,prollcorr,751,NBEATSx,smape,0.0873750817531602
4,ETTh1,192,iprollcorr,1501,NBEATSx,smape,0.0873699864944499
4,ETTh1,192,prollcorr,1001,NBEATSx,smape,0.0873506954113904
4,ETTh1,192,iprollcov,1001,GRU,smape,0.0873425297913254
4,ETTh1,192,pmutual_info,1001,GRU,smape,0.0873376845203877
4,ETTh1,192,pfarm,1501,NBEATSx,smape,0.0873259409853101
4,ETTh1,192,pfarm,751,GRU,smape,0.0873231690459177
4,ETTh1,192,pfarm,501,NBEATSx,smape,0.0873009068861605
4,ETTh1,192,iprollcorr,501,NBEATSx,smape,0.0872982864392368
4,ETTh1,192,iprollcov,501,GRU,smape,0.087286838619749
4,ETTh1,192,pentropy,1501,NBEATSx,smape,0.0872576159977066
4,ETTh1,192,ipmutual_info,1251,LSTM,smape,0.0872520788831614
4,ETTh1,192,prollcorr,501,NBEATSx,smape,0.0872308227450628
4,ETTh1,192,ipentropy,1501,NBEATSx,smape,0.087230534001668
4,ETTh1,192,ipmutual_info,501,MLP,smape,0.0871925392267796
4,ETTh1,192,iprollcorr,751,NBEATSx,smape,0.0871900851783015
4,ETTh1,192,pmutual_info,1251,GRU,smape,0.087187355541435
4,ETTh1,192,prollcov,1001,NBEATSx,smape,0.0871574768329177
4,ETTh1,192,iprollcov,501,NBEATSx,smape,0.0871349079049289
0,ETTh1,96,pfarm,751,LSTM,mse,0.087131743901884
4,ETTh1,192,prollcov,751,NBEATSx,smape,0.0871108858743391
4,ETTh1,192,ipmutual_info,1501,NBEATSx,smape,0.0870943645666817
4,ETTh1,192,iprollcorr,1001,NBEATSx,smape,0.087092670742309
4,ETTh1,192,iprollcov,1001,NBEATSx,smape,0.0870905740185787
4,ETTh1,192,prollcov,501,NBEATSx,smape,0.0870859186480329
4,ETTh1,192,pentropy,501,NBEATSx,smape,0.0870836395170264
4,ETTh1,192,pentropy,1001,NBEATSx,smape,0.0870350482015644
4,ETTh1,192,identity,N/A,LSTM,smape,0.0870315463895871
4,ETTh1,192,pfarm,751,NBEATSx,smape,0.0870226414517603
4,ETTh1,192,prollcov,751,MLP,smape,0.0870160112106563
4,ETTh1,192,iprollcov,1251,NBEATSx,smape,0.0870057415394803
4,ETTh1,192,iprollcorr,501,TFT,smape,0.0870001492727893
4,ETTh1,192,ipentropy,1001,NBEATSx,smape,0.0869855199013547
4,ETTh1,192,iprollcov,751,NBEATSx,smape,0.0869746645893158
4,ETTh1,192,iprollcov,751,LSTM,smape,0.08694140686227
4,ETTh1,192,pmutual_info,501,NBEATSx,smape,0.0869244409105622
4,ETTh1,192,pmutual_info,1501,MLP,smape,0.0869083919661461
4,ETTh1,192,ipentropy,501,MLP,smape,0.086871472638431
4,ETTh1,192,pentropy,1251,NBEATSx,smape,0.0868702310425333
4,ETTh1,192,ipentropy,751,NBEATSx,smape,0.0868538771372886
4,ETTh1,192,prollcorr,1001,LSTM,smape,0.0868024020953353
0,ETTh1,96,pfarm,501,NBEATSx,mse,0.0867629339738239
4,ETTh1,192,iprollcov,1251,TFT,smape,0.0867608372328909
4,ETTh1,192,pentropy,501,NHITS,smape,0.0867244979484876
4,ETTh1,192,pfarm,1001,MLP,smape,0.0867181259755534
4,ETTh1,192,pmutual_info,501,TSMixerx,smape,0.0867069652033181
4,ETTh1,192,iprollcov,1501,LSTM,smape,0.086703819903552
0,ETTh1,96,pfarm,751,NBEATSx,mse,0.0866843870301919
4,ETTh1,192,pentropy,501,MLP,smape,0.086680101174977
4,ETTh1,192,prollcorr,1251,LSTM,smape,0.0866612020464573
4,ETTh1,192,pmutual_info,751,LSTM,smape,0.0866552429183822
4,ETTh1,192,pmutual_info,1501,NBEATSx,smape,0.0866490932027362
4,ETTh1,192,iprollcov,1501,NBEATSx,smape,0.0866252205578858
4,ETTh1,192,ipentropy,501,NBEATSx,smape,0.0866234387627761
4,ETTh1,192,ipmutual_info,1001,LSTM,smape,0.0865726518218642
4,ETTh1,192,pmutual_info,1251,MLP,smape,0.0865562609241305
4,ETTh1,192,ipentropy,501,TFT,smape,0.0865547387606847
4,ETTh1,192,pentropy,1251,MLP,smape,0.0865543919812588
4,ETTh1,192,ipentropy,1501,LSTM,smape,0.0865254600031417
4,ETTh1,96,pfarm,751,LSTM,smape,0.0863806467787837
4,ETTh1,192,pmutual_info,1501,TFT,smape,0.0863678346078736
4,ETTh1,192,pmutual_info,751,MLP,smape,0.0863675862598648
4,ETTh1,192,ipmutual_info,751,MLP,smape,0.0863439534476566
4,ETTh1,192,iprollcorr,501,LSTM,smape,0.0863298859773872
0,ETTh1,96,prollcorr,1501,NHITS,mse,0.0863233586690385
4,ETTh1,192,pmutual_info,1251,NBEATSx,smape,0.0862885639089216
4,ETTh1,192,pmutual_info,501,NHITS,smape,0.0862697571613111
4,ETTh1,192,ipmutual_info,501,LSTM,smape,0.086245010887804
4,ETTh1,192,prollcov,751,LSTM,smape,0.0862293049135986
4,ETTh1,192,pfarm,751,TFT,smape,0.0861627161764058
4,ETTh1,192,iprollcov,501,LSTM,smape,0.0861426533074957
4,ETTh1,96,prollcorr,751,NBEATSx,smape,0.0861157967895773
4,ETTh1,192,prollcorr,751,TFT,smape,0.0861112388360042
4,ETTh1,192,iprollcorr,751,TFT,smape,0.0860892133962663
4,ETTh1,192,pmutual_info,1001,NBEATSx,smape,0.0860811464453121
4,ETTh1,192,pmutual_info,751,NBEATSx,smape,0.0860791910213101
4,ETTh1,192,pentropy,1001,MLP,smape,0.0860741816357125
4,ETTh1,96,iprollcov,501,NBEATSx,smape,0.0860588178464056
4,ETTh1,192,iprollcov,501,MLP,smape,0.086037195061188
4,ETTh1,192,pentropy,751,NHITS,smape,0.0860211296250422
4,ETTh1,192,prollcov,1501,MLP,smape,0.0860016330314433
4,ETTh1,192,iprollcov,1251,MLP,smape,0.0859591412233034
4,ETTh1,192,iprollcorr,1501,TFT,smape,0.0859267097331548
4,ETTh1,192,ipentropy,1251,TFT,smape,0.0859248039001427
4,ETTh1,192,iprollcorr,1251,MLP,smape,0.0859151890039628
4,ETTh1,192,pfarm,501,MLP,smape,0.0858932004089786
4,ETTh1,192,pmutual_info,751,TFT,smape,0.0858927435069747
4,ETTh1,192,iprollcorr,751,LSTM,smape,0.0858844077757922
4,ETTh1,192,pmutual_info,1001,TFT,smape,0.0858525381142732
4,ETTh1,192,prollcorr,501,MLP,smape,0.0858433217255167
4,ETTh1,96,ipmutual_info,751,NHITS,smape,0.085841575867661
4,ETTh1,192,pentropy,1001,LSTM,smape,0.0858375794068294
4,ETTh1,192,prollcorr,1501,TFT,smape,0.0858365529204232
4,ETTh1,192,pentropy,751,MLP,smape,0.0858185224814299
4,ETTh1,192,ipmutual_info,751,TFT,smape,0.0858142686741881
4,ETTh1,192,identity,N/A,MLP,smape,0.0858054000285117
4,ETTh1,192,ipentropy,1001,LSTM,smape,0.0857849393658976
4,ETTh1,192,iprollcorr,501,MLP,smape,0.0857767901884688
4,ETTh1,192,ipmutual_info,501,TFT,smape,0.0857413828786854
4,ETTh1,192,pfarm,1251,MLP,smape,0.0857275874668019
4,ETTh1,192,iprollcorr,1251,TFT,smape,0.0857051740172363
4,ETTh1,192,iprollcorr,1501,MLP,smape,0.0856958308835732
4,ETTh1,192,pfarm,1251,LSTM,smape,0.0856911383786509
4,ETTh1,192,iprollcov,1001,TFT,smape,0.0856294979715288
4,ETTh1,192,pfarm,1501,MLP,smape,0.0856188826859387
0,ETTh1,96,pfarm,501,NHITS,mse,0.0856017429221615
4,ETTh1,192,pmutual_info,501,MLP,smape,0.0855972310739757
4,ETTh1,96,pentropy,501,NBEATSx,smape,0.0855696797681652
4,ETTh1,192,ipmutual_info,1251,TFT,smape,0.085563738114267
4,ETTh1,192,ipentropy,1001,TFT,smape,0.0855597617850518
4,ETTh1,192,iprollcorr,751,MLP,smape,0.0855116494136827
4,ETTh1,192,pmutual_info,751,NHITS,smape,0.0854940719519251
4,ETTh1,192,iprollcov,1501,DeepNPTS,smape,0.085478709632688
4,ETTh1,192,prollcov,1251,TFT,smape,0.0854674743294222
4,ETTh1,192,iprollcov,751,TFT,smape,0.0854654503274252
4,ETTh1,192,prollcorr,501,TFT,smape,0.0854596244896206
4,ETTh1,192,pmutual_info,501,TFT,smape,0.0854105429631748
4,ETTh1,192,ipentropy,1501,MLP,smape,0.0854087768407252
4,ETTh1,192,prollcov,1001,LSTM,smape,0.0854022392582989
4,ETTh1,192,ipentropy,1251,MLP,smape,0.0853994614653796
4,ETTh1,192,iprollcov,1501,TFT,smape,0.0853973386149159
4,ETTh1,192,pentropy,1501,TFT,smape,0.0853882360780657
4,ETTh1,192,ipmutual_info,1251,MLP,smape,0.0853834379876277
4,ETTh1,192,prollcorr,1251,TFT,smape,0.085370281429246
4,ETTh1,192,iprollcov,1501,MLP,smape,0.0853678437426022
4,ETTh1,192,ipentropy,1001,MLP,smape,0.0853486899734769
4,ETTh1,192,prollcorr,1501,MLP,smape,0.0853414915550494
4,ETTh1,192,ipentropy,751,MLP,smape,0.0853396739219658
4,ETTh1,192,pmutual_info,1001,TSMixerx,smape,0.0853184274792354
4,ETTh1,192,ipmutual_info,1501,TFT,smape,0.0852678953020155
4,ETTh1,192,prollcov,501,TFT,smape,0.0852027064572565
4,ETTh1,192,pentropy,501,TFT,smape,0.0851805040733676
4,ETTh1,192,prollcov,1501,TFT,smape,0.0851553787520622
0,ETTh1,96,ipmutual_info,751,NHITS,mse,0.0851297711743616
4,ETTh1,192,pfarm,1251,TFT,smape,0.0851219891732761
4,ETTh1,192,pmutual_info,1001,LSTM,smape,0.0850834816488048
4,ETTh1,96,ipmutual_info,1501,NBEATSx,smape,0.0850657682374502
4,ETTh1,192,ipmutual_info,1501,MLP,smape,0.0850571724094021
4,ETTh1,192,identity,N/A,TFT,smape,0.0850294064830048
4,ETTh1,192,prollcorr,1251,MLP,smape,0.0849998504777485
0,ETTh1,96,iprollcorr,501,NBEATSx,mse,0.0849939343854975
4,ETTh1,192,ipentropy,751,TFT,smape,0.0849690126929836
4,ETTh1,96,prollcorr,1251,NBEATSx,smape,0.0849509490801082
4,ETTh1,192,pmutual_info,501,DeepNPTS,smape,0.0849085229459622
4,ETTh1,192,ipmutual_info,1001,MLP,smape,0.0848989891831767
4,ETTh1,96,pfarm,501,NHITS,smape,0.0848916143327339
4,ETTh1,192,iprollcov,1001,MLP,smape,0.0848474265089323
4,ETTh1,192,pmutual_info,1251,TFT,smape,0.0848466114767441
4,ETTh1,192,prollcorr,1001,MLP,smape,0.0848415555315388
4,ETTh1,96,prollcov,1501,NBEATSx,smape,0.0847693250189677
4,ETTh1,192,prollcov,1251,MLP,smape,0.0847308245991691
4,ETTh1,192,prollcorr,751,MLP,smape,0.0846860836141601
4,ETTh1,192,pfarm,1501,DeepNPTS,smape,0.0846712695494409
4,ETTh1,192,prollcov,501,MLP,smape,0.0846182194250546
4,ETTh1,192,prollcorr,1001,DeepNPTS,smape,0.0846119853371273
4,ETTh1,192,pentropy,1501,MLP,smape,0.0845924901536897
4,ETTh1,192,iprollcorr,1001,MLP,smape,0.0845844951313433
4,ETTh1,192,pfarm,1001,DeepNPTS,smape,0.0845745974525237
0,ETTh1,96,ipmutual_info,1501,NBEATSx,mse,0.0845692184227795
4,ETTh1,192,prollcorr,751,TSMixerx,smape,0.0845685444257078
4,ETTh1,192,prollcorr,501,DeepNPTS,smape,0.084555513959878
4,ETTh1,192,prollcorr,1251,TSMixerx,smape,0.0845188148058075
4,ETTh1,192,prollcov,1251,TSMixerx,smape,0.0845047006589236
4,ETTh1,192,pentropy,501,TSMixerx,smape,0.0844624399823404
0,ETTh1,96,prollcov,1001,NHITS,mse,0.0844599159376349
4,ETTh1,192,iprollcorr,1251,DeepNPTS,smape,0.0844155133459161
4,ETTh1,192,iprollcorr,1501,DeepNPTS,smape,0.0844139066125388
4,ETTh1,192,prollcov,1001,MLP,smape,0.084384041574314
4,ETTh1,192,prollcov,751,TSMixerx,smape,0.084376623281441
4,ETTh1,96,pfarm,751,NBEATSx,smape,0.0843380459835066
4,ETTh1,192,iprollcov,751,MLP,smape,0.0843272670209641
4,ETTh1,192,pmutual_info,1001,DeepNPTS,smape,0.084309356395235
0,ETTh1,96,prollcov,1501,NBEATSx,mse,0.0842845270408741
4,ETTh1,96,prollcorr,1501,NHITS,smape,0.0842473246631103
4,ETTh1,192,iprollcorr,501,DeepNPTS,smape,0.0842348251469784
4,ETTh1,192,iprollcov,1001,TSMixerx,smape,0.0842271979793383
0,ETTh1,96,pfarm,1501,NHITS,mse,0.0842268534388313
4,ETTh1,192,ipmutual_info,751,TSMixerx,smape,0.0841937615014311
4,ETTh1,192,iprollcorr,501,TSMixerx,smape,0.0841788361877572
4,ETTh1,192,ipmutual_info,501,TSMixerx,smape,0.0841687431822577
4,ETTh1,192,ipmutual_info,1001,DeepNPTS,smape,0.0841507352850601
4,ETTh1,192,pmutual_info,1001,MLP,smape,0.0841496389090848
4,ETTh1,192,ipentropy,1501,TSMixerx,smape,0.0841343376397975
4,ETTh1,192,pentropy,751,TSMixerx,smape,0.0841316869057158
4,ETTh1,192,iprollcorr,1001,TSMixerx,smape,0.0841210412580879
4,ETTh1,192,pentropy,1251,DeepNPTS,smape,0.0841205321757562
4,ETTh1,192,prollcov,751,DeepNPTS,smape,0.0841130340156066
4,ETTh1,192,iprollcov,501,TSMixerx,smape,0.0840908131765898
4,ETTh1,192,iprollcov,751,TSMixerx,smape,0.0840754171527409
4,ETTh1,192,prollcorr,1001,TSMixerx,smape,0.0840741099194288
0,ETTh1,96,prollcorr,751,NBEATSx,mse,0.0840725022604804
4,ETTh1,192,pentropy,1251,TSMixerx,smape,0.0840601115060256
4,ETTh1,192,ipmutual_info,1251,DeepNPTS,smape,0.0840514333805028
4,ETTh1,192,pentropy,1001,DeepNPTS,smape,0.084044047122331
4,ETTh1,192,ipentropy,1251,DeepNPTS,smape,0.0840366697189302
4,ETTh1,192,iprollcorr,1501,TSMixerx,smape,0.0840283166021951
4,ETTh1,96,ipmutual_info,751,LSTM,smape,0.0840263073745081
4,ETTh1,192,prollcorr,501,TSMixerx,smape,0.0840244421496736
4,ETTh1,192,ipentropy,1001,TSMixerx,smape,0.0840155185948923
4,ETTh1,192,ipentropy,501,TSMixerx,smape,0.0840119490102523
0,ETTh1,96,prollcorr,501,NBEATSx,mse,0.0839998052190306
4,ETTh1,192,ipentropy,1251,TSMixerx,smape,0.0839966029596924
4,ETTh1,192,pfarm,751,MLP,smape,0.0839904452704145
4,ETTh1,192,ipmutual_info,1501,TSMixerx,smape,0.0839561337994716
4,ETTh1,192,iprollcorr,751,TSMixerx,smape,0.0839428703629617
4,ETTh1,192,prollcov,1501,TSMixerx,smape,0.0839364040131911
4,ETTh1,192,pentropy,501,DeepNPTS,smape,0.0839320435003988
4,ETTh1,192,iprollcov,1501,TSMixerx,smape,0.0839065884030863
4,ETTh1,192,pfarm,1251,TSMixerx,smape,0.0839060353983657
4,ETTh1,192,pentropy,1001,TSMixerx,smape,0.0838883965925796
4,ETTh1,192,prollcov,1001,TSMixerx,smape,0.0838817055279381
4,ETTh1,192,iprollcov,1251,TSMixerx,smape,0.083869923881646
0,ETTh1,96,ipmutual_info,751,LSTM,mse,0.0838686129255299
4,ETTh1,192,prollcorr,1501,TSMixerx,smape,0.0838440864250369
4,ETTh1,192,iprollcorr,1251,TSMixerx,smape,0.083829933556519
0,ETTh1,96,prollcov,751,NHITS,mse,0.0838260379123477
4,ETTh1,192,ipmutual_info,1001,TSMixerx,smape,0.0838179537274819
4,ETTh1,192,ipmutual_info,1251,TSMixerx,smape,0.0838072425270801
4,ETTh1,192,ipentropy,751,TSMixerx,smape,0.0837905448325609
4,ETTh1,192,identity,N/A,TSMixerx,smape,0.083762292044948
4,ETTh1,192,prollcov,1251,DeepNPTS,smape,0.0837618183474682
4,ETTh1,192,pfarm,1501,TSMixerx,smape,0.0837334868812998
4,ETTh1,96,prollcov,1501,NHITS,smape,0.0837285349712274
4,ETTh1,192,pentropy,1501,TSMixerx,smape,0.0837136161188933
4,ETTh1,192,pfarm,501,TSMixerx,smape,0.0837094758694334
4,ETTh1,192,pfarm,1001,TSMixerx,smape,0.0836959434660659
4,ETTh1,192,pentropy,751,BiTCN,smape,0.0836911901089617
4,ETTh1,192,pfarm,751,TSMixerx,smape,0.0836877254761185
4,ETTh1,192,prollcov,1501,DeepNPTS,smape,0.0836779803465304
4,ETTh1,192,iprollcorr,1501,BiTCN,smape,0.0835908469601073
4,ETTh1,192,pentropy,1501,DeepNPTS,smape,0.0835759380020955
4,ETTh1,192,ipentropy,1501,DeepNPTS,smape,0.0835621825680783
4,ETTh1,192,iprollcorr,751,DeepNPTS,smape,0.0835343445063803
4,ETTh1,192,pfarm,751,DeepNPTS,smape,0.0835343071598828
4,ETTh1,192,iprollcov,751,DeepNPTS,smape,0.0835130026398705
4,ETTh1,96,pmutual_info,751,NBEATSx,smape,0.0834832195840532
4,ETTh1,192,identity,N/A,DeepNPTS,smape,0.0834747280222966
4,ETTh1,192,pmutual_info,501,BiTCN,smape,0.0834677934530499
4,ETTh1,192,pmutual_info,751,DeepNPTS,smape,0.0834596049567838
4,ETTh1,192,pfarm,1251,DeepNPTS,smape,0.0834501066436087
4,ETTh1,192,pentropy,501,BiTCN,smape,0.0834402152801798
4,ETTh1,192,pentropy,1001,BiTCN,smape,0.0834366441948178
4,ETTh1,192,prollcov,501,DeepNPTS,smape,0.0834325348272046
4,ETTh1,192,ipmutual_info,501,BiTCN,smape,0.0834241409746876
0,ETTh1,96,iprollcorr,1501,LSTM,mse,0.0834080113187212
4,ETTh1,96,iprollcorr,501,NBEATSx,smape,0.0833994832814563
0,ETTh1,96,pentropy,1501,NBEATSx,mse,0.0833902361144367
4,ETTh1,192,prollcorr,751,DeepNPTS,smape,0.0833855136158434
4,ETTh1,192,ipmutual_info,1001,BiTCN,smape,0.0833808753001514
4,ETTh1,192,iprollcorr,501,BiTCN,smape,0.0833728192162946
4,ETTh1,192,ipmutual_info,1251,BiTCN,smape,0.0833652676177719
4,ETTh1,192,ipmutual_info,751,BiTCN,smape,0.0833320365516191
4,ETTh1,192,ipentropy,1001,BiTCN,smape,0.0833297532822127
4,ETTh1,192,iprollcorr,1251,BiTCN,smape,0.0833281735428785
4,ETTh1,192,ipmutual_info,1501,BiTCN,smape,0.0833242008128516
4,ETTh1,192,pentropy,1251,BiTCN,smape,0.0833225551751216
4,ETTh1,192,ipentropy,1251,BiTCN,smape,0.0833149152077141
4,ETTh1,192,pentropy,1501,BiTCN,smape,0.0833111622019631
4,ETTh1,192,iprollcov,501,BiTCN,smape,0.0833097996893976
4,ETTh1,192,ipentropy,1001,DeepNPTS,smape,0.0833074692141227
4,ETTh1,192,prollcov,1501,BiTCN,smape,0.0833073861485586
4,ETTh1,192,prollcorr,1251,BiTCN,smape,0.0833032942076982
4,ETTh1,192,pfarm,751,BiTCN,smape,0.0833011410786171
4,ETTh1,192,prollcorr,1501,BiTCN,smape,0.0832965314784537
4,ETTh1,96,prollcov,1251,NHITS,smape,0.0832913672524521
4,ETTh1,192,pfarm,1001,BiTCN,smape,0.0832876447241655
4,ETTh1,192,iprollcorr,751,BiTCN,smape,0.0832858542017069
4,ETTh1,192,iprollcov,1501,BiTCN,smape,0.0832807269054634
4,ETTh1,192,iprollcov,1251,BiTCN,smape,0.0832770458879587
4,ETTh1,192,prollcorr,1501,DeepNPTS,smape,0.0832705288015645
4,ETTh1,192,iprollcov,1001,BiTCN,smape,0.0832702130152309
4,ETTh1,192,pfarm,1501,BiTCN,smape,0.0832686462876559
4,ETTh1,192,ipmutual_info,751,DeepNPTS,smape,0.0832655369580979
4,ETTh1,192,ipentropy,1501,BiTCN,smape,0.083260833241558
4,ETTh1,192,ipentropy,751,BiTCN,smape,0.0832607811012296
4,ETTh1,192,prollcov,501,BiTCN,smape,0.0832560065560392
4,ETTh1,192,pfarm,1251,BiTCN,smape,0.083255577870108
4,ETTh1,192,iprollcov,1001,DeepNPTS,smape,0.0832433907615863
4,ETTh1,192,pfarm,501,BiTCN,smape,0.083241561687007
4,ETTh1,192,prollcov,1001,BiTCN,smape,0.0832402057057919
4,ETTh1,192,iprollcorr,1001,DeepNPTS,smape,0.083223109701224
4,ETTh1,192,iprollcov,751,BiTCN,smape,0.0832207424713764
4,ETTh1,192,prollcov,1251,BiTCN,smape,0.0832152197720703
4,ETTh1,192,prollcov,751,BiTCN,smape,0.0832116207246877
4,ETTh1,192,prollcorr,1001,BiTCN,smape,0.0832103049423806
4,ETTh1,192,prollcov,1001,DeepNPTS,smape,0.0832084708126412
4,ETTh1,192,identity,N/A,BiTCN,smape,0.0832018750221893
4,ETTh1,192,iprollcorr,1001,BiTCN,smape,0.0832018328949991
4,ETTh1,192,pmutual_info,1251,DeepNPTS,smape,0.083191218787596
4,ETTh1,192,ipentropy,501,BiTCN,smape,0.0831874082810077
4,ETTh1,192,prollcorr,501,BiTCN,smape,0.083169375215599
4,ETTh1,192,pmutual_info,1251,BiTCN,smape,0.0831587157302012
4,ETTh1,192,pmutual_info,1001,BiTCN,smape,0.0831333280002685
4,ETTh1,192,prollcorr,751,BiTCN,smape,0.0831326286757858
0,ETTh1,96,pentropy,1001,NHITS,mse,0.0831271087042151
4,ETTh1,192,pmutual_info,1501,BiTCN,smape,0.0830957806532732
4,ETTh1,96,pentropy,1501,NHITS,smape,0.0830819342495698
4,ETTh1,192,pmutual_info,751,BiTCN,smape,0.0830780473587137
0,ETTh1,96,pmutual_info,1001,NBEATSx,mse,0.0830731382282206
4,ETTh1,192,pmutual_info,1501,DeepNPTS,smape,0.0830582241637654
4,ETTh1,192,pentropy,751,DeepNPTS,smape,0.0830485116112795
4,ETTh1,192,prollcorr,1251,DeepNPTS,smape,0.0830407803094425
4,ETTh1,192,ipmutual_info,501,DeepNPTS,smape,0.0830370852962763
0,ETTh1,96,prollcov,1251,NHITS,mse,0.0830160487270415
0,ETTh1,96,iprollcov,1501,NHITS,mse,0.0829492452785586
4,ETTh1,192,iprollcov,1251,DeepNPTS,smape,0.0829103729663219
4,ETTh1,96,prollcorr,501,NBEATSx,smape,0.0828723617136757
4,ETTh1,192,ipentropy,501,DeepNPTS,smape,0.0828720531930987
4,ETTh1,96,ipentropy,1001,LSTM,smape,0.0828203499204201
4,ETTh1,192,pfarm,501,DeepNPTS,smape,0.0828097196450181
4,ETTh1,96,iprollcorr,1501,NBEATSx,smape,0.0827999047607753
4,ETTh1,96,prollcov,751,NHITS,smape,0.0827594668194664
0,ETTh1,96,iprollcov,501,NHITS,mse,0.0827408929249429
4,ETTh1,96,iprollcov,1501,NHITS,smape,0.0827068717336682
4,ETTh1,96,iprollcov,751,LSTM,smape,0.0826832778866872
4,ETTh1,96,pentropy,501,LSTM,smape,0.0826612519558861
4,ETTh1,192,pmutual_info,751,TiDE,smape,0.0826465572149016
4,ETTh1,192,ipmutual_info,1001,TiDE,smape,0.0826465572149016
4,ETTh1,192,ipmutual_info,751,TiDE,smape,0.0826465572149016
4,ETTh1,192,pmutual_info,501,TiDE,smape,0.0826465572149016
4,ETTh1,192,pfarm,1001,TiDE,smape,0.0826465572149016
4,ETTh1,192,pfarm,1251,TiDE,smape,0.0826465572149016
4,ETTh1,192,pfarm,1501,TiDE,smape,0.0826465572149016
4,ETTh1,192,prollcorr,501,TiDE,smape,0.0826465572149016
4,ETTh1,192,ipmutual_info,501,TiDE,smape,0.0826465572149016
4,ETTh1,192,ipentropy,1251,TiDE,smape,0.0826465572149016
4,ETTh1,192,pentropy,1251,TiDE,smape,0.0826465572149016
4,ETTh1,192,ipentropy,501,TiDE,smape,0.0826465572149016
4,ETTh1,192,ipmutual_info,1501,TiDE,smape,0.0826465572149016
4,ETTh1,192,ipmutual_info,1251,TiDE,smape,0.0826465572149016
4,ETTh1,192,pentropy,1501,TiDE,smape,0.0826465572149016
4,ETTh1,192,iprollcorr,1001,TiDE,smape,0.0826465572149016
4,ETTh1,192,iprollcov,1501,TiDE,smape,0.0826465572149016
4,ETTh1,192,iprollcov,1251,TiDE,smape,0.0826465572149016
4,ETTh1,192,iprollcov,1001,TiDE,smape,0.0826465572149016
4,ETTh1,192,pentropy,1001,TiDE,smape,0.0826465572149016
4,ETTh1,192,ipentropy,1501,TiDE,smape,0.0826465572149016
4,ETTh1,192,pfarm,501,TiDE,smape,0.0826465572149016
4,ETTh1,192,identity,N/A,TiDE,smape,0.0826465572149016
4,ETTh1,192,prollcorr,1501,TiDE,smape,0.0826465572149016
4,ETTh1,192,iprollcorr,751,TiDE,smape,0.0826465572149016
4,ETTh1,192,pfarm,751,TiDE,smape,0.0826465572149016
4,ETTh1,192,iprollcorr,1251,TiDE,smape,0.0826465572149016
4,ETTh1,192,iprollcorr,1501,TiDE,smape,0.0826465572149016
4,ETTh1,192,iprollcov,501,TiDE,smape,0.0826465572149016
4,ETTh1,192,prollcov,501,TiDE,smape,0.0826465572149016
4,ETTh1,192,prollcov,751,TiDE,smape,0.0826465572149016
4,ETTh1,192,prollcorr,751,TiDE,smape,0.0826465572149016
4,ETTh1,192,ipentropy,751,TiDE,smape,0.0826465572149016
4,ETTh1,192,prollcorr,1251,TiDE,smape,0.0826465572149016
4,ETTh1,192,pmutual_info,1001,TiDE,smape,0.0826465572149016
4,ETTh1,192,iprollcorr,501,TiDE,smape,0.0826465572149016
4,ETTh1,192,iprollcov,751,TiDE,smape,0.0826465572149016
4,ETTh1,192,pmutual_info,1251,TiDE,smape,0.0826465572149016
4,ETTh1,192,pmutual_info,1501,TiDE,smape,0.0826465572149016
4,ETTh1,192,prollcov,1001,TiDE,smape,0.0826465572149016
4,ETTh1,192,prollcov,1251,TiDE,smape,0.0826465572149016
4,ETTh1,192,prollcov,1501,TiDE,smape,0.0826465572149016
4,ETTh1,192,pentropy,501,TiDE,smape,0.0826465572149016
4,ETTh1,192,pentropy,751,TiDE,smape,0.0826465572149016
4,ETTh1,192,ipentropy,1001,TiDE,smape,0.0826465572149016
4,ETTh1,192,prollcorr,1001,TiDE,smape,0.0826465572149016
4,ETTh1,192,pentropy,1501,LSTM,smape,0.0826058655920763
0,ETTh1,96,pentropy,1501,LSTM,mse,0.082573937184722
4,ETTh1,96,pentropy,1501,LSTM,smape,0.0825688156313562
0,ETTh1,96,ipentropy,1001,LSTM,mse,0.0825613810952241
4,ETTh1,96,ipmutual_info,1001,NBEATSx,smape,0.0825405420116725
4,ETTh1,192,ipentropy,751,DeepNPTS,smape,0.0825236816403686
4,ETTh1,96,iprollcorr,1501,LSTM,smape,0.0825038187952708
4,ETTh1,192,ipmutual_info,1501,DeepNPTS,smape,0.0824992923889321
4,ETTh1,192,iprollcov,501,DeepNPTS,smape,0.0824981597100496
4,ETTh1,96,prollcov,1001,NBEATSx,smape,0.0824730777743872
0,ETTh1,96,pentropy,751,NBEATSx,mse,0.0824603630168799
4,ETTh1,96,ipmutual_info,751,NBEATSx,smape,0.0822886702371894
4,ETTh1,96,prollcorr,1251,LSTM,smape,0.082265159295107
4,ETTh1,96,pentropy,1001,NHITS,smape,0.0822522030162205
4,ETTh1,96,pentropy,1501,NBEATSx,smape,0.0822500456110759
4,ETTh1,96,pmutual_info,1001,NBEATSx,smape,0.0821209897894313
4,ETTh1,96,prollcorr,1001,LSTM,smape,0.0821007405910713
4,ETTh1,96,iprollcorr,751,LSTM,smape,0.0820088158022148
0,ETTh1,96,prollcorr,1501,LSTM,mse,0.0819753455849883
4,ETTh1,96,iprollcorr,751,NBEATSx,smape,0.0819528920286044
4,ETTh1,96,pfarm,1501,NHITS,smape,0.0818984367391231
4,ETTh1,96,iprollcov,1001,NHITS,smape,0.0818469905085151
4,ETTh1,96,prollcorr,501,LSTM,smape,0.0818399229888468
4,ETTh1,96,prollcorr,1251,NHITS,smape,0.0818039844032444
4,ETTh1,96,prollcorr,1501,LSTM,smape,0.081787633208353
4,ETTh1,96,ipentropy,1501,LSTM,smape,0.0817764642393704
4,ETTh1,96,iprollcov,1001,LSTM,smape,0.0817139710964751
4,ETTh1,96,prollcov,1001,NHITS,smape,0.0816036734616433
0,ETTh1,96,ipmutual_info,1251,NBEATSx,mse,0.0815717667853676
4,ETTh1,96,pentropy,1001,NBEATSx,smape,0.0815521168899663
0,ETTh1,96,iprollcorr,501,LSTM,mse,0.0814142889796503
4,ETTh1,96,ipentropy,751,LSTM,smape,0.0813819309855873
0,ETTh1,96,pfarm,1251,NHITS,mse,0.081330549488462
4,ETTh1,96,pentropy,751,NBEATSx,smape,0.0813213307173074
4,ETTh1,96,ipmutual_info,1251,NBEATSx,smape,0.081276842855455
0,ETTh1,96,iprollcov,1001,LSTM,mse,0.0812704838487588
4,ETTh1,96,ipmutual_info,1251,LSTM,smape,0.0812643961886802
4,ETTh1,96,prollcov,501,LSTM,smape,0.081254764639626
0,ETTh1,96,pentropy,501,LSTM,mse,0.0812398072052959
4,ETTh1,96,pmutual_info,1251,NBEATSx,smape,0.0811955185084922
0,ETTh1,96,pentropy,1001,NBEATSx,mse,0.0811355090878212
4,ETTh1,96,iprollcov,1251,NBEATSx,smape,0.0810921210285893
4,ETTh1,96,prollcov,501,NBEATSx,smape,0.0810827693805505
0,ETTh1,96,ipmutual_info,751,NBEATSx,mse,0.0810738675192495
4,ETTh1,96,pfarm,1251,NHITS,smape,0.0810695429284683
0,ETTh1,96,prollcorr,1251,NHITS,mse,0.0810669802328157
4,ETTh1,96,ipmutual_info,1501,LSTM,smape,0.0810363191164422
4,ETTh1,96,iprollcov,1001,NBEATSx,smape,0.0810142389621353
4,ETTh1,96,prollcov,1001,LSTM,smape,0.0809725305307969
0,ETTh1,96,ipentropy,1501,LSTM,mse,0.0809484665009561
0,ETTh1,96,iprollcov,1001,NHITS,mse,0.0809288192238775
0,ETTh1,96,iprollcorr,751,LSTM,mse,0.0808995491082819
4,ETTh1,96,iprollcov,501,NHITS,smape,0.0808787455589851
4,ETTh1,96,ipentropy,1501,NBEATSx,smape,0.0807963437371176
0,ETTh1,96,prollcorr,1251,LSTM,mse,0.0807682162331934
4,ETTh1,96,prollcorr,1501,NBEATSx,smape,0.0807619639342815
4,ETTh1,96,ipentropy,751,NBEATSx,smape,0.080688013903558
4,ETTh1,96,prollcov,1251,NBEATSx,smape,0.0805897119468145
0,ETTh1,96,prollcorr,501,LSTM,mse,0.0805758312950975
4,ETTh1,96,iprollcov,751,NBEATSx,smape,0.0805732512972304
0,ETTh1,96,iprollcov,751,LSTM,mse,0.0805433094338717
4,ETTh1,96,iprollcorr,501,LSTM,smape,0.0805305107796971
4,ETTh1,96,iprollcov,1501,NBEATSx,smape,0.0805188306899724
4,ETTh1,96,pfarm,1251,NBEATSx,smape,0.0805127782862065
4,ETTh1,96,pmutual_info,1501,LSTM,smape,0.0804460020368345
0,ETTh1,96,ipentropy,751,LSTM,mse,0.0804014427547723
0,ETTh1,96,ipmutual_info,1001,NBEATSx,mse,0.0803398167547047
4,ETTh1,96,ipmutual_info,501,TCN,smape,0.0802899233351949
4,ETTh1,96,pentropy,1001,TCN,smape,0.080289044672035
4,ETTh1,96,iprollcov,1251,TCN,smape,0.0802866024547685
4,ETTh1,96,pentropy,1501,TCN,smape,0.0802854719135198
4,ETTh1,96,iprollcorr,1001,TCN,smape,0.0802854224215574
4,ETTh1,96,pfarm,1251,TCN,smape,0.0802851944318332
4,ETTh1,96,ipmutual_info,751,TCN,smape,0.0802847617038645
4,ETTh1,96,iprollcorr,1251,TCN,smape,0.0802845401929312
4,ETTh1,96,pfarm,501,TCN,smape,0.0802845141495774
4,ETTh1,96,iprollcorr,501,TCN,smape,0.0802839925952593
4,ETTh1,96,iprollcov,1501,TCN,smape,0.0802832938715973
4,ETTh1,96,iprollcov,1001,TCN,smape,0.0802827125835483
4,ETTh1,96,iprollcorr,1501,TCN,smape,0.0802822141495713
4,ETTh1,96,ipentropy,1001,TCN,smape,0.0802821132779615
4,ETTh1,96,iprollcov,501,TCN,smape,0.0802808348504812
4,ETTh1,96,pfarm,751,TCN,smape,0.0802780246137725
4,ETTh1,96,pmutual_info,1501,TCN,smape,0.0802771722110678
4,ETTh1,96,pmutual_info,1001,TCN,smape,0.0802766212375887
4,ETTh1,96,iprollcorr,751,TCN,smape,0.0802762143646366
4,ETTh1,96,prollcorr,501,TCN,smape,0.0802760440549274
4,ETTh1,96,iprollcov,751,TCN,smape,0.0802756120783994
4,ETTh1,96,pfarm,1501,TCN,smape,0.0802749614362097
4,ETTh1,96,prollcov,1001,TCN,smape,0.0802719400760647
4,ETTh1,96,prollcorr,1001,TCN,smape,0.0802695322975529
4,ETTh1,96,pentropy,1251,TCN,smape,0.0802674111538978
4,ETTh1,96,pfarm,1001,NBEATSx,smape,0.0802647657979294
4,ETTh1,96,ipmutual_info,1001,TCN,smape,0.0802630781091364
4,ETTh1,96,prollcov,501,TCN,smape,0.0802592066621994
0,ETTh1,96,iprollcorr,1501,NBEATSx,mse,0.0802224784971454
0,ETTh1,96,ipmutual_info,1501,LSTM,mse,0.0802128973504304
0,ETTh1,96,ipmutual_info,501,TCN,mse,0.0801380957958543
0,ETTh1,96,pentropy,1001,TCN,mse,0.0801353411352997
0,ETTh1,96,iprollcov,1251,TCN,mse,0.0801303498415593
0,ETTh1,96,prollcov,1001,NBEATSx,mse,0.0801297896868356
0,ETTh1,96,ipmutual_info,751,TCN,mse,0.0801277383853427
0,ETTh1,96,iprollcorr,1001,TCN,mse,0.0801272600513786
0,ETTh1,96,pentropy,1501,TCN,mse,0.0801271446687689
0,ETTh1,96,pfarm,1251,TCN,mse,0.0801267671220865
0,ETTh1,96,iprollcorr,1251,TCN,mse,0.0801253925741695
0,ETTh1,96,pfarm,501,TCN,mse,0.0801252350615534
0,ETTh1,96,iprollcorr,501,TCN,mse,0.0801238467313882
0,ETTh1,96,iprollcov,1501,TCN,mse,0.0801226153130459
0,ETTh1,96,prollcov,1001,LSTM,mse,0.08012243432205
0,ETTh1,96,iprollcov,1001,TCN,mse,0.0801212081338592
0,ETTh1,96,iprollcorr,1501,TCN,mse,0.0801194558907918
0,ETTh1,96,ipentropy,1001,TCN,mse,0.0801189267644735
4,ETTh1,96,ipentropy,1251,LSTM,smape,0.0801185835253822
0,ETTh1,96,iprollcov,501,TCN,mse,0.0801164278008524
0,ETTh1,96,pfarm,751,TCN,mse,0.080109785422628
0,ETTh1,96,pmutual_info,1501,TCN,mse,0.0801075270193979
0,ETTh1,96,iprollcorr,751,TCN,mse,0.0801054725553773
0,ETTh1,96,pmutual_info,1001,TCN,mse,0.0801052952810993
0,ETTh1,96,prollcorr,501,TCN,mse,0.0801052740097233
0,ETTh1,96,iprollcov,751,TCN,mse,0.0801039276131546
0,ETTh1,96,pfarm,1501,TCN,mse,0.0801022549328389
0,ETTh1,96,pmutual_info,751,NBEATSx,mse,0.0801007740804263
0,ETTh1,96,prollcov,1001,TCN,mse,0.080094862563411
0,ETTh1,96,prollcorr,1001,TCN,mse,0.0800880193059563
0,ETTh1,96,pentropy,1251,TCN,mse,0.0800833076200463
0,ETTh1,96,ipmutual_info,1001,TCN,mse,0.0800734201381937
0,ETTh1,96,prollcov,501,TCN,mse,0.0800637633159981
0,ETTh1,96,ipmutual_info,1251,LSTM,mse,0.0800388463843172
4,ETTh1,96,ipmutual_info,1001,LSTM,smape,0.0800354391030049
4,ETTh1,96,pfarm,1251,LSTM,smape,0.0800335482362684
4,ETTh1,96,iprollcorr,1251,NBEATSx,smape,0.0800073157552702
0,ETTh1,96,prollcov,501,LSTM,mse,0.0800062476162752
4,ETTh1,96,ipentropy,501,NBEATSx,smape,0.079975912873348
4,ETTh1,96,prollcov,1251,LSTM,smape,0.0799449259799172
4,ETTh1,96,prollcorr,501,GRU,smape,0.0799137691872916
4,ETTh1,96,pfarm,501,LSTM,smape,0.0798929879689555
4,ETTh1,96,prollcov,1501,LSTM,smape,0.0798574802604264
4,ETTh1,96,prollcorr,1251,TCN,smape,0.0798366719115468
4,ETTh1,96,pmutual_info,1001,LSTM,smape,0.0798345509377615
4,ETTh1,96,pmutual_info,1001,GRU,smape,0.0798327735810124
4,ETTh1,96,pmutual_info,751,NHITS,smape,0.079816757887406
4,ETTh1,96,pentropy,501,GRU,smape,0.0797852958123006
4,ETTh1,96,ipmutual_info,501,LSTM,smape,0.0797816705219351
4,ETTh1,96,pmutual_info,501,LSTM,smape,0.0797661970852447
4,ETTh1,96,pentropy,1251,NBEATSx,smape,0.0797623947654715
4,ETTh1,96,prollcorr,1501,GRU,smape,0.0797161445765185
4,ETTh1,96,ipmutual_info,1501,GRU,smape,0.0796898133861514
4,ETTh1,96,ipmutual_info,1251,GRU,smape,0.0796630817015975
4,ETTh1,96,ipentropy,1251,NBEATSx,smape,0.079650855278984
4,ETTh1,96,prollcov,1501,GRU,smape,0.0796426444251345
4,ETTh1,96,pmutual_info,501,GRU,smape,0.0796273531498416
4,ETTh1,96,ipentropy,751,GRU,smape,0.0796219734726433
4,ETTh1,96,pentropy,1501,GRU,smape,0.0796040876823853
4,ETTh1,96,ipmutual_info,1251,TCN,smape,0.0796023679439356
4,ETTh1,96,pmutual_info,501,NHITS,smape,0.0795914644356801
4,ETTh1,96,prollcov,1251,GRU,smape,0.0795867977669032
4,ETTh1,96,iprollcov,1251,GRU,smape,0.0795652031732907
4,ETTh1,96,iprollcov,1001,GRU,smape,0.0795636704116534
4,ETTh1,96,iprollcov,501,GRU,smape,0.0795542725247724
4,ETTh1,96,iprollcorr,1251,GRU,smape,0.0795433689860962
4,ETTh1,96,ipmutual_info,501,GRU,smape,0.0795330617195867
4,ETTh1,96,prollcorr,751,GRU,smape,0.0795327887655788
4,ETTh1,96,prollcorr,1001,GRU,smape,0.0795252996860353
4,ETTh1,96,iprollcorr,751,GRU,smape,0.079524817560939
4,ETTh1,96,ipentropy,1251,GRU,smape,0.0795128593484291
4,ETTh1,96,pentropy,1001,GRU,smape,0.0795080847833196
4,ETTh1,96,prollcorr,1251,GRU,smape,0.0795029087842287
4,ETTh1,96,ipmutual_info,1001,GRU,smape,0.0794981488974077
4,ETTh1,96,iprollcov,751,GRU,smape,0.0794961847453845
4,ETTh1,96,ipentropy,501,GRU,smape,0.0794882444498576
4,ETTh1,96,prollcov,1001,GRU,smape,0.0794807143581507
4,ETTh1,96,identity,N/A,GRU,smape,0.079469557135163
4,ETTh1,96,ipentropy,1501,GRU,smape,0.0794661757547736
4,ETTh1,96,pentropy,1251,GRU,smape,0.0794651796530688
4,ETTh1,96,iprollcorr,1001,GRU,smape,0.079463359032633
4,ETTh1,96,iprollcorr,501,GRU,smape,0.0794609323119804
4,ETTh1,96,ipentropy,501,LSTM,smape,0.0794332699481454
4,ETTh1,96,iprollcorr,1001,LSTM,smape,0.0794260079417947
4,ETTh1,96,iprollcorr,1251,NHITS,smape,0.0794239722857257
4,ETTh1,96,pfarm,1001,LSTM,smape,0.0794183966546063
0,ETTh1,96,iprollcorr,501,GRU,mse,0.0794173724824554
4,ETTh1,96,prollcov,1501,TCN,smape,0.0794158341681492
4,ETTh1,96,ipmutual_info,1001,NHITS,smape,0.0794110325266927
4,ETTh1,96,pfarm,1001,GRU,smape,0.0794072112031359
4,ETTh1,96,iprollcorr,1501,GRU,smape,0.0794039506848231
4,ETTh1,96,iprollcorr,501,NHITS,smape,0.0793994181707742
4,ETTh1,96,pfarm,751,GRU,smape,0.0793980216852336
4,ETTh1,96,pfarm,1501,GRU,smape,0.0793914154738924
4,ETTh1,96,ipentropy,1001,GRU,smape,0.0793909543239913
4,ETTh1,96,prollcov,501,GRU,smape,0.0793894304897773
4,ETTh1,96,ipmutual_info,751,GRU,smape,0.0793859929032657
4,ETTh1,96,pfarm,1251,GRU,smape,0.0793690601475278
4,ETTh1,96,pentropy,751,GRU,smape,0.079352630243687
0,ETTh1,96,prollcorr,1251,TCN,mse,0.0793381604037089
4,ETTh1,96,prollcorr,1001,NHITS,smape,0.079336041225478
4,ETTh1,96,pfarm,1501,LSTM,smape,0.0793193902517876
4,ETTh1,96,pmutual_info,1251,GRU,smape,0.0793126315255312
4,ETTh1,96,ipentropy,751,NHITS,smape,0.0792998546894864
4,ETTh1,96,pfarm,501,GRU,smape,0.0792709862549276
4,ETTh1,96,pmutual_info,1501,GRU,smape,0.0792652954368869
4,ETTh1,96,pentropy,1001,LSTM,smape,0.0792422992132586
0,ETTh1,96,pentropy,1251,GRU,mse,0.0792422338357394
4,ETTh1,96,iprollcov,501,LSTM,smape,0.0792386018756279
0,ETTh1,96,pentropy,1001,GRU,mse,0.0792341835687368
0,ETTh1,96,prollcov,1251,NBEATSx,mse,0.0792300070620842
0,ETTh1,96,pentropy,751,GRU,mse,0.0791973318223375
0,ETTh1,96,pmutual_info,501,GRU,mse,0.079162990976313
4,ETTh1,96,prollcov,501,NHITS,smape,0.0791621628722416
0,ETTh1,96,pmutual_info,1501,LSTM,mse,0.0791571886178714
0,ETTh1,96,iprollcorr,751,NBEATSx,mse,0.0791372157759921
4,ETTh1,96,prollcov,751,LSTM,smape,0.0790885632473649
0,ETTh1,96,pentropy,501,GRU,mse,0.0790635729736222
4,ETTh1,96,prollcorr,751,LSTM,smape,0.0790595260090014
0,ETTh1,96,pfarm,1251,LSTM,mse,0.0790552851936137
4,ETTh1,96,pmutual_info,1501,NHITS,smape,0.0790456444040559
4,ETTh1,96,pmutual_info,751,GRU,smape,0.0790279880054276
0,ETTh1,96,prollcorr,1001,LSTM,mse,0.0790234210569416
4,ETTh1,96,iprollcov,1501,LSTM,smape,0.0790040645221859
4,ETTh1,96,identity,N/A,LSTM,smape,0.0789898011179214
4,ETTh1,96,iprollcov,1251,LSTM,smape,0.0789894074879901
4,ETTh1,96,prollcov,751,GRU,smape,0.0789846851909508
0,ETTh1,96,ipentropy,1251,LSTM,mse,0.0789471492196839
0,ETTh1,96,pmutual_info,1001,GRU,mse,0.0789413801867161
4,ETTh1,96,pentropy,751,LSTM,smape,0.0789308820548746
4,ETTh1,96,iprollcov,1501,GRU,smape,0.0789291557132913
0,ETTh1,96,prollcov,501,GRU,mse,0.0789160820689947
0,ETTh1,96,pmutual_info,1501,GRU,mse,0.0789046065329281
0,ETTh1,96,prollcorr,501,GRU,mse,0.0789044232495911
4,ETTh1,96,iprollcorr,1251,LSTM,smape,0.0788652493737552
0,ETTh1,96,iprollcov,1001,GRU,mse,0.0788402045053484
0,ETTh1,96,ipmutual_info,1501,GRU,mse,0.0788237024838165
0,ETTh1,96,pentropy,1501,GRU,mse,0.0788143023051301
0,ETTh1,96,prollcorr,1501,GRU,mse,0.0788133236827407
4,ETTh1,96,prollcorr,751,NHITS,smape,0.0787897831507291
0,ETTh1,96,ipmutual_info,1251,GRU,mse,0.0787579080438834
0,ETTh1,96,iprollcov,501,GRU,mse,0.0787520448384229
4,ETTh1,96,pmutual_info,1001,NHITS,smape,0.0787493070860065
0,ETTh1,96,iprollcorr,1001,GRU,mse,0.0787479386445006
0,ETTh1,96,iprollcorr,1251,GRU,mse,0.0787438855569843
4,ETTh1,96,pmutual_info,1251,LSTM,smape,0.0787407688820289
0,ETTh1,96,prollcov,1501,GRU,mse,0.0787369183039931
0,ETTh1,96,iprollcov,1251,GRU,mse,0.0787213113437535
0,ETTh1,96,pmutual_info,1251,NBEATSx,mse,0.0787192767305081
4,ETTh1,96,pentropy,1251,LSTM,smape,0.0786845023500302
0,ETTh1,96,ipmutual_info,1001,LSTM,mse,0.0786825708498359
0,ETTh1,96,ipmutual_info,1001,GRU,mse,0.0786802483780493
0,ETTh1,96,iprollcorr,751,GRU,mse,0.0786663749320532
0,ETTh1,96,ipentropy,1501,NBEATSx,mse,0.0786598717361009
0,ETTh1,96,ipentropy,751,GRU,mse,0.0786577867497055
0,ETTh1,96,iprollcov,751,GRU,mse,0.0786564719297722
0,ETTh1,96,prollcov,1251,GRU,mse,0.078649745532576
0,ETTh1,96,prollcorr,751,GRU,mse,0.0786324683444559
0,ETTh1,96,ipentropy,501,GRU,mse,0.0786130706511775
0,ETTh1,96,ipentropy,1501,GRU,mse,0.0786011863514823
0,ETTh1,96,ipmutual_info,501,GRU,mse,0.0785793045485992
0,ETTh1,96,identity,N/A,GRU,mse,0.078579046046923
0,ETTh1,96,ipentropy,1251,GRU,mse,0.0785760597761326
0,ETTh1,96,ipentropy,501,LSTM,mse,0.0785715432250722
4,ETTh1,96,prollcorr,501,NHITS,smape,0.0785650595506278
0,ETTh1,96,pmutual_info,751,GRU,mse,0.0785510768350049
0,ETTh1,96,prollcorr,1001,GRU,mse,0.0785471006951475
4,ETTh1,96,pmutual_info,751,LSTM,smape,0.0785469782404814
0,ETTh1,96,prollcov,1001,GRU,mse,0.0785327962478134
0,ETTh1,96,iprollcov,1251,NBEATSx,mse,0.0785258479488106
0,ETTh1,96,iprollcorr,1501,GRU,mse,0.078521671468532
0,ETTh1,96,pfarm,1501,GRU,mse,0.0785076612506451
0,ETTh1,96,pfarm,751,GRU,mse,0.07850108334637
0,ETTh1,96,pfarm,1001,GRU,mse,0.0784898015196748
0,ETTh1,96,ipentropy,1001,GRU,mse,0.0784560967307731
0,ETTh1,96,ipmutual_info,751,GRU,mse,0.0784510015474286
0,ETTh1,96,pfarm,1001,LSTM,mse,0.0784486463251024
0,ETTh1,96,iprollcorr,1001,LSTM,mse,0.0784422448790846
0,ETTh1,96,pfarm,1251,GRU,mse,0.0784345231380819
0,ETTh1,96,prollcorr,1251,GRU,mse,0.07841075601034
4,ETTh1,96,pfarm,751,NHITS,smape,0.0783945822775562
4,ETTh1,96,iprollcov,1251,NHITS,smape,0.078375567465646
0,ETTh1,96,pfarm,501,GRU,mse,0.0783665160578074
0,ETTh1,96,ipentropy,751,NBEATSx,mse,0.0783628106478967
0,ETTh1,96,prollcov,1501,LSTM,mse,0.0783553063655319
4,ETTh1,96,iprollcorr,1001,NHITS,smape,0.0783543898260488
0,ETTh1,96,iprollcorr,1251,NHITS,mse,0.0783476954902173
0,ETTh1,96,pmutual_info,1251,GRU,mse,0.0783460764060507
0,ETTh1,96,pmutual_info,751,NHITS,mse,0.0783164206328855
4,ETTh1,96,pmutual_info,1251,NHITS,smape,0.078290913731249
0,ETTh1,96,pentropy,1251,NBEATSx,mse,0.0782704460053239
0,ETTh1,96,pentropy,1001,LSTM,mse,0.0782603265673853
0,ETTh1,96,pfarm,1501,LSTM,mse,0.0782427726256506
0,ETTh1,96,pfarm,501,LSTM,mse,0.0781666459288781
0,ETTh1,96,pmutual_info,1001,LSTM,mse,0.0781587177503048
0,ETTh1,96,iprollcov,1501,GRU,mse,0.0781477946085615
0,ETTh1,96,prollcov,751,GRU,mse,0.0781167314452432
0,ETTh1,96,pfarm,751,NHITS,mse,0.0781110402489672
0,ETTh1,96,prollcov,751,LSTM,mse,0.0780709468089764
0,ETTh1,96,pmutual_info,501,NHITS,mse,0.0780587043351912
0,ETTh1,96,prollcorr,751,LSTM,mse,0.0779755742666275
4,ETTh1,96,prollcorr,1001,NBEATSx,smape,0.0778989034370822
4,ETTh1,96,pentropy,751,TCN,smape,0.0778871331743538
0,ETTh1,96,iprollcov,1251,LSTM,mse,0.0778867485613292
0,ETTh1,96,pentropy,751,TCN,mse,0.0778345140994776
4,ETTh1,96,prollcov,1251,TCN,smape,0.0777174757913939
4,ETTh1,96,ipmutual_info,1501,NHITS,smape,0.0777095127531063
4,ETTh1,96,iprollcov,1501,DeepNPTS,smape,0.0777011486406764
0,ETTh1,96,identity,N/A,LSTM,mse,0.0776984861072785
0,ETTh1,96,iprollcorr,1251,LSTM,mse,0.0776869769266924
4,ETTh1,96,identity,N/A,NHITS,smape,0.0776791396176294
4,ETTh1,96,pmutual_info,751,TCN,smape,0.0776478374590992
0,ETTh1,96,pentropy,751,LSTM,mse,0.0776290827609729
0,ETTh1,96,ipentropy,751,NHITS,mse,0.0776039427069095
0,ETTh1,96,pfarm,1251,NBEATSx,mse,0.0775967034716867
0,ETTh1,96,ipmutual_info,1001,NHITS,mse,0.0775054530107475
0,ETTh1,96,iprollcov,501,LSTM,mse,0.0774990966651288
4,ETTh1,96,ipentropy,1501,NHITS,smape,0.0774913732504284
4,ETTh1,96,pmutual_info,501,TSMixerx,smape,0.0774855161275882
4,ETTh1,96,identity,N/A,NBEATSx,smape,0.0774585741762675
4,ETTh1,96,iprollcov,751,DeepNPTS,smape,0.0773524478534009
4,ETTh1,96,iprollcorr,1001,NBEATSx,smape,0.077337604517639
0,ETTh1,96,pmutual_info,751,LSTM,mse,0.0772951019823812
0,ETTh1,96,prollcov,501,NBEATSx,mse,0.0772534110246795
4,ETTh1,96,ipmutual_info,1251,NHITS,smape,0.0772492817111126
0,ETTh1,96,pmutual_info,1001,NHITS,mse,0.0772479161680248
4,ETTh1,96,pmutual_info,501,NBEATSx,smape,0.0772234517329816
4,ETTh1,96,ipentropy,501,NHITS,smape,0.0772186901460346
4,ETTh1,96,ipentropy,1001,NHITS,smape,0.0771997654984826
0,ETTh1,96,prollcov,1251,LSTM,mse,0.0771893631859307
4,ETTh1,96,ipentropy,751,TCN,smape,0.077172875458866
0,ETTh1,96,prollcorr,1501,NBEATSx,mse,0.0771637208986195
4,ETTh1,96,pentropy,501,NHITS,smape,0.0771346820319698
4,ETTh1,96,pfarm,1251,DeepNPTS,smape,0.0770821353629006
4,ETTh1,96,ipentropy,1251,TCN,smape,0.0770566661104787
4,ETTh1,96,iprollcorr,1501,NHITS,smape,0.0770543602719515
0,ETTh1,96,pmutual_info,1251,LSTM,mse,0.0770199304915773
4,ETTh1,96,ipentropy,501,TCN,smape,0.0770187925669456
0,ETTh1,96,iprollcov,1501,NBEATSx,mse,0.076957077029172
0,ETTh1,96,iprollcov,751,NBEATSx,mse,0.0769239056594044
0,ETTh1,96,pmutual_info,1501,NHITS,mse,0.0769221957414067
4,ETTh1,96,pentropy,1251,NHITS,smape,0.0769125300983906
4,ETTh1,96,pmutual_info,1251,DeepNPTS,smape,0.0768879919703123
4,ETTh1,96,iprollcorr,751,NHITS,smape,0.0768776995907611
0,ETTh1,96,iprollcov,1001,NBEATSx,mse,0.0768619408009832
0,ETTh1,96,iprollcorr,501,NHITS,mse,0.0768553281524662
0,ETTh1,96,ipmutual_info,501,LSTM,mse,0.0768420821677812
0,ETTh1,96,pentropy,1251,LSTM,mse,0.0768414301420043
4,ETTh1,96,ipmutual_info,1501,DeepNPTS,smape,0.0767562709409499
4,ETTh1,96,iprollcov,501,DeepNPTS,smape,0.076727241891374
0,ETTh1,96,ipmutual_info,1251,TCN,mse,0.0767265750882632
0,ETTh1,96,pmutual_info,501,LSTM,mse,0.0766792340560846
4,ETTh1,96,pmutual_info,1001,MLP,smape,0.0766585603524776
4,ETTh1,96,prollcov,751,DeepNPTS,smape,0.0766405890145599
0,ETTh1,96,prollcorr,1001,NHITS,mse,0.0765833880729109
4,ETTh1,96,pfarm,1001,DeepNPTS,smape,0.0765354310921256
4,ETTh1,96,ipentropy,1251,NHITS,smape,0.076528533578809
0,ETTh1,96,iprollcov,1501,LSTM,mse,0.0765243248997597
4,ETTh1,96,ipmutual_info,501,DeepNPTS,smape,0.0764796535057313
4,ETTh1,96,prollcov,751,TCN,smape,0.0764615064224865
4,ETTh1,96,pmutual_info,501,DeepNPTS,smape,0.0764427554706793
4,ETTh1,96,ipentropy,1001,NBEATSx,smape,0.0764368479366049
0,ETTh1,96,pfarm,1001,NBEATSx,mse,0.0764121441498463
4,ETTh1,96,pmutual_info,1251,TCN,smape,0.0763994431032596
4,ETTh1,96,prollcorr,1501,TCN,smape,0.0763965121902804
0,ETTh1,96,ipentropy,501,NBEATSx,mse,0.0762932323655125
0,ETTh1,96,prollcov,1251,TCN,mse,0.0762908542762043
4,ETTh1,96,pfarm,1001,TCN,smape,0.0762849637127383
4,ETTh1,96,pentropy,1001,DeepNPTS,smape,0.0762468978365674
4,ETTh1,96,ipentropy,1001,TFT,smape,0.0762395420196025
0,ETTh1,96,iprollcorr,1001,NHITS,mse,0.0762207644004631
4,ETTh1,96,pmutual_info,1001,DeepNPTS,smape,0.0761918369823563
4,ETTh1,96,pentropy,1251,DeepNPTS,smape,0.0761259230348092
4,ETTh1,96,ipmutual_info,1001,DeepNPTS,smape,0.076100342487478
4,ETTh1,96,iprollcov,751,NHITS,smape,0.0760262694547602
4,ETTh1,96,prollcov,1501,TFT,smape,0.0760219443938021
0,ETTh1,96,ipmutual_info,501,DeepNPTS,mse,0.0759787611886345
4,ETTh1,96,pentropy,501,TFT,smape,0.0759724554015398
4,ETTh1,96,iprollcov,1251,DeepNPTS,smape,0.0759655162463291
4,ETTh1,96,prollcov,1251,DeepNPTS,smape,0.0759643401344641
4,ETTh1,96,pmutual_info,1501,NBEATSx,smape,0.0759581216905856
4,ETTh1,96,prollcov,1251,TFT,smape,0.0759137772256008
4,ETTh1,96,ipmutual_info,1001,TFT,smape,0.0759022235953288
4,ETTh1,96,pfarm,501,DeepNPTS,smape,0.0758974841523023
4,ETTh1,96,prollcorr,501,DeepNPTS,smape,0.0758800077575719
4,ETTh1,96,pentropy,501,DeepNPTS,smape,0.0758759414017279
4,ETTh1,96,ipentropy,501,DeepNPTS,smape,0.0758728853288939
4,ETTh1,96,pmutual_info,751,TFT,smape,0.0758723730990765
4,ETTh1,96,iprollcov,1251,TFT,smape,0.0758603280647089
4,ETTh1,96,ipentropy,751,TFT,smape,0.0758123177604888
4,ETTh1,96,pmutual_info,1501,TFT,smape,0.0757970814914259
4,ETTh1,96,ipmutual_info,501,TFT,smape,0.0757941461281064
4,ETTh1,96,iprollcorr,501,TFT,smape,0.0757941446538959
0,ETTh1,96,pmutual_info,1251,DeepNPTS,mse,0.075788482459102
4,ETTh1,96,iprollcov,501,TFT,smape,0.075778536091778
4,ETTh1,96,iprollcorr,751,DeepNPTS,smape,0.0757292866488012
4,ETTh1,96,ipmutual_info,1251,DeepNPTS,smape,0.075728934131053
4,ETTh1,96,prollcorr,751,DeepNPTS,smape,0.0757270818517986
4,ETTh1,96,prollcov,751,TFT,smape,0.0757211617887735
4,ETTh1,96,pentropy,1001,TFT,smape,0.0757101169900141
4,ETTh1,96,iprollcorr,501,DeepNPTS,smape,0.0757093024828101
4,ETTh1,96,pfarm,1251,TFT,smape,0.0756988132653402
4,ETTh1,96,iprollcov,1501,TFT,smape,0.075679773255651
0,ETTh1,96,prollcov,751,DeepNPTS,mse,0.075668745033806
4,ETTh1,96,iprollcorr,1501,TFT,smape,0.0756676295929228
4,ETTh1,96,prollcorr,1251,MLP,smape,0.0756614952830275
4,ETTh1,96,prollcorr,751,TFT,smape,0.0756573247078066
4,ETTh1,96,prollcorr,501,TSMixerx,smape,0.0756570653973267
4,ETTh1,96,ipmutual_info,1501,TFT,smape,0.0756385069749769
4,ETTh1,96,iprollcorr,1001,TFT,smape,0.0756174109134455
0,ETTh1,96,prollcov,501,NHITS,mse,0.0755978105850749
4,ETTh1,96,ipentropy,501,TFT,smape,0.0755831112779163
4,ETTh1,96,ipentropy,1501,TFT,smape,0.0755768426185384
4,ETTh1,96,pfarm,1001,NHITS,smape,0.0755651315347417
4,ETTh1,96,prollcorr,1251,TFT,smape,0.0755476354677193
4,ETTh1,96,ipentropy,1251,TFT,smape,0.075545157862986
4,ETTh1,96,ipentropy,1251,DeepNPTS,smape,0.0755437584149464
4,ETTh1,96,pfarm,751,TFT,smape,0.0755363511338065
4,ETTh1,96,ipmutual_info,751,TFT,smape,0.075535313721862
4,ETTh1,96,prollcov,1001,DeepNPTS,smape,0.0755143009446946
4,ETTh1,96,pentropy,751,TFT,smape,0.0755069335873804
4,ETTh1,96,prollcorr,501,TFT,smape,0.0754632479294562
4,ETTh1,96,pmutual_info,501,TFT,smape,0.0754621752173437
4,ETTh1,96,prollcov,501,TSMixerx,smape,0.0754534720587382
4,ETTh1,96,iprollcov,751,TFT,smape,0.075451784935081
4,ETTh1,96,pentropy,501,TSMixerx,smape,0.0754495665297902
4,ETTh1,96,pfarm,1001,TFT,smape,0.0754390824925193
4,ETTh1,96,iprollcov,1001,DeepNPTS,smape,0.0754243766706879
4,ETTh1,96,pfarm,1501,TFT,smape,0.0754191685761318
4,ETTh1,96,pmutual_info,751,TSMixerx,smape,0.0754177849776377
0,ETTh1,96,ipentropy,1251,NBEATSx,mse,0.0754100880132903
4,ETTh1,96,prollcorr,1501,MLP,smape,0.0754072924205349
4,ETTh1,96,iprollcorr,1251,TFT,smape,0.0754049324973472
4,ETTh1,96,prollcorr,1501,TFT,smape,0.0753997169262547
4,ETTh1,96,ipentropy,1501,TCN,smape,0.0753982322043815
0,ETTh1,96,iprollcorr,1251,NBEATSx,mse,0.075357415902414
4,ETTh1,96,ipmutual_info,501,TSMixerx,smape,0.0753557319615226
4,ETTh1,96,pfarm,501,TFT,smape,0.0753555328455142
4,ETTh1,96,iprollcorr,751,TFT,smape,0.0753452511468679
4,ETTh1,96,prollcorr,1001,MLP,smape,0.0753286423929574
4,ETTh1,96,pmutual_info,751,MLP,smape,0.075285452687503
0,ETTh1,96,ipmutual_info,1251,NHITS,mse,0.0752742311094907
4,ETTh1,96,prollcov,501,TFT,smape,0.0752672851725744
4,ETTh1,96,pmutual_info,1001,TSMixerx,smape,0.0752625583641988
4,ETTh1,96,ipmutual_info,1251,MLP,smape,0.0752107273227103
4,ETTh1,96,pmutual_info,1251,TFT,smape,0.0752080943825227
4,ETTh1,96,ipentropy,501,TSMixerx,smape,0.0752037307558493
4,ETTh1,96,pentropy,1251,TFT,smape,0.0752008426771492
4,ETTh1,96,pentropy,751,DeepNPTS,smape,0.0752000821060333
4,ETTh1,96,iprollcorr,1251,DeepNPTS,smape,0.0751897396763404
0,ETTh1,96,iprollcov,1501,DeepNPTS,mse,0.0751890841628874
0,ETTh1,96,pmutual_info,751,TCN,mse,0.075183533077114
4,ETTh1,96,iprollcov,1001,TSMixerx,smape,0.0751787697029785
4,ETTh1,96,pentropy,1251,TSMixerx,smape,0.0751750095537409
4,ETTh1,96,prollcorr,1001,TFT,smape,0.0751588264249028
4,ETTh1,96,ipmutual_info,751,MLP,smape,0.0751546904535243
4,ETTh1,96,iprollcov,1501,TSMixerx,smape,0.075140862122355
4,ETTh1,96,prollcorr,501,MLP,smape,0.0751355866534706
4,ETTh1,96,iprollcov,1001,TFT,smape,0.0751269092572953
4,ETTh1,96,pmutual_info,1501,TSMixerx,smape,0.0751196211975118
4,ETTh1,96,pfarm,751,DeepNPTS,smape,0.0751159521177
4,ETTh1,96,prollcorr,1001,DeepNPTS,smape,0.075114004039697
4,ETTh1,96,prollcov,1001,TFT,smape,0.0751087106541209
4,ETTh1,96,ipmutual_info,1251,TFT,smape,0.0751030467033548
4,ETTh1,96,pfarm,751,TSMixerx,smape,0.0751013017570498
4,ETTh1,96,pfarm,501,MLP,smape,0.0751000088040803
4,ETTh1,96,pfarm,1251,MLP,smape,0.0750780749724419
4,ETTh1,96,prollcorr,1001,TSMixerx,smape,0.0750732561571382
0,ETTh1,96,iprollcov,501,DeepNPTS,mse,0.0750680472900715
4,ETTh1,96,prollcorr,751,MLP,smape,0.0750649907699716
4,ETTh1,96,pfarm,501,TSMixerx,smape,0.0750649267023669
4,ETTh1,96,prollcov,1001,TSMixerx,smape,0.0750569170021832
4,ETTh1,96,prollcov,501,MLP,smape,0.0750563627026419
4,ETTh1,96,ipmutual_info,1001,MLP,smape,0.0750548405585633
4,ETTh1,96,ipmutual_info,751,TSMixerx,smape,0.0750533492453895
4,ETTh1,96,prollcorr,751,TCN,smape,0.0750515200679047
4,ETTh1,96,prollcov,1501,MLP,smape,0.0750471140322837
4,ETTh1,96,ipentropy,751,TSMixerx,smape,0.0750443175860257
4,ETTh1,96,ipentropy,1001,TSMixerx,smape,0.075041266383547
4,ETTh1,96,ipentropy,1251,TSMixerx,smape,0.0750287177762507
4,ETTh1,96,prollcov,1251,TSMixerx,smape,0.0750271714956039
4,ETTh1,96,prollcov,1501,TSMixerx,smape,0.075022206560679
4,ETTh1,96,pentropy,1001,TSMixerx,smape,0.0750152457616543
4,ETTh1,96,ipmutual_info,1501,TSMixerx,smape,0.0750038120065077
4,ETTh1,96,pentropy,751,TSMixerx,smape,0.0749855073736981
4,ETTh1,96,prollcov,1251,MLP,smape,0.0749839307184611
4,ETTh1,96,iprollcorr,1501,DeepNPTS,smape,0.0749746811792011
4,ETTh1,96,prollcorr,1251,DeepNPTS,smape,0.0749623263859611
4,ETTh1,96,iprollcov,501,TSMixerx,smape,0.0749600066533054
4,ETTh1,96,ipmutual_info,1001,TSMixerx,smape,0.0749587056184195
4,ETTh1,96,prollcov,751,MLP,smape,0.0749583519110426
4,ETTh1,96,iprollcov,751,TSMixerx,smape,0.0749561440467702
4,ETTh1,96,iprollcov,1251,TSMixerx,smape,0.0749507703867287
4,ETTh1,96,pmutual_info,1001,TFT,smape,0.0749499982535084
0,ETTh1,96,prollcorr,751,NHITS,mse,0.0749475573772346
4,ETTh1,96,iprollcorr,501,TSMixerx,smape,0.0749357806494107
4,ETTh1,96,iprollcorr,1001,DeepNPTS,smape,0.0749328859950874
4,ETTh1,96,ipmutual_info,501,MLP,smape,0.0749306334125835
4,ETTh1,96,iprollcorr,501,MLP,smape,0.074918745739389
4,ETTh1,96,ipentropy,1501,MLP,smape,0.074917013978758
4,ETTh1,96,ipmutual_info,1501,MLP,smape,0.0749069897808053
4,ETTh1,96,pmutual_info,501,MLP,smape,0.0749045817698533
4,ETTh1,96,prollcorr,1251,TSMixerx,smape,0.074899740011632
4,ETTh1,96,pfarm,1501,MLP,smape,0.0748834729698211
4,ETTh1,96,prollcov,1001,MLP,smape,0.0748799736800012
4,ETTh1,96,pfarm,1251,TSMixerx,smape,0.0748793342651394
4,ETTh1,96,pmutual_info,1251,MLP,smape,0.0748675862450225
4,ETTh1,96,pmutual_info,1501,DeepNPTS,smape,0.0748639476837165
4,ETTh1,96,pentropy,751,MLP,smape,0.0748619746743536
4,ETTh1,96,iprollcorr,1001,TSMixerx,smape,0.0748519888472643
4,ETTh1,96,identity,N/A,TFT,smape,0.0748388434374307
4,ETTh1,96,pfarm,1501,TSMixerx,smape,0.0748210824146565
4,ETTh1,96,pmutual_info,1501,MLP,smape,0.0748168827040439
4,ETTh1,96,iprollcorr,1501,TSMixerx,smape,0.0748096964219288
4,ETTh1,96,pentropy,501,MLP,smape,0.0747936846072683
4,ETTh1,96,prollcorr,751,TSMixerx,smape,0.0747925228895528
4,ETTh1,96,identity,N/A,TSMixerx,smape,0.0747913509917825
4,ETTh1,96,pentropy,1501,TFT,smape,0.0747865096906247
0,ETTh1,96,iprollcov,1251,NHITS,mse,0.0747519220826932
4,ETTh1,96,pentropy,1501,DeepNPTS,smape,0.074746110929684
4,ETTh1,96,identity,N/A,MLP,smape,0.0747454979297752
4,ETTh1,96,iprollcov,501,MLP,smape,0.0747335381004255
4,ETTh1,96,iprollcorr,1251,TSMixerx,smape,0.0747296750959864
4,ETTh1,96,ipentropy,1001,MLP,smape,0.0747215338775389
4,ETTh1,96,prollcov,751,TSMixerx,smape,0.0747183136929965
4,ETTh1,96,ipentropy,1501,TSMixerx,smape,0.0747035381301002
0,ETTh1,96,prollcorr,501,NHITS,mse,0.074695059231761
4,ETTh1,96,ipmutual_info,1251,TSMixerx,smape,0.0746915545307768
4,ETTh1,96,pentropy,1251,MLP,smape,0.0746869357369347
4,ETTh1,96,ipentropy,751,MLP,smape,0.0746845925133426
4,ETTh1,96,prollcorr,1501,TSMixerx,smape,0.0746825987144258
0,ETTh1,96,identity,N/A,NBEATSx,mse,0.0746648904097578
4,ETTh1,96,pentropy,1001,MLP,smape,0.0746637390498108
4,ETTh1,96,iprollcorr,751,TSMixerx,smape,0.0746637205345381
4,ETTh1,96,ipentropy,501,MLP,smape,0.0746500192595601
0,ETTh1,96,iprollcov,751,DeepNPTS,mse,0.0746444448552697
4,ETTh1,96,iprollcorr,1251,MLP,smape,0.0746436957189038
4,ETTh1,96,pfarm,1001,TSMixerx,smape,0.074641103832699
4,ETTh1,96,ipentropy,1251,MLP,smape,0.0746373932570637
4,ETTh1,96,pfarm,1001,MLP,smape,0.0746265319549863
0,ETTh1,96,prollcov,1501,TCN,mse,0.0746234663294404
4,ETTh1,96,iprollcorr,751,MLP,smape,0.0745976647766444
4,ETTh1,96,iprollcov,1251,MLP,smape,0.0745898942318682
4,ETTh1,96,pentropy,1501,TSMixerx,smape,0.0745781912118812
4,ETTh1,96,pentropy,1501,MLP,smape,0.0745565010018647
4,ETTh1,96,ipentropy,1501,DeepNPTS,smape,0.0744590169076968
4,ETTh1,96,pfarm,751,MLP,smape,0.074436189030779
4,ETTh1,96,pfarm,1501,DeepNPTS,smape,0.0744045417001773
0,ETTh1,96,iprollcov,1251,DeepNPTS,mse,0.0743998000263788
4,ETTh1,96,identity,N/A,TCN,smape,0.0743877866767626
4,ETTh1,96,iprollcov,751,MLP,smape,0.0743567179676588
4,ETTh1,96,iprollcov,1001,MLP,smape,0.07431264611676
4,ETTh1,96,iprollcov,1501,MLP,smape,0.074306694678811
4,ETTh1,96,iprollcorr,1501,MLP,smape,0.0742705035470302
4,ETTh1,96,iprollcorr,1001,MLP,smape,0.0742333643197562
4,ETTh1,96,pentropy,501,TCN,smape,0.0741758602829266
4,ETTh1,96,pmutual_info,501,TCN,smape,0.0741270173288286
4,ETTh1,96,prollcorr,1501,DeepNPTS,smape,0.0741051274148482
4,ETTh1,96,ipmutual_info,1501,TCN,smape,0.0741029701920033
0,ETTh1,96,pfarm,1251,DeepNPTS,mse,0.0740974368593727
0,ETTh1,96,iprollcorr,1001,NBEATSx,mse,0.0740790193729893
4,ETTh1,96,pmutual_info,1251,TSMixerx,smape,0.0740529496568418
4,ETTh1,96,prollcov,1501,DeepNPTS,smape,0.0739737214753929
4,ETTh1,96,prollcov,501,DeepNPTS,smape,0.0739224041567821
0,ETTh1,96,prollcorr,501,DeepNPTS,mse,0.0738342749097455
0,ETTh1,96,iprollcorr,751,DeepNPTS,mse,0.0738095783713219
4,ETTh1,96,ipentropy,751,DeepNPTS,smape,0.0738011743955659
0,ETTh1,96,ipentropy,1251,TCN,mse,0.0737682528615065
4,ETTh1,96,ipmutual_info,1251,BiTCN,smape,0.0737014792395256
4,ETTh1,96,pentropy,501,BiTCN,smape,0.073694863352706
4,ETTh1,96,prollcorr,501,BiTCN,smape,0.0736786280348508
4,ETTh1,96,prollcorr,1001,BiTCN,smape,0.073668630519416
4,ETTh1,96,prollcorr,1501,BiTCN,smape,0.0736683998930005
4,ETTh1,96,pmutual_info,751,DeepNPTS,smape,0.0736669288115581
4,ETTh1,96,prollcov,501,BiTCN,smape,0.0736414365983291
4,ETTh1,96,ipmutual_info,1001,BiTCN,smape,0.0736404521785754
4,ETTh1,96,prollcorr,1251,BiTCN,smape,0.0736226112684868
4,ETTh1,96,ipmutual_info,1501,BiTCN,smape,0.0736076333868849
4,ETTh1,96,ipmutual_info,751,BiTCN,smape,0.0736054409450163
4,ETTh1,96,prollcov,1501,BiTCN,smape,0.0735971585529826
4,ETTh1,96,pentropy,751,BiTCN,smape,0.0735512309010242
4,ETTh1,96,prollcov,1001,BiTCN,smape,0.0735337186297046
4,ETTh1,96,prollcov,1251,BiTCN,smape,0.073506873669072
4,ETTh1,96,ipmutual_info,501,BiTCN,smape,0.0734803707772072
4,ETTh1,96,prollcov,751,BiTCN,smape,0.0734783493535788
4,ETTh1,96,ipentropy,1251,BiTCN,smape,0.0734679548656181
4,ETTh1,96,ipentropy,1501,BiTCN,smape,0.0734285261033538
4,ETTh1,96,identity,N/A,BiTCN,smape,0.0734043813394497
4,ETTh1,96,pentropy,1501,BiTCN,smape,0.0733921788863334
4,ETTh1,96,prollcorr,751,BiTCN,smape,0.0733878082017462
4,ETTh1,96,pfarm,1251,BiTCN,smape,0.0733836954821746
0,ETTh1,96,pmutual_info,1251,NHITS,mse,0.0733830545701145
4,ETTh1,96,pentropy,1251,BiTCN,smape,0.0733790817924045
4,ETTh1,96,pmutual_info,501,BiTCN,smape,0.0733738022067992
4,ETTh1,96,ipentropy,1001,BiTCN,smape,0.0733582608936704
4,ETTh1,96,ipentropy,751,BiTCN,smape,0.0733551674834125
4,ETTh1,96,iprollcorr,1251,BiTCN,smape,0.073355105150636
0,ETTh1,96,pmutual_info,501,NBEATSx,mse,0.0733447938424269
4,ETTh1,96,pfarm,501,BiTCN,smape,0.0733390983178782
0,ETTh1,96,ipentropy,1501,NHITS,mse,0.0733321395342689
4,ETTh1,96,ipentropy,501,BiTCN,smape,0.0733249979205178
4,ETTh1,96,pfarm,1501,BiTCN,smape,0.0733220008485676
4,ETTh1,96,iprollcov,1251,BiTCN,smape,0.073317249116484
0,ETTh1,96,pfarm,1001,DeepNPTS,mse,0.0733123407134366
4,ETTh1,96,pentropy,1001,BiTCN,smape,0.0733088217100136
4,ETTh1,96,iprollcorr,1001,BiTCN,smape,0.0733075690057006
4,ETTh1,96,pfarm,1001,BiTCN,smape,0.0733059896210039
4,ETTh1,96,iprollcov,1001,BiTCN,smape,0.0733018587840787
4,ETTh1,96,iprollcorr,501,BiTCN,smape,0.0732854645241156
4,ETTh1,96,iprollcov,501,BiTCN,smape,0.0732678040737027
4,ETTh1,96,pmutual_info,1251,BiTCN,smape,0.0732631561057129
4,ETTh1,96,pfarm,751,BiTCN,smape,0.0732623184334412
4,ETTh1,96,ipentropy,1001,DeepNPTS,smape,0.073227312193011
4,ETTh1,96,iprollcov,1501,BiTCN,smape,0.0732127820436757
4,ETTh1,96,iprollcorr,751,BiTCN,smape,0.0732010238397466
4,ETTh1,96,iprollcov,751,BiTCN,smape,0.0731933134093299
0,ETTh1,96,pmutual_info,501,TSMixerx,mse,0.0731927441888821
4,ETTh1,96,pmutual_info,1001,BiTCN,smape,0.0731680760801683
4,ETTh1,96,pmutual_info,1501,BiTCN,smape,0.0731333211588199
4,ETTh1,96,identity,N/A,DeepNPTS,smape,0.0731280304436066
0,ETTh1,96,iprollcov,1001,DeepNPTS,mse,0.0730404913971942
0,ETTh1,96,pentropy,501,NHITS,mse,0.0729958126283693
0,ETTh1,96,identity,N/A,NHITS,mse,0.0729891886740478
0,ETTh1,96,ipmutual_info,1501,NHITS,mse,0.0729827543154583
0,ETTh1,96,pentropy,751,DeepNPTS,mse,0.072966244013027
4,ETTh1,96,ipmutual_info,751,DeepNPTS,smape,0.0728905562335068
4,ETTh1,96,iprollcorr,1501,BiTCN,smape,0.0728780257625035
4,ETTh1,96,pmutual_info,751,BiTCN,smape,0.0728659404937362
0,ETTh1,96,prollcorr,1001,DeepNPTS,mse,0.072841388234384
4,ETTh1,96,iprollcorr,1251,TiDE,smape,0.0728063112247223
4,ETTh1,96,iprollcorr,1501,TiDE,smape,0.0728063112247223
4,ETTh1,96,iprollcov,1251,TiDE,smape,0.0728063112247223
4,ETTh1,96,prollcorr,1501,TiDE,smape,0.0728063112247223
4,ETTh1,96,ipmutual_info,1001,TiDE,smape,0.0728063112247223
4,ETTh1,96,ipmutual_info,1251,TiDE,smape,0.0728063112247223
4,ETTh1,96,ipmutual_info,1501,TiDE,smape,0.0728063112247223
4,ETTh1,96,iprollcorr,751,TiDE,smape,0.0728063112247223
4,ETTh1,96,iprollcorr,1001,TiDE,smape,0.0728063112247223
4,ETTh1,96,prollcorr,1001,TiDE,smape,0.0728063112247223
4,ETTh1,96,pentropy,1001,TiDE,smape,0.0728063112247223
4,ETTh1,96,pentropy,1251,TiDE,smape,0.0728063112247223
4,ETTh1,96,pfarm,751,TiDE,smape,0.0728063112247223
4,ETTh1,96,pfarm,1001,TiDE,smape,0.0728063112247223
4,ETTh1,96,pfarm,1251,TiDE,smape,0.0728063112247223
4,ETTh1,96,iprollcov,501,TiDE,smape,0.0728063112247223
4,ETTh1,96,ipentropy,1501,TiDE,smape,0.0728063112247223
4,ETTh1,96,ipmutual_info,501,TiDE,smape,0.0728063112247223
4,ETTh1,96,iprollcov,1501,TiDE,smape,0.0728063112247223
4,ETTh1,96,ipentropy,501,TiDE,smape,0.0728063112247223
4,ETTh1,96,iprollcov,751,TiDE,smape,0.0728063112247223
4,ETTh1,96,iprollcov,1001,TiDE,smape,0.0728063112247223
4,ETTh1,96,pentropy,501,TiDE,smape,0.0728063112247223
4,ETTh1,96,pentropy,751,TiDE,smape,0.0728063112247223
4,ETTh1,96,pfarm,501,TiDE,smape,0.0728063112247223
4,ETTh1,96,prollcov,751,TiDE,smape,0.0728063112247223
4,ETTh1,96,prollcov,1001,TiDE,smape,0.0728063112247223
4,ETTh1,96,iprollcorr,501,TiDE,smape,0.0728063112247223
4,ETTh1,96,pmutual_info,1251,TiDE,smape,0.0728063112247223
4,ETTh1,96,pfarm,1501,TiDE,smape,0.0728063112247223
4,ETTh1,96,pentropy,1501,TiDE,smape,0.0728063112247223
4,ETTh1,96,identity,N/A,TiDE,smape,0.0728063112247223
4,ETTh1,96,prollcov,1251,TiDE,smape,0.0728063112247223
4,ETTh1,96,prollcov,1501,TiDE,smape,0.0728063112247223
4,ETTh1,96,prollcorr,501,TiDE,smape,0.0728063112247223
4,ETTh1,96,prollcorr,751,TiDE,smape,0.0728063112247223
4,ETTh1,96,prollcov,501,TiDE,smape,0.0728063112247223
4,ETTh1,96,pmutual_info,501,TiDE,smape,0.0728063112247223
4,ETTh1,96,pmutual_info,751,TiDE,smape,0.0728063112247223
4,ETTh1,96,pmutual_info,1001,TiDE,smape,0.0728063112247223
4,ETTh1,96,ipentropy,751,TiDE,smape,0.0728063112247223
4,ETTh1,96,ipmutual_info,751,TiDE,smape,0.0728063112247223
4,ETTh1,96,pmutual_info,1501,TiDE,smape,0.0728063112247223
4,ETTh1,96,ipentropy,1001,TiDE,smape,0.0728063112247223
4,ETTh1,96,ipentropy,1251,TiDE,smape,0.0728063112247223
4,ETTh1,96,prollcorr,1251,TiDE,smape,0.0728063112247223
0,ETTh1,96,ipentropy,1001,NHITS,mse,0.0727222418530844
0,ETTh1,96,iprollcorr,751,NHITS,mse,0.0726994920534365
0,ETTh1,96,prollcorr,1001,NBEATSx,mse,0.0726034384247241
0,ETTh1,96,iprollcorr,1251,DeepNPTS,mse,0.0725943452286769
0,ETTh1,96,pentropy,1251,NHITS,mse,0.0724447969839108
0,ETTh1,96,ipentropy,501,DeepNPTS,mse,0.0724086983896032
0,ETTh1,96,prollcorr,1501,TCN,mse,0.0722844870980804
0,ETTh1,96,pmutual_info,1251,TCN,mse,0.0722248883182178
0,ETTh1,96,ipmutual_info,1501,DeepNPTS,mse,0.0722084408663165
0,ETTh1,96,pmutual_info,1001,DeepNPTS,mse,0.0720557064175389
0,ETTh1,96,iprollcorr,1501,NHITS,mse,0.0720548788724767
0,ETTh1,96,ipentropy,751,TFT,mse,0.0720199560558321
0,ETTh1,96,pfarm,751,DeepNPTS,mse,0.0719792508282608
0,ETTh1,96,pentropy,1251,DeepNPTS,mse,0.0719200191396265
0,ETTh1,96,pmutual_info,501,DeepNPTS,mse,0.0718898753190981
0,ETTh1,96,pentropy,501,DeepNPTS,mse,0.0718662994962276
0,ETTh1,96,pmutual_info,1501,NBEATSx,mse,0.071841176735424
0,ETTh1,96,ipentropy,751,TCN,mse,0.0718130036790268
0,ETTh1,96,ipmutual_info,501,TFT,mse,0.0718106225868858
0,ETTh1,96,pmutual_info,1001,TSMixerx,mse,0.0717598199080317
0,ETTh1,96,ipentropy,1001,TFT,mse,0.0716706552817519
0,ETTh1,96,pentropy,501,TFT,mse,0.0716580707386111
0,ETTh1,96,ipmutual_info,1001,DeepNPTS,mse,0.0715462565256055
0,ETTh1,96,prollcorr,1251,MLP,mse,0.0715453227700228
0,ETTh1,96,pentropy,1501,DeepNPTS,mse,0.0715343867448455
0,ETTh1,96,pfarm,1001,NHITS,mse,0.0715033083514463
0,ETTh1,96,pentropy,1001,DeepNPTS,mse,0.0714975738886012
0,ETTh1,96,pmutual_info,751,TFT,mse,0.0714823430047819
0,ETTh1,96,prollcorr,1251,DeepNPTS,mse,0.071441712762155
0,ETTh1,96,ipentropy,501,TCN,mse,0.071380076440305
0,ETTh1,96,prollcov,1501,TFT,mse,0.0713580643751835
0,ETTh1,96,ipmutual_info,1251,DeepNPTS,mse,0.0713505923768303
0,ETTh1,96,ipentropy,1251,DeepNPTS,mse,0.0713311947918031
0,ETTh1,96,pmutual_info,1001,MLP,mse,0.0712971808677213
0,ETTh1,96,prollcov,1251,TFT,mse,0.0712081013357501
0,ETTh1,96,ipentropy,501,NHITS,mse,0.0711168252622092
0,ETTh1,96,ipentropy,1251,NHITS,mse,0.0710735953533116
0,ETTh1,96,ipentropy,1001,NBEATSx,mse,0.0710724113261126
0,ETTh1,96,ipmutual_info,1251,MLP,mse,0.0710662435104998
0,ETTh1,96,iprollcorr,501,TFT,mse,0.0710424058140381
0,ETTh1,96,iprollcov,1251,TFT,mse,0.0710326332747451
0,ETTh1,96,ipmutual_info,501,TSMixerx,mse,0.071031852026847
0,ETTh1,96,pentropy,1001,TFT,mse,0.0710216599369976
0,ETTh1,96,prollcorr,1501,MLP,mse,0.070964020873709
0,ETTh1,96,ipmutual_info,1001,TFT,mse,0.0709251953655236
0,ETTh1,96,pmutual_info,1501,TFT,mse,0.0709145350623123
0,ETTh1,96,ipentropy,501,TFT,mse,0.0709122203276131
0,ETTh1,96,pfarm,501,DeepNPTS,mse,0.070910050319565
0,ETTh1,96,prollcov,1251,DeepNPTS,mse,0.0709040040324001
0,ETTh1,96,prollcov,501,TSMixerx,mse,0.0708932891452626
0,ETTh1,96,prollcorr,751,DeepNPTS,mse,0.0708760476631227
0,ETTh1,96,pfarm,1251,TFT,mse,0.0708308645270291
0,ETTh1,96,pmutual_info,751,TSMixerx,mse,0.0708093834325462
0,ETTh1,96,prollcorr,501,TFT,mse,0.0708063587908597
0,ETTh1,96,ipentropy,501,TSMixerx,mse,0.0708005315748396
0,ETTh1,96,ipmutual_info,1501,TFT,mse,0.0707996134661955
0,ETTh1,96,ipentropy,1501,TFT,mse,0.0707953267169889
0,ETTh1,96,iprollcov,1001,TSMixerx,mse,0.0707637045704199
0,ETTh1,96,iprollcorr,501,DeepNPTS,mse,0.0707595010649294
0,ETTh1,96,prollcov,751,TFT,mse,0.0707365300132044
0,ETTh1,96,prollcorr,501,TSMixerx,mse,0.0707357073433726
0,ETTh1,96,ipentropy,1251,TFT,mse,0.070733386093047
0,ETTh1,96,prollcorr,1251,TFT,mse,0.0707256219456602
0,ETTh1,96,pmutual_info,1501,TSMixerx,mse,0.0707175751190358
0,ETTh1,96,iprollcorr,1501,TFT,mse,0.0707161259896102
0,ETTh1,96,iprollcov,501,TFT,mse,0.0707097353679426
0,ETTh1,96,prollcorr,751,TFT,mse,0.0707087052889884
0,ETTh1,96,pentropy,501,TSMixerx,mse,0.0706755176609301
0,ETTh1,96,iprollcorr,1001,TFT,mse,0.0706499233803226
0,ETTh1,96,ipmutual_info,751,MLP,mse,0.0706149394789746
0,ETTh1,96,ipmutual_info,751,TSMixerx,mse,0.070599163936835
0,ETTh1,96,prollcov,1251,MLP,mse,0.0705969700820857
0,ETTh1,96,pfarm,751,TSMixerx,mse,0.0705962876282324
0,ETTh1,96,prollcov,1001,DeepNPTS,mse,0.0705943861087958
0,ETTh1,96,iprollcorr,1251,TFT,mse,0.0705817578297212
0,ETTh1,96,ipentropy,1501,TCN,mse,0.0705785132915852
0,ETTh1,96,iprollcov,1501,TFT,mse,0.0705518983689123
0,ETTh1,96,pfarm,751,TFT,mse,0.0705398007976397
0,ETTh1,96,ipmutual_info,751,TFT,mse,0.0705280423436924
0,ETTh1,96,iprollcov,751,TFT,mse,0.0705104494786504
0,ETTh1,96,ipmutual_info,1001,MLP,mse,0.0705076828280031
0,ETTh1,96,pfarm,501,TSMixerx,mse,0.0704965416166319
0,ETTh1,96,ipmutual_info,1501,MLP,mse,0.0704828147312845
0,ETTh1,96,iprollcov,1251,TSMixerx,mse,0.0704780811349045
0,ETTh1,96,pmutual_info,501,TFT,mse,0.0704691652895268
0,ETTh1,96,pentropy,751,MLP,mse,0.0704494752507653
0,ETTh1,96,pmutual_info,1251,TFT,mse,0.0704481321657964
0,ETTh1,96,prollcorr,1501,TFT,mse,0.0704470469237176
0,ETTh1,96,pfarm,1501,TFT,mse,0.0704388671401132
0,ETTh1,96,pfarm,1001,TFT,mse,0.0704344254759735
0,ETTh1,96,pentropy,751,TFT,mse,0.0704170515988404
0,ETTh1,96,prollcov,1251,TSMixerx,mse,0.070401389807356
0,ETTh1,96,pfarm,501,MLP,mse,0.0703891574533265
0,ETTh1,96,ipentropy,1501,MLP,mse,0.070380526190426
0,ETTh1,96,pfarm,501,TFT,mse,0.0703744961742696
0,ETTh1,96,ipentropy,1001,TSMixerx,mse,0.07036869963134
0,ETTh1,96,pfarm,1001,TCN,mse,0.0703629506894212
0,ETTh1,96,ipentropy,751,TSMixerx,mse,0.0703518142720386
0,ETTh1,96,pmutual_info,751,MLP,mse,0.0703336726068271
0,ETTh1,96,iprollcov,751,NHITS,mse,0.0703269941607396
0,ETTh1,96,pfarm,1251,MLP,mse,0.0703264199884176
0,ETTh1,96,pentropy,1001,TSMixerx,mse,0.0703128300689632
0,ETTh1,96,iprollcorr,751,TFT,mse,0.0702977995248023
0,ETTh1,96,iprollcorr,751,MLP,mse,0.0702812681575302
0,ETTh1,96,ipmutual_info,1501,TSMixerx,mse,0.0702787547706388
0,ETTh1,96,pentropy,751,TSMixerx,mse,0.0702723501422048
0,ETTh1,96,pentropy,1251,TFT,mse,0.0702660071025052
0,ETTh1,96,prollcorr,1001,TSMixerx,mse,0.0702606244856327
0,ETTh1,96,iprollcorr,1251,MLP,mse,0.0702285740869958
0,ETTh1,96,prollcorr,751,TSMixerx,mse,0.070217850492145
0,ETTh1,96,iprollcorr,1001,TSMixerx,mse,0.0701961106727971
0,ETTh1,96,prollcov,1001,TSMixerx,mse,0.0701812552756854
0,ETTh1,96,prollcov,1501,TSMixerx,mse,0.0701718239886875
0,ETTh1,96,iprollcov,1001,TFT,mse,0.0701694329218883
0,ETTh1,96,prollcov,751,TSMixerx,mse,0.070168478885852
0,ETTh1,96,pfarm,1501,MLP,mse,0.0701589273110226
0,ETTh1,96,iprollcorr,1001,DeepNPTS,mse,0.0701144714421146
0,ETTh1,96,pmutual_info,1501,DeepNPTS,mse,0.0701101991639738
0,ETTh1,96,prollcorr,1001,MLP,mse,0.070107303346087
0,ETTh1,96,iprollcorr,1251,TSMixerx,mse,0.070092994365107
0,ETTh1,96,pmutual_info,501,MLP,mse,0.0700865307097293
0,ETTh1,96,iprollcorr,501,TSMixerx,mse,0.0700834650924414
0,ETTh1,96,iprollcov,501,TSMixerx,mse,0.0700715474209854
0,ETTh1,96,iprollcorr,501,MLP,mse,0.0700597761869476
0,ETTh1,96,ipentropy,1251,TSMixerx,mse,0.0700495503877149
0,ETTh1,96,pfarm,1251,TSMixerx,mse,0.0700477001255036
0,ETTh1,96,iprollcov,1251,MLP,mse,0.0700445104669561
0,ETTh1,96,prollcorr,1251,TSMixerx,mse,0.0700406252974821
0,ETTh1,96,pmutual_info,1501,MLP,mse,0.0700331395530068
0,ETTh1,96,iprollcov,501,MLP,mse,0.0700324804431633
0,ETTh1,96,identity,N/A,MLP,mse,0.070012999852173
0,ETTh1,96,prollcorr,751,MLP,mse,0.0699987886836113
0,ETTh1,96,prollcov,1001,TFT,mse,0.0699944565919287
0,ETTh1,96,pfarm,1501,TSMixerx,mse,0.0699870415646086
0,ETTh1,96,pentropy,1501,MLP,mse,0.069987022273102
0,ETTh1,96,pentropy,1251,TSMixerx,mse,0.0699735512558589
0,ETTh1,96,pentropy,1251,MLP,mse,0.0699643448316474
0,ETTh1,96,ipentropy,1001,MLP,mse,0.069937663224068
0,ETTh1,96,prollcorr,1001,TFT,mse,0.0699290610688137
0,ETTh1,96,prollcov,751,MLP,mse,0.0699263426116598
0,ETTh1,96,identity,N/A,TSMixerx,mse,0.0699212732532451
0,ETTh1,96,ipmutual_info,1001,TSMixerx,mse,0.0699118671740886
0,ETTh1,96,ipentropy,501,MLP,mse,0.0699068611662566
0,ETTh1,96,iprollcorr,1501,MLP,mse,0.0699023888215836
0,ETTh1,96,pfarm,1001,MLP,mse,0.0699019570967545
0,ETTh1,96,identity,N/A,TFT,mse,0.0698944185401479
0,ETTh1,96,pentropy,1001,MLP,mse,0.0698928537023043
0,ETTh1,96,prollcov,751,TCN,mse,0.0698735516873889
0,ETTh1,96,prollcov,501,TFT,mse,0.0698727272833666
0,ETTh1,96,ipentropy,751,MLP,mse,0.0698646708752114
0,ETTh1,96,ipmutual_info,501,MLP,mse,0.0698472195881484
0,ETTh1,96,prollcov,1501,MLP,mse,0.0698325909882176
0,ETTh1,96,prollcorr,1501,TSMixerx,mse,0.0698293188826104
0,ETTh1,96,ipmutual_info,1251,TFT,mse,0.0698201777628116
0,ETTh1,96,iprollcov,1501,MLP,mse,0.0698143036175034
0,ETTh1,96,ipmutual_info,1251,TSMixerx,mse,0.0698058417988035
0,ETTh1,96,pmutual_info,1251,MLP,mse,0.0698021954981957
0,ETTh1,96,iprollcov,751,MLP,mse,0.0697893480228779
0,ETTh1,96,iprollcov,1501,TSMixerx,mse,0.069745183259109
0,ETTh1,96,prollcorr,751,TCN,mse,0.069734464740361
0,ETTh1,96,ipentropy,1501,TSMixerx,mse,0.069731919423344
0,ETTh1,96,pmutual_info,1001,TFT,mse,0.0696584798827995
0,ETTh1,96,iprollcov,751,TSMixerx,mse,0.069606968571701
0,ETTh1,96,iprollcov,1001,MLP,mse,0.0695983291529129
0,ETTh1,96,prollcorr,501,MLP,mse,0.0695921092587738
0,ETTh1,96,pfarm,1001,TSMixerx,mse,0.0695676344513101
0,ETTh1,96,identity,N/A,TCN,mse,0.0695635904216386
0,ETTh1,96,prollcov,501,MLP,mse,0.0695421018793473
0,ETTh1,96,prollcov,1001,MLP,mse,0.0695231434775937
0,ETTh1,96,iprollcorr,1001,MLP,mse,0.0695007263319757
0,ETTh1,96,pfarm,751,MLP,mse,0.0695007238782158
0,ETTh1,96,pmutual_info,1251,TSMixerx,mse,0.0694791474516505
0,ETTh1,96,pmutual_info,501,TCN,mse,0.069421969282894
0,ETTh1,96,pentropy,1501,TFT,mse,0.0694209131831352
0,ETTh1,96,ipmutual_info,1501,TCN,mse,0.0693228578179012
0,ETTh1,96,ipentropy,1251,MLP,mse,0.0693027493488893
0,ETTh1,96,pentropy,501,MLP,mse,0.0692895455473704
0,ETTh1,96,pfarm,1501,DeepNPTS,mse,0.0692637946781234
0,ETTh1,96,iprollcorr,1501,TSMixerx,mse,0.0692593376213967
0,ETTh1,96,iprollcorr,751,TSMixerx,mse,0.06922907089507
0,ETTh1,96,pentropy,1501,TSMixerx,mse,0.069228710853595
0,ETTh1,96,pentropy,501,TCN,mse,0.0691478209768852
0,ETTh1,96,ipentropy,1501,DeepNPTS,mse,0.0690340014836103
0,ETTh1,96,iprollcorr,1501,DeepNPTS,mse,0.0689649805606699
0,ETTh1,96,ipmutual_info,1251,BiTCN,mse,0.0688988371290607
0,ETTh1,96,prollcorr,1501,BiTCN,mse,0.0687020349559858
0,ETTh1,96,prollcorr,1501,DeepNPTS,mse,0.0686962196040428
0,ETTh1,96,ipmutual_info,1501,BiTCN,mse,0.0686916091024122
0,ETTh1,96,prollcov,1501,DeepNPTS,mse,0.068650950816386
0,ETTh1,96,ipmutual_info,1001,BiTCN,mse,0.068645103289193
0,ETTh1,96,prollcov,1501,BiTCN,mse,0.0686447584756289
0,ETTh1,96,ipmutual_info,751,BiTCN,mse,0.0685941552370848
0,ETTh1,96,prollcorr,1001,BiTCN,mse,0.0685928969580381
0,ETTh1,96,prollcorr,501,BiTCN,mse,0.0685872192030471
0,ETTh1,96,pmutual_info,751,DeepNPTS,mse,0.0685625566744507
0,ETTh1,96,pentropy,501,BiTCN,mse,0.0685491129455805
0,ETTh1,96,prollcov,501,BiTCN,mse,0.0685456017596071
0,ETTh1,96,ipentropy,1501,BiTCN,mse,0.0685001000521509
0,ETTh1,96,prollcov,1001,BiTCN,mse,0.0684782180146341
0,ETTh1,96,prollcorr,1251,BiTCN,mse,0.0684614969745504
0,ETTh1,96,ipmutual_info,501,BiTCN,mse,0.0684464812766886
0,ETTh1,96,pentropy,751,BiTCN,mse,0.0684252032034224
0,ETTh1,96,prollcov,1251,BiTCN,mse,0.068423994091429
0,ETTh1,96,ipentropy,1251,BiTCN,mse,0.0683704037115243
0,ETTh1,96,pfarm,1251,BiTCN,mse,0.0683467012053109
0,ETTh1,96,prollcorr,751,BiTCN,mse,0.0683302572401041
0,ETTh1,96,prollcov,751,BiTCN,mse,0.0683269741536914
0,ETTh1,96,prollcov,501,DeepNPTS,mse,0.0683235399010282
0,ETTh1,96,identity,N/A,BiTCN,mse,0.0683205239557995
0,ETTh1,96,ipentropy,751,BiTCN,mse,0.0683200122767053
0,ETTh1,96,iprollcorr,1251,BiTCN,mse,0.0683141527118467
0,ETTh1,96,pentropy,1501,BiTCN,mse,0.0683087788710041
0,ETTh1,96,ipentropy,751,DeepNPTS,mse,0.0683054661018044
0,ETTh1,96,pfarm,1501,BiTCN,mse,0.0682969629959244
0,ETTh1,96,pfarm,1001,BiTCN,mse,0.0682921706880845
0,ETTh1,96,pentropy,1251,BiTCN,mse,0.0682708334611276
0,ETTh1,96,iprollcov,1501,BiTCN,mse,0.0682543924342125
0,ETTh1,96,iprollcorr,751,BiTCN,mse,0.0682422310303068
0,ETTh1,96,pmutual_info,501,BiTCN,mse,0.0682417954085212
0,ETTh1,96,ipentropy,501,BiTCN,mse,0.0682304060740832
0,ETTh1,96,pfarm,501,BiTCN,mse,0.0682076534706504
0,ETTh1,96,iprollcov,1251,BiTCN,mse,0.0682039606676634
0,ETTh1,96,pentropy,1001,BiTCN,mse,0.0681944133007944
0,ETTh1,96,iprollcorr,501,BiTCN,mse,0.0681930317940779
0,ETTh1,96,iprollcov,501,BiTCN,mse,0.068170883662496
0,ETTh1,96,iprollcorr,1001,BiTCN,mse,0.0681638600098199
0,ETTh1,96,ipentropy,1001,BiTCN,mse,0.068163599000038
0,ETTh1,96,pfarm,751,BiTCN,mse,0.0681311980359734
0,ETTh1,96,iprollcov,751,BiTCN,mse,0.0680401108868915
0,ETTh1,96,pmutual_info,1251,BiTCN,mse,0.0680322429664547
0,ETTh1,96,iprollcov,1001,BiTCN,mse,0.0680180529896859
0,ETTh1,96,iprollcorr,1501,BiTCN,mse,0.0679402261512834
0,ETTh1,96,pmutual_info,1501,BiTCN,mse,0.0678848609012918
0,ETTh1,96,pmutual_info,751,BiTCN,mse,0.0676841710424671
0,ETTh1,96,ipmutual_info,751,DeepNPTS,mse,0.0676398324890523
0,ETTh1,96,pmutual_info,1001,BiTCN,mse,0.067623039590116
0,ETTh1,96,ipentropy,1001,DeepNPTS,mse,0.0674837336121972
0,ETTh1,96,identity,N/A,DeepNPTS,mse,0.0667872873280503
0,ETTh1,96,ipentropy,1001,TiDE,mse,0.0667446277714453
0,ETTh1,96,ipentropy,1251,TiDE,mse,0.0667446277714453
0,ETTh1,96,prollcov,1001,TiDE,mse,0.0667446277714453
0,ETTh1,96,prollcov,1501,TiDE,mse,0.0667446277714453
0,ETTh1,96,pmutual_info,1501,TiDE,mse,0.0667446277714453
0,ETTh1,96,iprollcorr,501,TiDE,mse,0.0667446277714453
0,ETTh1,96,ipmutual_info,1001,TiDE,mse,0.0667446277714453
0,ETTh1,96,iprollcorr,1251,TiDE,mse,0.0667446277714453
0,ETTh1,96,pfarm,751,TiDE,mse,0.0667446277714453
0,ETTh1,96,pmutual_info,751,TiDE,mse,0.0667446277714453
0,ETTh1,96,pmutual_info,1001,TiDE,mse,0.0667446277714453
0,ETTh1,96,iprollcorr,1501,TiDE,mse,0.0667446277714453
0,ETTh1,96,ipmutual_info,1251,TiDE,mse,0.0667446277714453
0,ETTh1,96,iprollcorr,1001,TiDE,mse,0.0667446277714453
0,ETTh1,96,pfarm,1501,TiDE,mse,0.0667446277714453
0,ETTh1,96,pfarm,501,TiDE,mse,0.0667446277714453
0,ETTh1,96,iprollcorr,751,TiDE,mse,0.0667446277714453
0,ETTh1,96,pfarm,1251,TiDE,mse,0.0667446277714453
0,ETTh1,96,pfarm,1001,TiDE,mse,0.0667446277714453
0,ETTh1,96,iprollcov,1001,TiDE,mse,0.0667446277714453
0,ETTh1,96,iprollcov,751,TiDE,mse,0.0667446277714453
0,ETTh1,96,iprollcov,501,TiDE,mse,0.0667446277714453
0,ETTh1,96,pentropy,751,TiDE,mse,0.0667446277714453
0,ETTh1,96,pentropy,501,TiDE,mse,0.0667446277714453
0,ETTh1,96,ipmutual_info,501,TiDE,mse,0.0667446277714453
0,ETTh1,96,ipmutual_info,751,TiDE,mse,0.0667446277714453
0,ETTh1,96,prollcorr,501,TiDE,mse,0.0667446277714453
0,ETTh1,96,pmutual_info,1251,TiDE,mse,0.0667446277714453
0,ETTh1,96,ipentropy,501,TiDE,mse,0.0667446277714453
0,ETTh1,96,ipentropy,751,TiDE,mse,0.0667446277714453
0,ETTh1,96,pentropy,1501,TiDE,mse,0.0667446277714453
0,ETTh1,96,pmutual_info,501,TiDE,mse,0.0667446277714453
0,ETTh1,96,pentropy,1001,TiDE,mse,0.0667446277714453
0,ETTh1,96,pentropy,1251,TiDE,mse,0.0667446277714453
0,ETTh1,96,iprollcov,1501,TiDE,mse,0.0667446277714453
0,ETTh1,96,ipmutual_info,1501,TiDE,mse,0.0667446277714453
0,ETTh1,96,prollcorr,751,TiDE,mse,0.0667446277714453
0,ETTh1,96,iprollcov,1251,TiDE,mse,0.0667446277714453
0,ETTh1,96,prollcorr,1001,TiDE,mse,0.0667446277714453
0,ETTh1,96,identity,N/A,TiDE,mse,0.0667446277714453
0,ETTh1,96,prollcov,1251,TiDE,mse,0.0667446277714453
0,ETTh1,96,prollcov,751,TiDE,mse,0.0667446277714453
0,ETTh1,96,ipentropy,1501,TiDE,mse,0.0667446277714453
0,ETTh1,96,prollcov,501,TiDE,mse,0.0667446277714453
0,ETTh1,96,prollcorr,1501,TiDE,mse,0.0667446277714453
0,ETTh1,96,prollcorr,1251,TiDE,mse,0.0667446277714453
4,ETTh1,336,pmutual_info,1001,LSTM,smape,0.0
4,ETTh1,336,prollcorr,751,LSTM,smape,0.0
4,ETTh1,336,prollcorr,1001,LSTM,smape,0.0
4,ETTh1,336,prollcorr,1251,LSTM,smape,0.0
4,ETTh1,336,prollcorr,1501,LSTM,smape,0.0
4,ETTh1,336,prollcov,501,LSTM,smape,0.0
4,ETTh1,336,identity,N/A,LSTM,smape,0.0
4,ETTh1,336,prollcov,751,LSTM,smape,0.0
4,ETTh1,336,prollcov,1251,LSTM,smape,0.0
4,ETTh1,336,prollcov,1501,LSTM,smape,0.0
4,ETTh1,336,iprollcov,751,LSTM,smape,0.0
4,ETTh1,336,iprollcov,1001,LSTM,smape,0.0
4,ETTh1,336,iprollcov,1501,LSTM,smape,0.0
4,ETTh1,336,prollcov,1251,GRU,smape,0.0
4,ETTh1,336,ipmutual_info,751,LSTM,smape,0.0
4,ETTh1,336,iprollcorr,1251,GRU,smape,0.0
4,ETTh1,336,pfarm,1251,LSTM,smape,0.0
4,ETTh1,336,ipentropy,1501,LSTM,smape,0.0
4,ETTh1,336,pmutual_info,1251,LSTM,smape,0.0
4,ETTh1,336,iprollcorr,501,LSTM,smape,0.0
4,ETTh1,336,iprollcorr,751,LSTM,smape,0.0
4,ETTh1,336,ipentropy,501,LSTM,smape,0.0
4,ETTh1,336,ipentropy,751,LSTM,smape,0.0
4,ETTh1,336,ipentropy,1001,LSTM,smape,0.0
4,ETTh1,336,ipentropy,1251,LSTM,smape,0.0
0,ETTh1,336,prollcov,1251,GRU,mse,
1,ETTh1,336,prollcov,1251,GRU,mae,
2,ETTh1,336,prollcov,1251,GRU,rmse,
3,ETTh1,336,prollcov,1251,GRU,mape,
0,ETTh1,336,iprollcorr,1251,GRU,mse,
1,ETTh1,336,iprollcorr,1251,GRU,mae,
2,ETTh1,336,iprollcorr,1251,GRU,rmse,
3,ETTh1,336,iprollcorr,1251,GRU,mape,
0,ETTh1,336,identity,N/A,LSTM,mse,
1,ETTh1,336,identity,N/A,LSTM,mae,
2,ETTh1,336,identity,N/A,LSTM,rmse,
3,ETTh1,336,identity,N/A,LSTM,mape,
0,ETTh1,336,pfarm,1251,LSTM,mse,
1,ETTh1,336,pfarm,1251,LSTM,mae,
2,ETTh1,336,pfarm,1251,LSTM,rmse,
3,ETTh1,336,pfarm,1251,LSTM,mape,
0,ETTh1,336,prollcorr,751,LSTM,mse,
1,ETTh1,336,prollcorr,751,LSTM,mae,
2,ETTh1,336,prollcorr,751,LSTM,rmse,
3,ETTh1,336,prollcorr,751,LSTM,mape,
0,ETTh1,336,prollcorr,1001,LSTM,mse,
1,ETTh1,336,prollcorr,1001,LSTM,mae,
2,ETTh1,336,prollcorr,1001,LSTM,rmse,
3,ETTh1,336,prollcorr,1001,LSTM,mape,
0,ETTh1,336,prollcorr,1251,LSTM,mse,
1,ETTh1,336,prollcorr,1251,LSTM,mae,
2,ETTh1,336,prollcorr,1251,LSTM,rmse,
3,ETTh1,336,prollcorr,1251,LSTM,mape,
0,ETTh1,336,prollcorr,1501,LSTM,mse,
1,ETTh1,336,prollcorr,1501,LSTM,mae,
2,ETTh1,336,prollcorr,1501,LSTM,rmse,
3,ETTh1,336,prollcorr,1501,LSTM,mape,
0,ETTh1,336,prollcov,501,LSTM,mse,
1,ETTh1,336,prollcov,501,LSTM,mae,
2,ETTh1,336,prollcov,501,LSTM,rmse,
3,ETTh1,336,prollcov,501,LSTM,mape,
0,ETTh1,336,prollcov,751,LSTM,mse,
1,ETTh1,336,prollcov,751,LSTM,mae,
2,ETTh1,336,prollcov,751,LSTM,rmse,
3,ETTh1,336,prollcov,751,LSTM,mape,
0,ETTh1,336,prollcov,1251,LSTM,mse,
1,ETTh1,336,prollcov,1251,LSTM,mae,
2,ETTh1,336,prollcov,1251,LSTM,rmse,
3,ETTh1,336,prollcov,1251,LSTM,mape,
0,ETTh1,336,prollcov,1501,LSTM,mse,
1,ETTh1,336,prollcov,1501,LSTM,mae,
2,ETTh1,336,prollcov,1501,LSTM,rmse,
3,ETTh1,336,prollcov,1501,LSTM,mape,
0,ETTh1,336,pmutual_info,1001,LSTM,mse,
1,ETTh1,336,pmutual_info,1001,LSTM,mae,
2,ETTh1,336,pmutual_info,1001,LSTM,rmse,
3,ETTh1,336,pmutual_info,1001,LSTM,mape,
0,ETTh1,336,pmutual_info,1251,LSTM,mse,
1,ETTh1,336,pmutual_info,1251,LSTM,mae,
2,ETTh1,336,pmutual_info,1251,LSTM,rmse,
3,ETTh1,336,pmutual_info,1251,LSTM,mape,
0,ETTh1,336,iprollcorr,501,LSTM,mse,
1,ETTh1,336,iprollcorr,501,LSTM,mae,
2,ETTh1,336,iprollcorr,501,LSTM,rmse,
3,ETTh1,336,iprollcorr,501,LSTM,mape,
0,ETTh1,336,iprollcorr,751,LSTM,mse,
1,ETTh1,336,iprollcorr,751,LSTM,mae,
2,ETTh1,336,iprollcorr,751,LSTM,rmse,
3,ETTh1,336,iprollcorr,751,LSTM,mape,
0,ETTh1,336,iprollcov,751,LSTM,mse,
1,ETTh1,336,iprollcov,751,LSTM,mae,
2,ETTh1,336,iprollcov,751,LSTM,rmse,
3,ETTh1,336,iprollcov,751,LSTM,mape,
0,ETTh1,336,iprollcov,1001,LSTM,mse,
1,ETTh1,336,iprollcov,1001,LSTM,mae,
2,ETTh1,336,iprollcov,1001,LSTM,rmse,
3,ETTh1,336,iprollcov,1001,LSTM,mape,
0,ETTh1,336,iprollcov,1501,LSTM,mse,
1,ETTh1,336,iprollcov,1501,LSTM,mae,
2,ETTh1,336,iprollcov,1501,LSTM,rmse,
3,ETTh1,336,iprollcov,1501,LSTM,mape,
0,ETTh1,336,ipentropy,501,LSTM,mse,
1,ETTh1,336,ipentropy,501,LSTM,mae,
2,ETTh1,336,ipentropy,501,LSTM,rmse,
3,ETTh1,336,ipentropy,501,LSTM,mape,
0,ETTh1,336,ipentropy,751,LSTM,mse,
1,ETTh1,336,ipentropy,751,LSTM,mae,
2,ETTh1,336,ipentropy,751,LSTM,rmse,
3,ETTh1,336,ipentropy,751,LSTM,mape,
0,ETTh1,336,ipentropy,1001,LSTM,mse,
1,ETTh1,336,ipentropy,1001,LSTM,mae,
2,ETTh1,336,ipentropy,1001,LSTM,rmse,
3,ETTh1,336,ipentropy,1001,LSTM,mape,
0,ETTh1,336,ipentropy,1251,LSTM,mse,
1,ETTh1,336,ipentropy,1251,LSTM,mae,
2,ETTh1,336,ipentropy,1251,LSTM,rmse,
3,ETTh1,336,ipentropy,1251,LSTM,mape,
0,ETTh1,336,ipentropy,1501,LSTM,mse,
1,ETTh1,336,ipentropy,1501,LSTM,mae,
2,ETTh1,336,ipentropy,1501,LSTM,rmse,
3,ETTh1,336,ipentropy,1501,LSTM,mape,
0,ETTh1,336,ipmutual_info,751,LSTM,mse,
1,ETTh1,336,ipmutual_info,751,LSTM,mae,
2,ETTh1,336,ipmutual_info,751,LSTM,rmse,
3,ETTh1,336,ipmutual_info,751,LSTM,mape,
